Name,d,nsiteA,nsiteB,dT,dP,absT,absP,SALI
2FTL_E_I,1,1,1,-12.934665441513063,-10.42465591430664,12.934665441513063,10.42465591430664,12.934665441513063
2FTL_E_I,1,1,1,12.338883161544798,7.592247009277344,12.338883161544798,7.592247009277344,12.338883161544798
2FTL_E_I,1,1,1,12.0851571559906,12.118907928466797,12.0851571559906,12.118907928466797,12.0851571559906
2FTL_E_I,1,1,1,-11.753890752792358,-6.8982391357421875,11.753890752792358,6.8982391357421875,11.753890752792358
2FTL_E_I,1,1,1,11.179922819137573,8.430217742919922,11.179922819137573,8.430217742919922,11.179922819137573
1CHO_EFG_I,1,1,1,11.026978731155396,5.718090057373047,11.026978731155396,5.718090057373047,11.026978731155396
2FTL_E_I,1,1,1,10.98150372505188,9.165931701660156,10.98150372505188,9.165931701660156,10.98150372505188
1CHO_EFG_I,1,1,1,10.492854475975037,5.019378662109375,10.492854475975037,5.019378662109375,10.492854475975037
1CHO_EFG_I,1,1,1,-10.303653001785278,-6.1509552001953125,10.303653001785278,6.1509552001953125,10.303653001785278
2FTL_E_I,1,1,1,10.006446599960327,10.543041229248047,10.006446599960327,10.543041229248047,10.006446599960327
2FTL_E_I,1,1,1,9.953082799911499,8.471614837646484,9.953082799911499,8.471614837646484,9.953082799911499
2FTL_E_I,1,1,1,9.446542501449585,6.082939147949219,9.446542501449585,6.082939147949219,9.446542501449585
1CHO_EFG_I,1,1,1,9.426551580429077,3.523952484130859,9.426551580429077,3.523952484130859,9.426551580429077
2FTL_E_I,1,1,1,9.364220380783081,8.006458282470703,9.364220380783081,8.006458282470703,9.364220380783081
2FTL_E_I,1,1,1,-9.24655795097351,-7.9728546142578125,9.24655795097351,7.9728546142578125,9.24655795097351
1R0R_E_I,1,1,1,-9.03403389453888,-5.721378326416016,9.03403389453888,5.721378326416016,9.03403389453888
1CHO_EFG_I,1,1,1,8.981241941452026,1.0428047180175772,8.981241941452026,1.0428047180175772,8.981241941452026
1CHO_EFG_I,1,1,1,8.892427325248718,2.8252410888671875,8.892427325248718,2.8252410888671875,8.892427325248718
1CHO_EFG_I,1,1,1,8.70322585105896,3.956817626953125,8.70322585105896,3.956817626953125,8.70322585105896
2FTL_E_I,1,1,1,8.615544080734253,9.32278823852539,8.615544080734253,9.32278823852539,8.615544080734253
3SGB_E_I,1,1,1,-8.459233965724707,-7.766319274902344,8.459233965724707,7.766319274902344,8.459233965724707
1CHO_EFG_I,1,1,1,8.449545413255692,7.925905227661133,8.449545413255692,7.925905227661133,8.449545413255692
1CHO_EFG_I,1,1,1,8.447117686271667,0.3440933227539058,8.447117686271667,0.3440933227539058,8.447117686271667
1CHO_EFG_I,1,1,1,8.38460747897625,5.604698181152344,8.38460747897625,5.604698181152344,8.38460747897625
1PPF_E_I,1,1,1,8.346371233463287,1.3932743072509766,8.346371233463287,1.3932743072509766,8.346371233463287
1CHO_EFG_I,1,1,1,-8.310446500778198,-0.8852157592773433,8.310446500778198,0.8852157592773433,8.310446500778198
2FTL_E_I,1,1,1,8.306357622146606,9.38665771484375,8.306357622146606,9.38665771484375,8.306357622146606
1PPF_E_I,1,1,1,-8.277064383029938,5.758953094482422,8.277064383029938,5.758953094482422,8.277064383029938
2FTL_E_I,1,1,1,8.274812459945679,6.435657501220703,8.274812459945679,6.435657501220703,8.274812459945679
1CHO_EFG_I,1,1,1,8.25791621208191,1.4756698608398435,8.25791621208191,1.4756698608398435,8.25791621208191
1R0R_E_I,1,1,1,-8.203986942768097,-7.312204360961914,8.203986942768097,7.312204360961914,8.203986942768097
1CHO_EFG_I,1,1,1,8.173294693231583,5.3313446044921875,8.173294693231583,5.3313446044921875,8.173294693231583
1PPF_E_I,1,1,1,8.106152653694153,2.5988407135009766,8.106152653694153,2.5988407135009766,8.106152653694153
1PPF_E_I,1,1,1,-8.036845803260803,4.553386688232422,8.036845803260803,4.553386688232422,8.036845803260803
3SGB_E_I,1,1,1,-7.992560833692551,-8.231222152709961,7.992560833692551,8.231222152709961,7.992560833692551
3SGB_E_I,1,1,1,-7.962268888950348,-6.829952239990234,7.962268888950348,6.829952239990234,7.962268888950348
1PPF_E_I,1,1,1,-7.917424738407135,1.5163326263427734,7.917424738407135,1.5163326263427734,7.917424738407135
1CBW_FGH_I,1,1,1,7.912289142608643,2.8574981689453125,7.912289142608643,2.8574981689453125,7.912289142608643
1CHO_EFG_I,1,1,1,7.8812034130096436,4.614444732666016,7.8812034130096436,4.614444732666016,7.8812034130096436
1PPF_E_I,1,1,1,7.796316921710968,1.2194805145263672,7.796316921710968,1.2194805145263672,7.796316921710968
1CHO_EFG_I,1,1,1,-7.776322245597839,-0.18650436401367188,7.776322245597839,0.18650436401367188,7.776322245597839
1R0R_E_I,1,1,1,-7.773481369018555,-3.4057064056396484,7.773481369018555,3.4057064056396484,7.773481369018555
1CBW_FGH_I,1,1,1,7.731837749481201,2.8608322143554688,7.731837749481201,2.8608322143554688,7.731837749481201
3SGB_E_I,1,1,1,-7.708109594881535,-7.090579986572266,7.708109594881535,7.090579986572266,7.708109594881535
1PPF_E_I,1,1,1,-7.703011564910412,-4.341901779174805,7.703011564910412,4.341901779174805,7.703011564910412
1PPF_E_I,1,1,1,-7.686816871166229,-5.638130187988281,7.686816871166229,5.638130187988281,7.686816871166229
1PPF_E_I,1,1,1,-7.6772061586380005,0.31076622009277344,7.6772061586380005,0.31076622009277344,7.6772061586380005
3SGB_E_I,1,1,1,7.64293934777379,6.882137298583984,7.64293934777379,6.882137298583984,7.64293934777379
1PPF_E_I,1,1,1,-7.633704714477062,2.810325622558594,7.633704714477062,2.810325622558594,7.633704714477062
3SGB_E_I,1,1,1,-7.630723409354687,-6.705787658691406,7.630723409354687,6.705787658691406,7.630723409354687
2FTL_E_I,1,1,1,7.609649896621704,6.701648712158203,7.609649896621704,6.701648712158203,7.609649896621704
2PYE_ABC_DE,1,7,6,7.607646703720093,-0.21001052856445312,7.607646703720093,0.21001052856445312,7.607646703720093
1PPF_E_I,1,2,1,7.5919744074344635,3.1567001342773433,7.5919744074344635,3.1567001342773433,7.5919744074344635
1CHO_EFG_I,1,1,1,-7.587120771408081,-1.3180809020996096,7.587120771408081,1.3180809020996096,7.587120771408081
1R0R_E_I,1,1,1,-7.5704220831394196,-4.9468994140625,7.5704220831394196,4.9468994140625,7.5704220831394196
1PPF_E_I,1,1,1,-7.5641555190086365,-5.850399017333984,7.5641555190086365,5.850399017333984,7.5641555190086365
3SGB_E_I,1,1,1,7.556925982236862,7.000659942626953,7.556925982236862,7.000659942626953,7.556925982236862
1PPF_E_I,1,1,1,7.5560983419418335,2.425046920776367,7.5560983419418335,2.425046920776367,7.5560983419418335
1R0R_E_I,1,1,1,-7.527964264154434,-4.0628509521484375,7.527964264154434,4.0628509521484375,7.527964264154434
1PPF_E_I,1,1,1,-7.51685243844986,-5.941612243652344,7.51685243844986,5.941612243652344,7.51685243844986
1R0R_E_I,1,1,1,7.486552469432354,5.443656921386719,7.486552469432354,5.443656921386719,7.486552469432354
1R0R_E_I,1,1,1,-7.486552469432354,-6.305366516113281,7.486552469432354,6.305366516113281,7.486552469432354
1R0R_E_I,1,1,1,-7.471434593200684,-1.7122173309326172,7.471434593200684,1.7122173309326172,7.471434593200684
1PPF_E_I,1,1,1,-7.465184032917023,-6.054586410522461,7.465184032917023,6.054586410522461,7.465184032917023
3SGB_E_I,1,1,1,7.456519201397896,7.026817321777344,7.456519201397896,7.026817321777344,7.456519201397896
3SGB_E_I,1,1,1,-7.456519201397896,-6.927562713623047,7.456519201397896,6.927562713623047,7.456519201397896
1R0R_E_I,1,1,1,7.440956749022007,4.9197235107421875,7.440956749022007,4.9197235107421875,7.440956749022007
3SGB_E_I,1,1,1,7.440956711769104,7.108917236328125,7.440956711769104,7.108917236328125,7.440956711769104
2FTL_E_I,1,1,1,7.439449071884155,7.622989654541016,7.439449071884155,7.622989654541016,7.439449071884155
1R0R_E_I,1,1,1,7.406849376857281,5.2069549560546875,7.406849376857281,5.2069549560546875,7.406849376857281
3SGB_E_I,1,1,1,7.406849354505539,6.832927703857422,7.406849354505539,6.832927703857422,7.406849354505539
3SGB_E_I,1,1,1,7.39050480723381,6.685779571533203,7.39050480723381,6.685779571533203,7.39050480723381
3SGB_E_I,1,1,1,7.3726405799388885,6.670581817626953,7.3726405799388885,6.670581817626953,7.3726405799388885
1PPF_E_I,1,1,1,7.368671476840973,-5.8223724365234375,7.368671476840973,5.8223724365234375,7.368671476840973
3SGB_E_I,1,1,1,-7.35340341925621,-6.973636627197266,7.35340341925621,6.973636627197266,7.35340341925621
1CHO_EFG_I,1,1,1,7.339055061340332,4.059539794921875,7.339055061340332,4.059539794921875,7.339055061340332
1R0R_E_I,1,1,1,7.3299983739852905,1.622140884399414,7.3299983739852905,1.622140884399414,7.3299983739852905
4JFE_ABC_DE,1,1,2,-7.322838842868805,-5.812566757202148,7.322838842868805,5.812566757202148,7.322838842868805
4JFD_ABC_DE,1,2,1,7.322838604450226,7.764991760253905,7.322838604450226,7.764991760253905,7.322838604450226
1R0R_E_I,1,1,1,-7.285493016242981,-1.1658401489257812,7.285493016242981,1.1658401489257812,7.285493016242981
1R0R_E_I,1,1,1,-7.275476723909378,-5.764209747314453,7.275476723909378,5.764209747314453,7.275476723909378
1R0R_E_I,1,1,1,7.275476723909378,5.24970817565918,7.275476723909378,5.24970817565918,7.275476723909378
1PPF_E_I,1,1,1,-7.2740650698542595,-1.4322948455810545,7.2740650698542595,1.4322948455810545,7.2740650698542595
1R0R_E_I,1,1,1,-7.270103812217712,-1.4706993103027344,7.270103812217712,1.4706993103027344,7.270103812217712
1R0R_E_I,1,1,1,-7.2675803154706955,-3.476991653442383,7.2675803154706955,3.476991653442383,7.2675803154706955
1CBW_FGH_I,1,1,1,7.255459785461426,3.398181915283203,7.255459785461426,3.398181915283203,7.255459785461426
1R0R_E_I,1,1,1,-7.240916341543198,-8.15500259399414,7.240916341543198,8.15500259399414,7.240916341543198
1PPF_E_I,1,1,1,-7.238575518131256,-5.819280624389648,7.238575518131256,5.819280624389648,7.238575518131256
3SGB_E_I,1,1,1,-7.23074209690094,-6.871669769287109,7.23074209690094,6.871669769287109,7.23074209690094
3SGB_E_I,1,1,1,7.23074209690094,6.880649566650391,7.23074209690094,6.880649566650391,7.23074209690094
1CHO_EFG_I,1,1,1,7.21192479133606,-0.5640068054199223,7.21192479133606,0.5640068054199223,7.21192479133606
1R0R_E_I,1,1,1,7.208097890019417,5.605430603027344,7.208097890019417,5.605430603027344,7.208097890019417
1PPF_E_I,1,1,1,7.204128801822662,-2.216411590576172,7.204128801822662,2.216411590576172,7.204128801822662
1PPF_E_I,1,1,1,-7.198233723640442,-6.25471305847168,7.198233723640442,6.25471305847168,7.198233723640442
1R0R_E_I,1,1,1,-7.1834390461444855,-5.676750183105469,7.1834390461444855,5.676750183105469,7.1834390461444855
1R0R_E_I,1,1,1,7.158402130007744,5.517377853393555,7.158402130007744,5.517377853393555,7.158402130007744
1PPF_E_I,1,1,1,7.1529572531580925,4.168107986450195,7.1529572531580925,4.168107986450195,7.1529572531580925
3SGB_E_I,1,1,1,-7.131770551204681,-6.763893127441406,7.131770551204681,6.763893127441406,7.131770551204681
1PPF_E_I,1,1,1,7.128452897071838,-4.6168060302734375,7.128452897071838,4.6168060302734375,7.128452897071838
1R0R_E_I,1,1,1,-7.118077754974365,-5.015745162963867,7.118077754974365,5.015745162963867,7.118077754974365
1R0R_E_I,1,1,1,-7.094396650791168,-4.697981834411621,7.094396650791168,4.697981834411621,7.094396650791168
1CHO_EFG_I,1,1,1,7.0742456912994385,-1.305850982666016,7.0742456912994385,1.305850982666016,7.0742456912994385
3SGB_E_I,1,1,1,-7.071826457977295,-7.720436096191406,7.071826457977295,7.720436096191406,7.071826457977295
1R0R_E_I,1,1,1,-7.070715546607971,-7.942710876464844,7.070715546607971,7.942710876464844,7.070715546607971
1CHO_EFG_I,1,1,1,7.0559680461883545,3.6365833282470703,7.0559680461883545,3.6365833282470703,7.0559680461883545
1PPF_E_I,1,1,1,-7.055178999900818,-5.943838119506836,7.055178999900818,5.943838119506836,7.055178999900818
1R0R_E_I,1,1,1,7.045862823724747,4.926828384399414,7.045862823724747,4.926828384399414,7.045862823724747
1R0R_E_I,1,1,1,7.045862823724747,5.602973937988281,7.045862823724747,5.602973937988281,7.045862823724747
3SGB_E_I,1,1,1,-7.045862793922424,-7.0180816650390625,7.045862793922424,7.0180816650390625,7.045862793922424
3HFM_HL_Y,1,1,2,-7.041085163752238,-4.596133550008138,7.041085163752238,4.596133550008138,7.041085163752238
1R0R_E_I,1,1,1,-7.027951598167419,0.07134819030761719,7.027951598167419,0.07134819030761719,7.027951598167419
1R0R_E_I,1,1,1,7.018599957227707,7.015474319458008,7.018599957227707,7.015474319458008,7.018599957227707
3SGB_E_I,1,1,1,-7.013001203536987,-6.779060363769531,7.013001203536987,6.779060363769531,7.013001203536987
1R0R_E_I,1,1,1,-6.98344624042511,0.5276489257812501,6.98344624042511,0.5276489257812501,6.98344624042511
1R0R_E_I,1,1,1,-6.968057036399841,0.22278976440429688,6.968057036399841,0.22278976440429688,6.968057036399841
1PPF_E_I,1,1,1,6.963910222053528,-1.0108451843261719,6.963910222053528,1.0108451843261719,6.963910222053528
1R0R_E_I,1,1,1,-6.943694204092026,-5.8826904296875,6.943694204092026,5.8826904296875,6.943694204092026
1R0R_E_I,1,1,1,-6.943694204092026,-5.294891357421875,6.943694204092026,5.294891357421875,6.943694204092026
1PPF_E_I,1,1,1,6.880031645298004,2.8503570556640616,6.880031645298004,2.8503570556640616,6.880031645298004
1CBW_FGH_I,1,1,1,6.868217587471008,3.6232833862304688,6.868217587471008,3.6232833862304688,6.868217587471008
1R0R_E_I,1,1,1,6.864820301532745,5.758003234863281,6.864820301532745,5.758003234863281,6.864820301532745
1CHO_EFG_I,1,1,1,6.849118262529373,5.731767654418945,6.849118262529373,5.731767654418945,6.849118262529373
1R0R_E_I,1,1,1,-6.820855617523193,-2.4106407165527344,6.820855617523193,2.4106407165527344,6.820855617523193
2JEL_LH_P,1,1,1,6.820855617523193,-0.17310523986816406,6.820855617523193,0.17310523986816406,6.820855617523193
1CBW_FGH_I,1,1,1,-6.797977924346924,-1.7902336120605469,6.797977924346924,1.7902336120605469,6.797977924346924
1PPF_E_I,1,1,1,-6.786748103797436,-5.239177703857422,6.786748103797436,5.239177703857422,6.786748103797436
3SGB_E_I,1,1,1,-6.769838213920593,-7.2064666748046875,6.769838213920593,7.2064666748046875,6.769838213920593
1R0R_E_I,1,1,1,-6.7662491500377655,-2.3303604125976562,6.7662491500377655,2.3303604125976562,6.7662491500377655
3SGB_E_I,1,1,1,6.731968998908997,6.162174224853516,6.731968998908997,6.162174224853516,6.731968998908997
1PPF_E_I,1,1,1,6.725311808288097,-2.8737449645996094,6.725311808288097,2.8737449645996094,6.725311808288097
1PPF_E_I,1,1,1,-6.72391289845109,-6.091663360595703,6.72391289845109,6.091663360595703,6.72391289845109
1PPF_E_I,1,1,1,-6.72391289845109,-5.717451095581055,6.72391289845109,5.717451095581055,6.72391289845109
1CBW_FGH_I,1,1,1,6.712601542472839,3.2437744140625,6.712601542472839,3.2437744140625,6.712601542472839
1CHO_EFG_I,1,1,1,6.709941625595093,-1.4833259582519536,6.709941625595093,1.4833259582519536,6.709941625595093
1CHO_EFG_I,1,1,1,-6.704104661941528,-0.6657905578613277,6.704104661941528,0.6657905578613277,6.704104661941528
1PPF_E_I,1,1,1,-6.698016881942749,-2.5055484771728516,6.698016881942749,2.5055484771728516,6.698016881942749
1CHO_EFG_I,1,1,1,6.677800536155701,-1.2627182006835938,6.677800536155701,1.2627182006835938,6.677800536155701
1PPF_E_I,1,1,1,6.63981306552887,4.055923461914062,6.63981306552887,4.055923461914062,6.63981306552887
1PPF_E_I,1,1,1,-6.628710031509399,4.646678924560547,6.628710031509399,4.646678924560547,6.628710031509399
1CHO_EFG_I,1,1,1,-6.626641511917114,-6.744457244873047,6.626641511917114,6.744457244873047,6.626641511917114
1CBW_FGH_I,1,1,1,-6.617526531219482,-1.7935676574707031,6.617526531219482,1.7935676574707031,6.617526531219482
1CHO_EFG_I,1,1,1,6.598419189453125,1.3131713867187496,6.598419189453125,1.3131713867187496,6.598419189453125
1PPF_E_I,1,1,1,-6.5965277552604675,-2.282650947570801,6.5965277552604675,2.282650947570801,6.5965277552604675
4JFE_ABC_DE,1,1,2,-6.595266118645668,-3.6132030487060542,6.595266118645668,3.6132030487060542,6.595266118645668
4JFD_ABC_DE,1,2,1,6.5952658876776695,7.4346580505371085,6.5952658876776695,7.4346580505371085,6.5952658876776695
3SGB_E_I,1,1,1,6.580636620521545,6.848670959472656,6.580636620521545,6.848670959472656,6.580636620521545
3SGB_E_I,1,1,1,6.577307820320129,5.275592803955078,6.577307820320129,5.275592803955078,6.577307820320129
1R0R_E_I,1,1,1,6.567180275917053,5.430835723876953,6.567180275917053,5.430835723876953,6.567180275917053
1PPF_E_I,1,1,1,-6.560769133269787,-0.732215881347656,6.560769133269787,0.732215881347656,6.560769133269787
1CBW_FGH_I,1,1,1,6.5481181144714355,1.6229019165039062,6.5481181144714355,1.6229019165039062,6.5481181144714355
1CHO_EFG_I,1,1,1,6.54012143611908,-2.0045623779296875,6.54012143611908,2.0045623779296875,6.54012143611908
4JFE_ABC_DE,1,2,1,6.534448459744453,3.540164947509765,6.534448459744453,3.540164947509765,6.534448459744453
4JFD_ABC_DE,1,2,1,6.534448232501745,8.147045135498047,6.534448232501745,8.147045135498047,6.534448232501745
1PPF_E_I,1,1,1,-6.527220904827118,4.869576454162598,6.527220904827118,4.869576454162598,6.527220904827118
4JFE_ABC_DE,1,1,2,-6.518215887248516,-3.213586807250976,6.518215887248516,3.213586807250976,6.518215887248516
1R0R_E_I,1,1,1,-6.500572919845581,-1.8725385665893555,6.500572919845581,1.8725385665893555,6.500572919845581
1CHO_EFG_I,1,1,1,6.498628854751587,-0.2595329284667973,6.498628854751587,0.2595329284667973,6.498628854751587
1PPF_E_I,1,1,1,-6.497516706585884,-5.1795806884765625,6.497516706585884,5.1795806884765625,6.497516706585884
1PPF_E_I,1,1,1,-6.497516706585884,-5.671144485473633,6.497516706585884,5.671144485473633,6.497516706585884
1CHO_EFG_I,1,1,1,-6.488599061965942,0.13114166259765603,6.488599061965942,0.13114166259765603,6.488599061965942
1PPF_E_I,1,1,1,-6.484937638044357,-5.613271713256836,6.484937638044357,5.613271713256836,6.484937638044357
1BRS_A_D,1,1,2,-6.469195485115051,-5.245401382446289,6.469195485115051,5.245401382446289,6.469195485115051
1CHO_EFG_I,1,1,1,-6.456387758255005,-3.254413604736328,6.456387758255005,3.254413604736328,6.456387758255005
1R0R_E_I,1,1,1,6.445106089115143,5.413991928100586,6.445106089115143,5.413991928100586,6.445106089115143
4JFD_ABC_DE,1,2,1,6.429625280201435,7.728103637695312,6.429625280201435,7.728103637695312,6.429625280201435
1PPF_E_I,1,1,1,6.425769627094269,-1.420365333557129,6.425769627094269,1.420365333557129,6.425769627094269
1CHO_EFG_I,1,1,1,6.403808623552322,3.2506198883056636,6.403808623552322,3.2506198883056636,6.403808623552322
1R0R_E_I,1,1,1,6.377372622489929,0.6270751953125,6.377372622489929,0.6270751953125,6.377372622489929
1PPF_E_I,1,1,1,-6.376091688871384,-5.211820602416992,6.376091688871384,5.211820602416992,6.376091688871384
1BRS_A_D,1,1,2,-6.372583150863649,-2.0389919281005855,6.372583150863649,2.0389919281005855,6.372583150863649
1PPF_E_I,1,1,1,6.371426641941071,5.778873443603516,6.371426641941071,5.778873443603516,6.371426641941071
1R0R_E_I,1,1,1,-6.368968367576599,-3.716218948364258,6.368968367576599,3.716218948364258,6.368968367576599
1CBW_FGH_I,1,1,1,6.367666721343994,1.6262359619140625,6.367666721343994,1.6262359619140625,6.367666721343994
1CHO_EFG_I,1,1,1,-6.350919961929321,0.8729858398437498,6.350919961929321,0.8729858398437498,6.350919961929321
1R0R_E_I,1,1,1,-6.33286726474762,-0.17077445983886708,6.33286726474762,0.17077445983886708,6.33286726474762
1R0R_E_I,1,1,1,-6.317478060722351,-0.4756336212158203,6.317478060722351,0.4756336212158203,6.317478060722351
1PPF_E_I,1,1,1,-6.302119791507721,1.373353958129883,6.302119791507721,1.373353958129883,6.302119791507721
1PPF_E_I,1,1,1,-6.28594970703125,-5.341211318969727,6.28594970703125,5.341211318969727,6.28594970703125
1BRS_A_D,1,2,1,6.277997016906738,5.031013488769531,6.277997016906738,5.031013488769531,6.277997016906738
1PPF_E_I,1,1,1,-6.269070386886597,0.40405845642089844,6.269070386886597,0.40405845642089844,6.269070386886597
1BRS_A_D,1,1,2,-6.268363192677498,-5.186868667602539,6.268363192677498,5.186868667602539,6.268363192677498
1PPF_E_I,1,1,1,-6.2447190284729,-5.413354873657227,6.2447190284729,5.413354873657227,6.2447190284729
1PPF_E_I,1,1,1,-6.236671976745129,-5.79898452758789,6.236671976745129,5.79898452758789,6.236671976745129
1CHO_EFG_I,1,1,1,-6.23167872428894,-1.5985336303710933,6.23167872428894,1.5985336303710933,6.23167872428894
4JFE_ABC_DE,1,1,2,-6.198886334896088,-3.478410720825195,6.198886334896088,3.478410720825195,6.198886334896088
4JFD_ABC_DE,1,1,2,-6.1988860964775085,-7.2841453552246085,6.1988860964775085,7.2841453552246085,6.1988860964775085
1R0R_E_I,1,1,1,-6.19852614402771,-0.17904949188232422,6.19852614402771,0.17904949188232422,6.19852614402771
3SGB_E_I,1,1,1,-6.188601698726416,-5.2874908447265625,6.188601698726416,5.2874908447265625,6.188601698726416
1R0R_E_I,1,1,1,-6.187337398529053,-4.012964248657227,6.187337398529053,4.012964248657227,6.187337398529053
1MAH_A_F,1,2,1,6.186471462249756,0.2984771728515625,6.186471462249756,0.2984771728515625,6.186471462249756
1PPF_E_I,1,1,1,6.185551047325134,-0.2147989273071289,6.185551047325134,0.2147989273071289,6.185551047325134
1PPF_E_I,1,1,1,6.184135749936104,2.92584228515625,6.184135749936104,2.92584228515625,6.184135749936104
1PPF_E_I,1,1,1,6.184135749936104,3.6149959564208984,6.184135749936104,3.6149959564208984,6.184135749936104
1CHO_EFG_I,1,1,1,6.175817370414734,-2.182037353515625,6.175817370414734,2.182037353515625,6.175817370414734
1CHO_EFG_I,1,1,1,-6.169980406761169,0.03292083740234375,6.169980406761169,0.03292083740234375,6.169980406761169
1PPF_E_I,1,1,1,-6.167581260204315,0.6269559860229492,6.167581260204315,0.6269559860229492,6.167581260204315
1R0R_E_I,1,1,1,-6.163793206214905,-8.0064697265625,6.163793206214905,8.0064697265625,6.163793206214905
1CHO_EFG_I,1,1,1,-6.159471273422241,-8.456562042236328,6.159471273422241,8.456562042236328,6.159471273422241
1PPF_E_I,1,1,1,6.14796257019043,2.331754684448242,6.14796257019043,2.331754684448242,6.14796257019043
1B3S_A_D,1,1,2,6.145795524120331,6.286258697509766,6.145795524120331,6.286258697509766,6.145795524120331
1CBW_FGH_I,1,1,1,-6.141148567199707,-2.3309173583984375,6.141148567199707,2.3309173583984375,6.141148567199707
1PPF_E_I,1,1,1,-6.127644419670105,-5.622411727905273,6.127644419670105,5.622411727905273,6.127644419670105
1R0R_E_I,1,1,1,-6.116490125656128,-3.384490966796875,6.116490125656128,3.384490966796875,6.116490125656128
3SGB_E_I,1,1,1,6.107559397816658,7.046062469482422,6.107559397816658,7.046062469482422,6.107559397816658
1A4Y_A_B,1,1,2,-6.107559323310852,-0.5923194885253906,6.107559323310852,0.5923194885253906,6.107559323310852
1PPF_E_I,1,1,1,-6.101012885570526,-6.466653823852539,6.101012885570526,6.466653823852539,6.101012885570526
1CHO_EFG_I,1,2,3,-6.085450649261475,-4.480915069580078,6.085450649261475,4.480915069580078,6.085450649261475
1CBW_FGH_I,1,1,1,6.0673253536224365,1.3295402526855469,6.0673253536224365,1.3295402526855469,6.0673253536224365
1R0R_E_I,1,1,1,-6.066921591758728,-2.0227298736572266,6.066921591758728,2.0227298736572266,6.066921591758728
1CHO_EFG_I,1,1,1,6.064294934272766,0.6144599914550781,6.064294934272766,0.6144599914550781,6.064294934272766
1PPF_E_I,1,1,1,6.046473443508148,2.1088571548461914,6.046473443508148,2.1088571548461914,6.046473443508148
1R0R_E_I,1,1,1,-6.037422776222229,-7.22540283203125,6.037422776222229,7.22540283203125,6.037422776222229
1CHO_EFG_I,1,1,1,-6.023129388689995,-4.242197036743164,6.023129388689995,4.242197036743164,6.023129388689995
1CHO_EFG_I,1,1,1,6.022186994552612,3.6053237915039062,6.022186994552612,3.6053237915039062,6.022186994552612
1CHO_EFG_I,1,1,1,6.022186994552612,2.8371200561523438,6.022186994552612,2.8371200561523438,6.022186994552612
1R0R_E_I,1,1,1,-6.013949483633041,-1.434804916381836,6.013949483633041,1.434804916381836,6.013949483633041
1BRS_A_D,1,1,2,-5.999542832374572,-5.5052032470703125,5.999542832374572,5.5052032470703125,5.999542832374572
1R0R_E_I,1,1,1,5.987086743116379,3.5099639892578125,5.987086743116379,3.5099639892578125,5.987086743116379
1CHO_EFG_I,1,1,1,-5.986615896224976,1.0504608154296873,5.986615896224976,1.0504608154296873,5.986615896224976
1CHO_EFG_I,1,1,1,-5.980778932571411,-1.098655700683594,5.980778932571411,1.098655700683594,5.980778932571411
1R0R_E_I,1,1,1,5.980612725019456,2.0396366119384766,5.980612725019456,2.0396366119384766,5.980612725019456
1CHO_EFG_I,1,1,1,5.964504599571228,-0.9582443237304688,5.964504599571228,0.9582443237304688,5.964504599571228
1PPF_E_I,1,1,1,5.958312094211578,-1.269571304321289,5.958312094211578,1.269571304321289,5.958312094211578
1PPF_E_I,1,1,1,-5.942480146884918,-2.8692665100097656,5.942480146884918,2.8692665100097656,5.942480146884918
1PPF_E_I,1,1,1,-5.937477380037308,-3.680957794189453,5.937477380037308,3.680957794189453,5.937477380037308
1PPF_E_I,1,1,1,-5.937477380037308,-2.9918041229248047,5.937477380037308,2.9918041229248047,5.937477380037308
1MAH_A_F,1,2,1,5.918257236480713,0.3200817108154297,5.918257236480713,0.3200817108154297,5.918257236480713
1PPF_E_I,1,1,1,5.902378618717194,-5.516807556152344,5.902378618717194,5.516807556152344,5.902378618717194
3SGB_E_I,1,1,1,-5.900840997695923,-6.292827606201172,5.900840997695923,6.292827606201172,5.900840997695923
1CBW_FGH_I,1,1,1,5.891288757324219,2.163585662841797,5.891288757324219,2.163585662841797,5.891288757324219
1CBW_FGH_I,1,1,1,5.891288697719574,7.2597198486328125,5.891288697719574,7.2597198486328125,5.891288697719574
3SGB_E_I,1,1,1,5.887597531080246,7.325019836425781,5.887597531080246,7.325019836425781,5.887597531080246
1CBW_FGH_I,1,1,1,5.886873960494995,1.3328742980957031,5.886873960494995,1.3328742980957031,5.886873960494995
1R0R_E_I,1,1,1,-5.88563072681427,-4.089824676513672,5.88563072681427,4.089824676513672,5.88563072681427
1R0R_E_I,1,1,1,5.87658354640007,2.081998825073242,5.87658354640007,2.081998825073242,5.87658354640007
1CHO_EFG_I,1,1,1,5.875093460083008,1.7460365295410158,5.875093460083008,1.7460365295410158,5.875093460083008
1R0R_E_I,1,1,1,5.838714569807053,1.589242935180664,5.838714569807053,1.589242935180664,5.838714569807053
1R0R_E_I,1,1,1,5.838714569807053,2.7432785034179688,5.838714569807053,2.7432785034179688,5.838714569807053
1Z7X_W_X,1,1,1,5.8353085815906525,2.2550010681152344,5.8353085815906525,2.2550010681152344,5.8353085815906525
1R0R_E_I,1,1,1,-5.828808605670929,0.03565025329589844,5.828808605670929,0.03565025329589844,5.828808605670929
3HFM_HL_Y,1,1,1,5.824060022830963,0.561309814453125,5.824060022830963,0.561309814453125,5.824060022830963
1PPF_E_I,1,1,1,5.821372330188751,5.605079650878906,5.821372330188751,5.605079650878906,5.821372330188751
1CHO_EFG_I,1,1,1,-5.811816602945328,-3.968843460083008,5.811816602945328,3.968843460083008,5.811816602945328
1A4Y_A_B,1,1,2,-5.809019923210144,-4.300390243530273,5.809019923210144,4.300390243530273,5.809019923210144
1CHO_EFG_I,1,1,1,-5.801193952560425,-5.732276916503906,5.801193952560425,5.732276916503906,5.801193952560425
1R0R_E_I,1,1,1,-5.785071969032288,-2.5402889251708984,5.785071969032288,2.5402889251708984,5.785071969032288
1PPF_E_I,1,1,1,-5.782409958541393,-1.528262138366699,5.782409958541393,1.528262138366699,5.782409958541393
1CHO_EFG_I,1,1,1,5.77530312538147,0.17333221435546897,5.77530312538147,0.17333221435546897,5.77530312538147
1BRS_A_D,1,1,2,-5.772589325904846,-2.5204830169677734,5.772589325904846,2.5204830169677734,5.772589325904846
1BRS_A_D,1,2,1,5.755224108695984,2.0832901000976562,5.755224108695984,2.0832901000976562,5.755224108695984
1CBW_FGH_I,1,1,1,-5.7539063692092896,-2.556018829345703,5.7539063692092896,2.556018829345703,5.7539063692092896
3HFM_HL_Y,1,1,1,-5.73870575428009,-2.951852798461914,5.73870575428009,2.951852798461914,5.73870575428009
1CHO_EFG_I,1,1,1,-5.733013182878494,-3.0930309295654297,5.733013182878494,3.0930309295654297,5.733013182878494
1PPF_E_I,1,1,1,5.7251152992248535,1.4192008972167969,5.7251152992248535,1.4192008972167969,5.7251152992248535
3SGB_E_I,1,1,1,-5.72192856669426,-5.75239372253418,5.72192856669426,5.75239372253418,5.72192856669426
1PPF_E_I,1,1,1,5.720317125320435,-4.7100982666015625,5.720317125320435,4.7100982666015625,5.720317125320435
1PPF_E_I,1,1,1,-5.718093514442444,0.06400489807128906,5.718093514442444,0.06400489807128906,5.718093514442444
1R0R_E_I,1,1,1,-5.71190270781517,0.25868415832519537,5.71190270781517,0.25868415832519537,5.71190270781517
1PPF_E_I,1,1,1,5.699720621109009,1.653879165649414,5.699720621109009,1.653879165649414,5.699720621109009
1CHO_EFG_I,1,1,1,5.6975544691085815,0.8998222351074219,5.6975544691085815,0.8998222351074219,5.6975544691085815
1CHO_EFG_I,1,1,1,5.6966071128845215,2.8444595336914062,5.6966071128845215,2.8444595336914062,5.6966071128845215
1JTG_A_B,1,2,1,5.683478020131588,1.3597440719604492,5.683478020131588,1.3597440719604492,5.683478020131588
3SGB_E_I,1,1,1,5.682048048824072,5.365947723388672,5.682048048824072,5.365947723388672,5.682048048824072
1BRS_A_D,1,2,1,5.681903526186943,5.954883575439453,5.681903526186943,5.954883575439453,5.681903526186943
1PPF_E_I,1,1,1,5.662160038948059,-4.311241149902344,5.662160038948059,4.311241149902344,5.662160038948059
1CHO_EFG_I,1,1,1,5.6562652587890625,2.494853973388672,5.6562652587890625,2.494853973388672,5.6562652587890625
1BRS_A_D,1,1,2,-5.6502286940813065,-2.515832901000977,5.6502286940813065,2.515832901000977,5.6502286940813065
1BRS_A_D,1,1,2,-5.6272135972976685,-0.7039470672607422,5.6272135972976685,0.7039470672607422,5.6272135972976685
1PPF_E_I,1,1,1,-5.618827998638153,4.932995796203613,5.618827998638153,4.932995796203613,5.618827998638153
1A4Y_A_B,1,2,1,5.617792010307312,0.7406902313232422,5.617792010307312,0.7406902313232422,5.617792010307312
1PPF_E_I,1,1,1,5.6067609786987305,1.2973823547363281,5.6067609786987305,1.2973823547363281,5.6067609786987305
1CBW_FGH_I,1,1,1,-5.603077411651611,0.12368392944335938,5.603077411651611,0.12368392944335938,5.603077411651611
1BRS_A_D,1,1,2,-5.60215151309967,-4.678934097290039,5.60215151309967,4.678934097290039,5.60215151309967
1CBW_FGH_I,1,1,1,-5.598290324211121,-2.1765098571777344,5.598290324211121,2.1765098571777344,5.598290324211121
1R0R_E_I,1,1,1,-5.588353157043457,-2.6200294494628906,5.588353157043457,2.6200294494628906,5.588353157043457
1CHO_EFG_I,1,1,1,5.582104206085205,0.39443588256835893,5.582104206085205,0.39443588256835893,5.582104206085205
1PPF_E_I,1,1,1,5.581366300582886,1.5320606231689453,5.581366300582886,1.5320606231689453,5.581366300582886
1CSE_E_I,1,1,1,5.576670169830322,0.8940315246582031,5.576670169830322,0.8940315246582031,5.576670169830322
1CHO_EFG_I,1,4,4,-5.57503867149353,-0.8553276062011719,5.57503867149353,0.8553276062011719,5.57503867149353
1CHO_EFG_I,1,1,1,5.564938306808472,2.5899276733398438,5.564938306808472,2.5899276733398438,5.564938306808472
1PPF_E_I,1,1,1,-5.555774450302124,1.1041374206542969,5.555774450302124,1.1041374206542969,5.555774450302124
1R0R_E_I,1,1,1,-5.54794716835022,-0.8774728775024414,5.54794716835022,0.8774728775024414,5.54794716835022
1CHO_EFG_I,1,1,1,5.546765327453613,6.973333358764648,5.546765327453613,6.973333358764648,5.546765327453613
1R0R_E_I,1,1,1,-5.537064075469971,-1.739288330078125,5.537064075469971,1.739288330078125,5.537064075469971
1R0R_E_I,1,1,1,-5.531148910522461,-4.206827163696289,5.531148910522461,4.206827163696289,5.531148910522461
1R0R_E_I,1,1,1,5.526879280805588,1.8578319549560547,5.526879280805588,1.8578319549560547,5.526879280805588
1CHO_EFG_I,1,1,1,-5.519725322723389,-3.251943588256836,5.519725322723389,3.251943588256836,5.519725322723389
3SGB_E_I,2,1,1,11.033441543579102,9.115776062011719,11.033441543579102,9.115776062011719,5.516720771789551
3SGB_E_I,2,1,1,-11.017985343933105,-9.141132354736328,11.017985343933105,9.141132354736328,5.508992671966553
1CHO_EFG_I,1,1,1,-5.508352994918823,-2.0313987731933594,5.508352994918823,2.0313987731933594,5.508352994918823
1CBW_FGH_I,1,1,1,5.504046559333801,2.3886871337890625,5.504046559333801,2.3886871337890625,5.504046559333801
2FTL_E_I,1,1,1,-5.495216369628908,-2.801666259765625,5.495216369628908,2.801666259765625,5.495216369628908
3HFM_HL_Y,1,1,1,5.486039698123932,0.8052406311035156,5.486039698123932,0.8052406311035156,5.486039698123932
1CHO_EFG_I,1,1,1,5.480213403701782,-1.255243301391602,5.480213403701782,1.255243301391602,5.480213403701782
3SGB_E_I,1,1,1,-5.473114967346191,-5.675565719604492,5.473114967346191,5.675565719604492,5.473114967346191
3HFM_HL_Y,1,1,2,-5.465601364771525,-2.5387547810872397,5.465601364771525,2.5387547810872397,5.465601364771525
1CHO_EFG_I,2,3,1,10.913369178771973,4.929981231689453,10.913369178771973,4.929981231689453,5.456684589385986
1PPF_E_I,1,1,1,-5.4542853236198425,1.3270349502563477,5.4542853236198425,1.3270349502563477,5.4542853236198425
1CHO_EFG_I,1,1,1,-5.44487452507019,-5.3236541748046875,5.44487452507019,5.3236541748046875,5.44487452507019
1CBW_FGH_I,1,1,1,-5.42262601852417,0.12034988403320312,5.42262601852417,0.12034988403320312,5.42262601852417
1R0R_E_I,1,1,1,-5.416342616081238,-2.7211532592773438,5.416342616081238,2.7211532592773438,5.416342616081238
3SGB_E_I,1,1,1,-5.411562204360962,-5.5303497314453125,5.411562204360962,5.5303497314453125,5.411562204360962
1CHO_EFG_I,1,1,1,-5.411088943481445,-3.0012130737304688,5.411088943481445,3.0012130737304688,5.411088943481445
1CBW_FGH_I,1,1,1,-5.41049599647522,-1.8702239990234375,5.41049599647522,1.8702239990234375,5.41049599647522
1CHO_EFG_I,1,1,1,-5.400217771530151,-2.1648788452148438,5.400217771530151,2.1648788452148438,5.400217771530151
1BRS_A_D,1,1,2,-5.39836323261261,-1.6328201293945312,5.39836323261261,1.6328201293945312,5.39836323261261
1CHO_EFG_I,2,1,1,10.790723085403442,3.5214424133300777,10.790723085403442,3.5214424133300777,5.395361542701721
1PPF_E_I,1,8,7,5.393789768218994,2.4346847534179688,5.393789768218994,2.4346847534179688,5.393789768218994
1PPF_E_I,1,1,1,5.393726885318756,-1.4367733001708984,5.393726885318756,1.4367733001708984,5.393726885318756
1CHO_EFG_I,1,1,1,5.389542818069458,1.8090705871582031,5.389542818069458,1.8090705871582031,5.389542818069458
1B2U_A_D,1,1,2,5.3809494972229,4.121204376220703,5.3809494972229,4.121204376220703,5.3809494972229
1B2S_A_D,1,1,2,5.3809493482112885,3.353841781616211,5.3809493482112885,3.353841781616211,5.3809493482112885
1CHO_EFG_I,2,1,1,10.727236151695251,8.007942199707031,10.727236151695251,8.007942199707031,5.363618075847626
1CBW_FGH_I,1,1,1,5.348430514335632,2.0091781616210938,5.348430514335632,2.0091781616210938,5.348430514335632
1PPF_E_I,2,1,1,10.691440105438232,6.287885665893555,10.691440105438232,6.287885665893555,5.345720052719116
1R0R_E_I,1,1,1,5.334835767745972,2.502492904663086,5.334835767745972,2.502492904663086,5.334835767745972
1JTG_A_B,1,1,2,-5.325963497161865,0.4234943389892578,5.325963497161865,0.4234943389892578,5.325963497161865
2FTL_E_I,1,1,1,-5.325015544891359,-3.7230072021484375,5.325015544891359,3.7230072021484375,5.325015544891359
1R0R_E_I,1,1,1,-5.323416024446487,-3.110343933105469,5.323416024446487,3.110343933105469,5.323416024446487
1BRS_A_D,1,1,2,-5.31926155090332,-1.2074565887451172,5.31926155090332,1.2074565887451172,5.31926155090332
1CHO_EFG_I,2,1,1,-10.63590919971466,-7.796287536621094,10.63590919971466,7.796287536621094,5.31795459985733
1JTG_A_B,1,2,1,5.317700743675232,0.0073947906494140625,5.317700743675232,0.0073947906494140625,5.317700743675232
1JTG_A_B,1,2,1,5.316051423549652,1.3282794952392578,5.316051423549652,1.3282794952392578,5.316051423549652
1R0R_E_I,1,1,1,-5.315983772277832,-4.183021545410156,5.315983772277832,4.183021545410156,5.315983772277832
1PPF_E_I,1,1,1,-5.314952425658703,-1.6790561676025388,5.314952425658703,1.6790561676025388,5.314952425658703
1PPF_E_I,1,3,4,-5.312978088855743,0.9669151306152344,5.312978088855743,0.9669151306152344,5.312978088855743
1PPF_E_I,2,1,1,-10.622133255004883,0.864341735839844,10.622133255004883,0.864341735839844,5.311066627502441
1R0R_E_I,1,1,1,5.301068544387817,5.125307083129883,5.301068544387817,5.125307083129883,5.301068544387817
1CHO_EFG_I,2,2,1,10.591141939163208,4.8055572509765625,10.591141939163208,4.8055572509765625,5.295570969581604
1BRS_A_D,1,1,2,-5.287287428975105,-0.7395648956298828,5.287287428975105,0.7395648956298828,5.287287428975105
1PPF_E_I,2,1,1,10.57308578491211,6.166067123413086,10.57308578491211,6.166067123413086,5.286542892456055
1PPF_E_I,2,1,1,-10.53685474395752,-6.135612487792969,10.53685474395752,6.135612487792969,5.26842737197876
3SGB_E_I,1,1,1,5.263768672943115,4.142040252685547,5.263768672943115,4.142040252685547,5.263768672943115
1BRS_A_D,1,1,2,-5.262795448303223,-4.966650009155273,5.262795448303223,4.966650009155273,5.262795448303223
1CHO_EFG_I,1,1,1,-5.261587858200073,-2.2206230163574214,5.261587858200073,2.2206230163574214,5.261587858200073
1PPF_E_I,1,1,1,-5.259018950164318,2.5681800842285156,5.259018950164318,2.5681800842285156,5.259018950164318
1PPF_E_I,2,1,1,10.50377893447876,-0.9861602783203128,10.50377893447876,0.9861602783203128,5.25188946723938
1CHO_EFG_I,2,1,1,10.490980505943298,5.8112945556640625,10.490980505943298,5.8112945556640625,5.245490252971649
3SGB_E_I,1,1,1,-5.241124391555786,-5.294105529785156,5.241124391555786,5.294105529785156,5.241124391555786
1BRS_A_D,1,2,1,5.23655104637146,1.866119384765625,5.23655104637146,1.866119384765625,5.23655104637146
1PPF_E_I,2,1,1,-10.46754789352417,1.01661491394043,10.46754789352417,1.01661491394043,5.233773946762085
1PPF_E_I,1,1,1,-5.231677293777466,-3.9626312255859366,5.231677293777466,3.9626312255859366,5.231677293777466
1PPF_E_I,1,1,1,5.229184210300446,2.169187545776367,5.229184210300446,2.169187545776367,5.229184210300446
1CHO_EFG_I,1,1,1,5.225784778594971,-0.014186859130859819,5.225784778594971,0.014186859130859819,5.225784778594971
1CHO_EFG_I,1,1,1,5.223315238952637,7.1769256591796875,5.223315238952637,7.1769256591796875,5.223315238952637
3SGB_E_I,1,1,1,-5.215374916791916,-5.830850601196289,5.215374916791916,5.830850601196289,5.215374916791916
1CHO_EFG_I,2,1,1,-10.399653553962708,-5.599639892578125,10.399653553962708,5.599639892578125,5.199826776981354
3SGB_E_I,2,1,1,-10.394873023033142,-7.93328857421875,10.394873023033142,7.93328857421875,5.197436511516571
1CHO_EFG_I,1,1,1,5.180148363113403,7.080345153808594,5.180148363113403,7.080345153808594,5.180148363113403
1CBW_FGH_I,1,1,1,5.170632891356945,2.603099822998047,5.170632891356945,2.603099822998047,5.170632891356945
1BRS_A_D,1,2,1,5.162569522857666,2.0183334350585938,5.162569522857666,2.0183334350585938,5.162569522857666
1YQV_HL_Y,1,4,5,5.156161333123843,-0.13976923624674464,5.156161333123843,0.13976923624674464,5.156161333123843
1BRS_A_D,1,1,2,-5.15404486656189,-4.295818328857422,5.15404486656189,4.295818328857422,5.15404486656189
1R0R_E_I,1,1,1,5.144870162010193,0.8364639282226562,5.144870162010193,0.8364639282226562,5.144870162010193
1CHO_EFG_I,2,1,1,-10.278616070747375,-8.455375671386719,10.278616070747375,8.455375671386719,5.139308035373688
3SGB_E_I,2,1,1,10.272072792053223,7.349277496337891,10.272072792053223,7.349277496337891,5.136036396026611
1PPF_E_I,1,1,1,5.131779029965401,7.41328239440918,5.131779029965401,7.41328239440918,5.131779029965401
3SGB_E_I,2,1,1,10.263204336166382,9.101417541503906,10.263204336166382,9.101417541503906,5.131602168083191
1PPF_E_I,2,1,1,-10.26249361038208,-3.3782787322998047,10.26249361038208,3.3782787322998047,5.13124680519104
1PPF_E_I,1,1,1,-5.130188167095184,-3.739733695983886,5.130188167095184,3.739733695983886,5.130188167095184
3SGB_E_I,2,1,1,-10.256616592407227,-7.3746337890625,10.256616592407227,7.3746337890625,5.128308296203613
1CHO_EFG_I,2,1,1,10.256598830223083,2.8227310180664062,10.256598830223083,2.8227310180664062,5.128299415111542
1R0R_E_I,1,7,8,-5.124428063631058,-3.3678226470947266,5.124428063631058,3.3678226470947266,5.124428063631058
1BRS_A_D,1,1,2,-5.115808606147766,-0.9820480346679685,5.115808606147766,0.9820480346679685,5.115808606147766
1R0R_E_I,1,1,2,-5.110335156321526,0.7384567260742188,5.110335156321526,0.7384567260742188,5.110335156321526
1R0R_E_I,2,1,1,-10.209003448486328,-8.313859939575195,10.209003448486328,8.313859939575195,5.104501724243164
1CHO_EFG_I,1,1,1,5.101902723312378,2.9916763305664062,5.101902723312378,2.9916763305664062,5.101902723312378
2PCC_A_B,1,1,2,5.100377321243286,-1.2559738159179685,5.100377321243286,1.2559738159179685,5.100377321243286
1R0R_E_I,1,1,1,-5.100364804267883,-0.3801631927490234,5.100364804267883,0.3801631927490234,5.100364804267883
1CHO_EFG_I,2,1,1,-10.196110010147095,-8.193099975585938,10.196110010147095,8.193099975585938,5.098055005073547
1JTG_A_B,1,2,1,5.0871118158102036,-0.020533243815104185,5.0871118158102036,0.020533243815104185,5.0871118158102036
1R0R_E_I,1,1,1,-5.084975600242615,-0.6850223541259766,5.084975600242615,0.6850223541259766,5.084975600242615
1CHO_EFG_I,2,1,1,-10.16607677936554,-8.55831527709961,10.16607677936554,8.55831527709961,5.08303838968277
3SGB_E_I,1,1,1,-5.0788893699646,-3.909740447998047,5.0788893699646,3.909740447998047,5.0788893699646
1PPF_E_I,2,1,1,10.144139289855957,3.256460189819336,10.144139289855957,3.256460189819336,5.0720696449279785
1PPF_E_I,2,1,1,10.141385793685913,6.114091873168945,10.141385793685913,6.114091873168945,5.0706928968429565
1R0R_E_I,1,1,1,-5.06132373213768,-0.43973922729492176,5.06132373213768,0.43973922729492176,5.06132373213768
3HFM_HL_Y,1,1,1,5.060012400150299,1.4819469451904297,5.060012400150299,1.4819469451904297,5.060012400150299
1CHO_EFG_I,1,3,2,5.05753231048584,1.4269828796386717,5.05753231048584,1.4269828796386717,5.05753231048584
1R0R_E_I,1,1,1,-5.0555837750434875,-5.68065071105957,5.0555837750434875,5.68065071105957,5.0555837750434875
1PPF_E_I,2,1,1,-10.107908248901367,-3.2260055541992188,10.107908248901367,3.2260055541992188,5.053954124450684
3W2D_A_HL,1,1,1,-5.052319556474686,-0.1999282836914062,5.052319556474686,0.1999282836914062,5.052319556474686
1CHO_EFG_I,2,1,1,-10.100062370300293,-7.959873199462891,10.100062370300293,7.959873199462891,5.0500311851501465
1CHO_EFG_I,1,1,1,5.047979950904846,-0.3042755126953125,5.047979950904846,0.3042755126953125,5.047979950904846
3SGB_E_I,2,1,1,-10.093122243881226,-9.450942993164062,10.093122243881226,9.450942993164062,5.046561121940613
3SGB_E_I,1,1,1,5.046027660369873,5.183799743652344,5.046027660369873,5.183799743652344,5.046027660369873
1PPF_E_I,1,1,1,5.0446072816848755,3.0873661041259766,5.0446072816848755,3.0873661041259766,5.0446072816848755
1PPF_E_I,1,1,1,-5.0446072816848755,-2.398212432861328,5.0446072816848755,2.398212432861328,5.0446072816848755
1BRS_A_D,1,1,2,-5.036393836140633,-4.589422225952148,5.036393836140633,4.589422225952148,5.036393836140633
1CHO_EFG_I,1,1,1,5.034295916557312,2.5216445922851562,5.034295916557312,2.5216445922851562,5.034295916557312
1CHO_EFG_I,2,1,1,-10.067397356033325,-3.9543075561523438,10.067397356033325,3.9543075561523438,5.033698678016663
1CHO_EFG_I,2,2,1,10.05701768398285,4.106845855712891,10.05701768398285,4.106845855712891,5.028508841991425
1CBW_FGH_I,1,1,1,-5.023253798484802,-2.095325469970703,5.023253798484802,2.095325469970703,5.023253798484802
1R0R_E_I,1,1,1,-5.021369248628616,-1.416854858398438,5.021369248628616,1.416854858398438,5.021369248628616
1CHO_EFG_I,2,1,1,-10.042360424995422,-6.25872802734375,10.042360424995422,6.25872802734375,5.021180212497711
4CVW_A_C,1,2,1,5.017122030258179,-0.4466667175292968,5.017122030258179,0.4466667175292968,5.017122030258179
3SGB_E_I,1,1,1,-5.016885008662939,-3.4656295776367188,5.016885008662939,3.4656295776367188,5.016885008662939
1R0R_E_I,1,1,1,-5.015994653105736,0.0974884033203125,5.015994653105736,0.0974884033203125,5.015994653105736
1PPF_E_I,2,1,1,10.02303147315979,5.992273330688477,10.02303147315979,5.992273330688477,5.011515736579895
1BRS_A_D,1,2,1,5.007984399795532,1.6356391906738283,5.007984399795532,1.6356391906738283,5.007984399795532
1R0R_E_I,1,1,1,5.005909562110901,3.7198925018310547,5.005909562110901,3.7198925018310547,5.005909562110901
3SGB_E_I,2,1,1,9.999512314796448,9.267372131347656,9.999512314796448,9.267372131347656,4.999756157398224
1R0R_E_I,1,1,1,-4.999435544013978,-2.2495651245117188,4.999435544013978,2.2495651245117188,4.999435544013978
1PPF_E_I,2,1,1,9.9868004322052,5.961818695068359,9.9868004322052,5.961818695068359,4.9934002161026
1R0R_E_I,2,1,2,-9.981047868728638,-6.485661506652832,9.981047868728638,6.485661506652832,4.990523934364319
3HFM_HL_Y,1,1,1,-4.983762741088867,-2.303792953491211,4.983762741088867,2.303792953491211,4.983762741088867
1R0R_E_I,1,1,1,4.982363671064377,2.6282482147216797,4.982363671064377,2.6282482147216797,4.982363671064377
1CHO_EFG_I,2,1,1,-9.959854364395142,-5.996452331542969,9.959854364395142,5.996452331542969,4.979927182197571
1CHO_EFG_I,1,1,1,-4.977576971054077,-2.6970386505126953,4.977576971054077,2.6970386505126953,4.977576971054077
1R0R_E_I,2,1,1,9.930726528167725,7.763729095458984,9.930726528167725,7.763729095458984,4.965363264083862
1R0R_E_I,2,1,1,-9.930726528167725,-9.995800018310547,9.930726528167725,9.995800018310547,4.965363264083862
1CHO_EFG_I,2,1,1,-9.929821133613586,-6.361667633056641,9.929821133613586,6.361667633056641,4.964910566806793
1BRS_A_D,1,2,1,4.963225841522217,0.4370002746582031,4.963225841522217,0.4370002746582031,4.963225841522217
1CBW_FGH_I,1,1,1,4.961959093809128,2.3895606994628906,4.961959093809128,2.3895606994628906,4.961959093809128
1R0R_E_I,2,1,1,-9.911781311035156,-7.124261856079102,9.911781311035156,7.124261856079102,4.955890655517578
1PPF_E_I,1,1,1,4.947707891464233,1.5296783447265625,4.947707891464233,1.5296783447265625,4.947707891464233
1CBW_FGH_I,1,1,1,-4.9462480545043945,-0.41699981689453125,4.9462480545043945,0.41699981689453125,4.9462480545043945
1CHO_EFG_I,1,1,1,4.946089148521423,-1.9539546966552734,4.946089148521423,1.9539546966552734,4.946089148521423
1CHO_EFG_I,2,2,1,9.86781620979309,5.238422393798828,9.86781620979309,5.238422393798828,4.933908104896545
1R0R_E_I,1,1,1,4.9321160316467285,-0.6644344329833984,4.9321160316467285,0.6644344329833984,4.9321160316467285
1CHO_EFG_I,2,1,1,-9.86380672454834,-5.763225555419922,9.86380672454834,5.763225555419922,4.93190336227417
1PPF_E_I,1,1,1,4.924163579940796,2.1734447479248042,4.924163579940796,2.1734447479248042,4.924163579940796
1CHO_EFG_I,2,1,1,-9.841979503631592,-8.452518463134766,9.841979503631592,8.452518463134766,4.920989751815796
3HFM_HL_Y,1,1,1,-4.91663533449173,-0.9342422485351562,4.91663533449173,0.9342422485351562,4.91663533449173
1PPF_E_I,1,1,1,4.905087053775787,7.235956192016601,4.905087053775787,7.235956192016601,4.905087053775787
2FTL_E_I,1,1,1,4.899434089660643,-0.030742645263671875,4.899434089660643,0.030742645263671875,4.899434089660643
1R0R_E_I,1,1,1,4.895406365394592,2.2919273376464844,4.895406365394592,2.2919273376464844,4.895406365394592
3SGB_E_I,2,1,1,-9.790482640266418,-7.792301177978516,9.790482640266418,7.792301177978516,4.895241320133209
1CHO_EFG_I,2,1,1,-9.78545355796814,-8.528095245361328,9.78545355796814,8.528095245361328,4.89272677898407
1CHO_EFG_I,2,1,1,-9.78545355796814,-7.223697662353516,9.78545355796814,7.223697662353516,4.89272677898407
1CHO_EFG_I,2,1,1,-9.78545355796814,-6.504390716552734,9.78545355796814,6.504390716552734,4.89272677898407
1PPF_E_I,2,1,1,-9.783521175384521,-7.047578811645508,9.783521175384521,7.047578811645508,4.891760587692261
1PPF_E_I,1,1,1,-4.885120660066605,-7.479244232177734,4.885120660066605,7.479244232177734,4.885120660066605
1JTG_A_B,1,2,1,4.883937438329061,0.4359219868977864,4.883937438329061,0.4359219868977864,4.883937438329061
2O3B_A_B,1,1,1,-4.875590085983276,-0.9557762145996093,4.875590085983276,0.9557762145996093,4.875590085983276
1R0R_E_I,1,1,1,4.872500777244568,2.399456024169922,4.872500777244568,2.399456024169922,4.872500777244568
1CBW_FGH_I,1,1,1,-4.867637753486633,-1.7158164978027344,4.867637753486633,1.7158164978027344,4.867637753486633
1CHO_EFG_I,1,1,1,4.867507457733154,-2.7384719848632817,4.867507457733154,2.7384719848632817,4.867507457733154
1R0R_E_I,1,1,1,4.867335289716721,2.226472854614258,4.867335289716721,2.226472854614258,4.867335289716721
1CHO_EFG_I,2,1,1,-9.733628004789352,-7.307502746582031,9.733628004789352,7.307502746582031,4.866814002394676
1MLC_AB_E,1,5,6,4.862276077270508,0.99102783203125,4.862276077270508,0.99102783203125,4.862276077270508
1CHO_EFG_I,1,1,1,-4.858778476715088,-0.8273010253906252,4.858778476715088,0.8273010253906252,4.858778476715088
1R0R_E_I,1,1,1,-4.857537388801575,-2.953207015991211,4.857537388801575,2.953207015991211,4.857537388801575
1R0R_E_I,1,1,1,-4.857537388801575,-1.7991714477539062,4.857537388801575,1.7991714477539062,4.857537388801575
1PPF_E_I,2,1,1,9.713740348815918,-0.9277610778808594,9.713740348815918,0.9277610778808594,4.856870174407959
3HFM_HL_Y,1,1,2,-4.855601231257121,-1.5575364430745444,4.855601231257121,1.5575364430745444,4.855601231257121
1CHO_EFG_I,1,1,1,4.849977016448975,6.794597625732422,4.849977016448975,6.794597625732422,4.849977016448975
1EMV_A_B,1,1,2,-4.842825889587402,-3.102388381958008,4.842825889587402,3.102388381958008,4.842825889587402
1CHO_EFG_I,2,1,1,9.677436769008636,8.250167846679688,9.677436769008636,8.250167846679688,4.838718384504318
1CHO_EFG_I,1,1,1,4.834952041506767,3.588733673095703,4.834952041506767,3.588733673095703,4.834952041506767
1R0R_E_I,1,1,1,4.83418270945549,1.8258552551269531,4.83418270945549,1.8258552551269531,4.83418270945549
1PPF_E_I,2,1,1,-9.665166854858398,-6.925760269165039,9.665166854858398,6.925760269165039,4.832583427429199
1BRS_A_D,1,2,1,4.832428614298502,2.2702598571777344,4.832428614298502,2.2702598571777344,4.832428614298502
1PPF_E_I,1,1,1,4.82935357093811,1.4078598022460938,4.82935357093811,1.4078598022460938,4.82935357093811
1R0R_E_I,1,1,1,4.827995419502258,1.943155288696289,4.827995419502258,1.943155288696289,4.827995419502258
1CHO_EFG_I,1,2,1,4.827918529510498,0.449066162109375,4.827918529510498,0.449066162109375,4.827918529510498
1CHO_EFG_I,2,1,1,-9.653251707553864,-10.001632690429688,9.653251707553864,10.001632690429688,4.826625853776932
1BRS_A_D,1,1,2,-4.82249903678894,-0.8544883728027344,4.82249903678894,0.8544883728027344,4.82249903678894
1PPF_E_I,1,1,1,4.819964721798897,2.9916610717773438,4.819964721798897,2.9916610717773438,4.819964721798897
1R0R_E_I,2,1,1,9.633504390716553,6.574131011962891,9.633504390716553,6.574131011962891,4.816752195358276
1R0R_E_I,2,1,1,-9.633504390716553,-8.806201934814453,9.633504390716553,8.806201934814453,4.816752195358276
3SGB_E_I,2,1,1,-9.633504271507263,-6.166790008544922,9.633504271507263,6.166790008544922,4.816752135753632
1CHO_EFG_I,2,1,1,-9.630015313625336,-8.439701080322266,9.630015313625336,8.439701080322266,4.815007656812668
1PPF_E_I,2,1,1,-9.628935813903809,-6.895305633544922,9.628935813903809,6.895305633544922,4.814467906951904
1CHO_EFG_I,2,2,1,9.627983093261719,3.588750839233398,9.627983093261719,3.588750839233398,4.813991546630859
3SGB_E_I,2,1,1,9.626484513282776,9.852367401123047,9.626484513282776,9.852367401123047,4.813242256641388
1R0R_E_I,1,1,1,4.81260621547699,2.248014450073242,4.81260621547699,2.248014450073242,4.81260621547699
1CHO_EFG_I,1,1,1,-4.810939073562622,-6.807292938232422,4.810939073562622,6.807292938232422,4.810939073562622
1PPF_E_I,2,1,1,9.618504762649536,6.634544372558594,9.618504762649536,6.634544372558594,4.809252381324768
1PPF_E_I,2,1,1,-9.618504762649536,-5.713781356811523,9.618504762649536,5.713781356811523,4.809252381324768
3SGB_E_I,2,1,1,-9.61209225654602,-9.292530059814453,9.61209225654602,9.292530059814453,4.80604612827301
1PPF_E_I,1,1,1,4.805809259414673,2.0516262054443355,4.805809259414673,2.0516262054443355,4.805809259414673
1CHO_EFG_I,2,1,1,-9.605723857879639,-6.255870819091797,9.605723857879639,6.255870819091797,4.802861928939819
1R0R_E_I,1,2,1,4.802640199661255,0.889079093933105,4.802640199661255,0.889079093933105,4.802640199661255
3SGB_E_I,1,1,1,-4.801194190979004,-5.241607666015625,4.801194190979004,5.241607666015625,4.801194190979004
1PPF_E_I,1,1,1,-4.799914240837097,-1.9295101165771484,4.799914240837097,1.9295101165771484,4.799914240837097
2O3B_A_B,1,1,1,-4.799038648605348,-0.6612319946289062,4.799038648605348,0.6612319946289062,4.799038648605348
1CBW_FGH_I,1,1,1,4.799038410186768,0.5211296081542969,4.799038410186768,0.5211296081542969,4.799038410186768
1PPF_E_I,2,1,1,9.595386028289795,-1.0495796203613281,9.595386028289795,1.0495796203613281,4.7976930141448975
1CHO_EFG_I,1,1,1,4.795300006866455,4.119556427001953,4.795300006866455,4.119556427001953,4.795300006866455
1MAH_A_F,1,2,3,-4.793336391448975,-0.01428985595703125,4.793336391448975,0.01428985595703125,4.793336391448975
1CHO_EFG_I,2,1,1,-9.581893146038055,-8.94696044921875,9.581893146038055,8.94696044921875,4.790946573019028
1PPF_E_I,2,1,1,9.559154987335205,-1.0800342559814453,9.559154987335205,1.0800342559814453,4.7795774936676025
1PPF_E_I,1,1,1,-4.7774152755737305,0.3080911636352539,4.7774152755737305,0.3080911636352539,4.7774152755737305
1CBW_FGH_I,1,1,1,-4.776977479457855,-6.192455291748047,4.776977479457855,6.192455291748047,4.776977479457855
1CHO_EFG_I,2,1,1,-9.549197912216187,-5.027050018310547,9.549197912216187,5.027050018310547,4.774598956108093
1PPF_E_I,2,1,1,-9.549197912216187,1.4384460449218752,9.549197912216187,1.4384460449218752,4.774598956108093
1CHO_EFG_I,2,1,1,-9.549197912216187,-4.307743072509766,9.549197912216187,4.307743072509766,4.774598956108093
1CHO_EFG_I,2,1,1,-9.549197912216187,-6.331447601318359,9.549197912216187,6.331447601318359,4.774598956108093
1PPF_E_I,2,1,1,-9.549197912216187,0.5176830291748049,9.549197912216187,0.5176830291748049,4.774598956108093
1PPF_E_I,2,1,1,9.549197673797607,2.6781997680664062,9.549197673797607,2.6781997680664062,4.774598836898804
1R0R_E_I,2,2,1,9.537564873695374,4.702095985412598,9.537564873695374,4.702095985412598,4.768782436847687
1CHO_EFG_I,2,1,1,-9.537387788295746,-9.165767669677734,9.537387788295746,9.165767669677734,4.768693894147873
1CHO_EFG_I,2,1,1,-9.537387788295746,-7.978851318359375,9.537387788295746,7.978851318359375,4.768693894147873
1CHO_EFG_I,2,1,1,9.529643177986145,9.216228485107422,9.529643177986145,9.216228485107422,4.7648215889930725
1CHO_EFG_I,2,1,1,-9.521998584270477,-9.779888153076172,9.521998584270477,9.779888153076172,4.760999292135239
1BRS_A_D,1,1,2,-4.758388042449951,-0.5863723754882812,4.758388042449951,0.5863723754882812,4.758388042449951
1CHO_EFG_I,2,1,1,9.51448369026184,4.527393341064453,9.51448369026184,4.527393341064453,4.75724184513092
1CHO_EFG_I,1,1,1,-4.756887674331665,0.8223781585693357,4.756887674331665,0.8223781585693357,4.756887674331665
1PPF_E_I,1,1,1,4.754792332649231,2.3282089233398438,4.754792332649231,2.3282089233398438,4.754792332649231
1R0R_E_I,1,1,1,4.752318859100342,4.39921760559082,4.752318859100342,4.39921760559082,4.752318859100342
3SGB_E_I,2,1,1,9.501835584640503,7.334918975830078,9.501835584640503,7.334918975830078,4.7509177923202515
1CBW_FGH_I,1,1,1,4.749342679977417,0.5214576721191406,4.749342679977417,0.5214576721191406,4.749342679977417
1PPF_E_I,2,1,1,9.497469902038574,4.187931060791016,9.497469902038574,4.187931060791016,4.748734951019287
1PPF_E_I,2,1,1,-9.497469902038574,-3.498777389526367,9.497469902038574,3.498777389526367,4.748734951019287
1CHO_EFG_I,2,1,1,-9.4973723590374,-5.1108551025390625,9.4973723590374,5.1108551025390625,4.7486861795187
1R0R_E_I,2,2,1,9.493059515953064,4.245795249938965,9.493059515953064,4.245795249938965,4.746529757976532
1R0R_E_I,2,1,1,9.48724353313446,8.212234497070312,9.48724353313446,8.212234497070312,4.74362176656723
3SGB_E_I,2,1,1,9.478943228721619,11.039749145507812,9.478943228721619,11.039749145507812,4.739471614360809
3S9D_A_B,1,1,2,-4.738909304141998,-0.6994018554687501,4.738909304141998,0.6994018554687501,4.738909304141998
1R0R_E_I,2,2,1,9.477670311927795,4.550654411315918,9.477670311927795,4.550654411315918,4.738835155963898
1PPF_E_I,2,1,1,9.47032380104065,5.981090545654297,9.47032380104065,5.981090545654297,4.735161900520325
2FTL_E_I,1,1,1,4.729233264923094,0.8905982971191406,4.729233264923094,0.8905982971191406,4.729233264923094
1BRS_A_D,1,1,2,-4.724708750844002,-0.4189853668212892,4.724708750844002,0.4189853668212892,4.724708750844002
3HFM_HL_Y,1,1,2,-4.723303318023682,-1.7750988006591797,4.723303318023682,1.7750988006591797,4.723303318023682
1R0R_E_I,2,1,1,-9.44273817539215,-7.75593376159668,9.44273817539215,7.75593376159668,4.721369087696075
1CHO_EFG_I,2,1,1,9.441181123256683,6.053520202636719,9.441181123256683,6.053520202636719,4.720590561628342
1CHO_EFG_I,2,2,1,9.439104795455933,4.040775299072266,9.439104795455933,4.040775299072266,4.719552397727966
1CBW_FGH_I,1,1,1,4.717605511347452,1.313456217447917,4.717605511347452,1.313456217447917,4.717605511347452
3SGB_E_I,1,1,1,4.716548323631287,5.215305328369141,4.716548323631287,5.215305328369141,4.716548323631287
1PPF_E_I,2,1,1,9.430843353271484,2.5563812255859375,9.430843353271484,2.5563812255859375,4.715421676635742
1R0R_E_I,2,1,1,-9.427348971366882,-8.060792922973633,9.427348971366882,8.060792922973633,4.713674485683441
1CHO_EFG_I,2,1,1,-9.41699606180191,-7.804985046386719,9.41699606180191,7.804985046386719,4.708498030900955
3SGB_E_I,1,1,1,-4.703046515583992,-4.959018707275391,4.703046515583992,4.959018707275391,4.703046515583992
1PPF_E_I,2,1,1,-9.4010169506073,1.1711368560791018,9.4010169506073,1.1711368560791018,4.70050847530365
3SGB_E_I,2,1,1,-9.401016533374786,-8.19808578491211,9.401016533374786,8.19808578491211,4.700508266687393
3SGB_E_I,1,1,1,-4.700194478034973,-5.441280364990234,4.700194478034973,5.441280364990234,4.700194478034973
1PPF_E_I,2,1,1,-9.394612312316895,-2.5259265899658203,9.394612312316895,2.5259265899658203,4.697306156158447
1CHO_EFG_I,2,1,1,-9.393759667873383,-6.243053436279297,9.393759667873383,6.243053436279297,4.696879833936691
1CHO_EFG_I,1,1,1,-4.6944899559021,-2.2740821838378906,4.6944899559021,2.2740821838378906,4.6944899559021
1CHO_EFG_I,1,1,1,4.691660523414612,-0.7128982543945312,4.691660523414612,0.7128982543945312,4.691660523414612
1R0R_E_I,1,1,1,4.691246032714844,0.7045135498046873,4.691246032714844,0.7045135498046873,4.691246032714844
1PPF_E_I,2,1,1,9.379115581512451,4.066112518310547,9.379115581512451,4.066112518310547,4.689557790756226
1PPF_E_I,2,1,1,9.379115581512451,3.3769588470458984,9.379115581512451,3.3769588470458984,4.689557790756226
1PPF_E_I,2,1,1,9.378996849060059,5.675310134887695,9.378996849060059,5.675310134887695,4.689498424530029
1CHO_EFG_I,2,1,1,-9.374797105789185,-8.358169555664062,9.374797105789185,8.358169555664062,4.687398552894592
4MNQ_ABC_DE,1,4,5,-4.683086842298508,-1.3858261108398438,4.683086842298508,1.3858261108398438,4.683086842298508
1PPF_E_I,1,1,1,-4.681559920310974,-1.8076915740966797,4.681559920310974,1.8076915740966797,4.681559920310974
1PPF_E_I,1,1,1,-4.675926148891449,0.5309886932373047,4.675926148891449,0.5309886932373047,4.675926148891449
1CHO_EFG_I,2,1,1,-9.351560711860657,-8.01116943359375,9.351560711860657,8.01116943359375,4.675780355930328
1CHO_EFG_I,2,1,1,-9.351560711860657,-8.125926971435547,9.351560711860657,8.125926971435547,4.675780355930328
1CHO_EFG_I,1,1,1,4.673607587814331,7.189701080322266,4.673607587814331,7.189701080322266,4.673607587814331
1CHO_EFG_I,2,1,1,-9.345637500286102,-6.750312805175781,9.345637500286102,6.750312805175781,4.672818750143051
1LFD_A_B,1,2,1,4.672029674053192,0.4546966552734375,4.672029674053192,0.4546966552734375,4.672029674053192
1PPF_E_I,2,1,1,-9.342884540557861,-3.3465042114257812,9.342884540557861,3.3465042114257812,4.671442270278931
1PPF_E_I,2,1,1,-9.342884540557861,-4.03565788269043,9.342884540557861,4.03565788269043,4.671442270278931
1A4Y_A_B,1,1,2,-4.670507192611694,-4.097187042236328,4.670507192611694,4.097187042236328,4.670507192611694
3SGB_E_I,2,1,1,-9.331753492355347,-7.684444427490234,9.331753492355347,7.684444427490234,4.665876746177673
1CHO_EFG_I,2,1,1,-9.326464891433716,-7.876071929931641,9.326464891433716,7.876071929931641,4.663232445716858
2FTL_E_I,1,1,1,-4.659852981567385,-3.9889984130859375,4.659852981567385,3.9889984130859375,4.659852981567385
1CHO_EFG_I,2,1,1,9.312968850135803,8.14547348022461,9.312968850135803,8.14547348022461,4.656484425067902
1CHO_EFG_I,2,1,1,-9.312968850135803,-7.684288024902344,9.312968850135803,7.684288024902344,4.656484425067902
1PPF_E_I,2,1,1,-9.309689998626709,1.4769172668457033,9.309689998626709,1.4769172668457033,4.6548449993133545
1BRS_A_D,1,1,2,-4.652061223983765,-0.3802146911621094,4.652061223983765,0.3802146911621094,4.652061223983765
1CHO_EFG_I,2,1,1,-9.301132142543793,-5.782203674316406,9.301132142543793,5.782203674316406,4.650566071271896
1CHO_EFG_I,2,1,1,9.301132142543793,6.969120025634766,9.301132142543793,6.969120025634766,4.650566071271896
1CHO_EFG_I,2,1,1,9.293387532234192,7.019580841064453,9.293387532234192,7.019580841064453,4.646693766117096
2FTL_E_I,1,1,1,4.645708084106445,4.495918273925781,4.645708084106445,4.495918273925781,4.645708084106445
1CHO_EFG_I,2,1,1,-9.285742938518524,-7.583240509033203,9.285742938518524,7.583240509033203,4.642871469259262
1PPF_E_I,1,1,1,4.636438012123108,2.206390380859375,4.636438012123108,2.206390380859375,4.636438012123108
1BRS_A_D,1,1,2,-4.635371804237366,-0.12722396850585938,4.635371804237366,0.12722396850585938,4.635371804237366
1CHO_EFG_I,1,1,1,-4.634491473436356,-1.643808364868164,4.634491473436356,1.643808364868164,4.634491473436356
1PPF_E_I,2,1,1,9.264847993850708,6.15300178527832,9.264847993850708,6.15300178527832,4.632423996925354
1PPF_E_I,2,1,1,9.259010910987854,6.655597686767578,9.259010910987854,6.655597686767578,4.629505455493927
2FTL_E_I,1,1,1,-4.628307819366457,-1.0379981994628906,4.628307819366457,1.0379981994628906,4.628307819366457
1CHO_EFG_I,1,1,1,4.6236392557621,3.315380096435547,4.6236392557621,3.315380096435547,4.6236392557621
1CHO_EFG_I,2,1,1,-9.24259528517723,-8.356212615966797,9.24259528517723,8.356212615966797,4.621297642588615
1CHO_EFG_I,1,1,1,-4.62024450302124,-6.829345703125,4.62024450302124,6.829345703125,4.62024450302124
3SGB_E_I,2,1,1,9.238143563270569,7.500873565673828,9.238143563270569,7.500873565673828,4.619071781635284
1CBW_FGH_I,1,1,1,4.618587017059326,0.5244636535644531,4.618587017059326,0.5244636535644531,4.618587017059326
1Z7X_W_X,1,2,1,4.616856098175049,3.559955596923828,4.616856098175049,3.559955596923828,4.616856098175049
1CHO_EFG_I,2,1,1,9.228544384241104,8.058303833007812,9.228544384241104,8.058303833007812,4.614272192120552
1PPF_E_I,2,1,1,9.22510051727295,7.74496841430664,9.22510051727295,7.74496841430664,4.612550258636475
1CHO_EFG_I,2,1,1,9.214741110801697,6.8172454833984375,9.214741110801697,6.8172454833984375,4.607370555400848
1R0R_E_I,1,1,1,-4.600333571434021,-2.4835662841796884,4.600333571434021,2.4835662841796884,4.600333571434021
1CHO_EFG_I,2,1,1,-9.196999579668045,-8.623485565185547,9.196999579668045,8.623485565185547,4.5984997898340225
1PPF_E_I,2,1,1,-9.195541143417358,0.9992256164550783,9.195541143417358,0.9992256164550783,4.597770571708679
1PPF_E_I,1,2,1,4.5975461602211,2.3845882415771484,4.5975461602211,2.3845882415771484,4.5975461602211
1R0R_E_I,2,1,1,9.190021395683289,7.022636413574219,9.190021395683289,7.022636413574219,4.595010697841644
1PPF_E_I,2,1,1,9.189704060554504,-0.49662971496582053,9.189704060554504,0.49662971496582053,4.594852030277252
1PPF_E_I,2,1,1,-9.189558267593384,-3.7249374389648438,9.189558267593384,3.7249374389648438,4.594779133796692
1PPF_E_I,2,1,1,-9.189558267593384,-2.8041744232177734,9.189558267593384,2.8041744232177734,4.594779133796692
1PPF_E_I,2,1,1,9.187940835952759,6.374940872192383,9.187940835952759,6.374940872192383,4.593970417976379
1R0R_E_I,1,1,1,-4.593364953994751,-4.163866996765137,4.593364953994751,4.163866996765137,4.593364953994751
1PPF_E_I,1,1,1,4.591396890580654,1.6200799942016602,4.591396890580654,1.6200799942016602,4.591396890580654
3HFM_HL_Y,1,2,2,-4.5911014676094055,-0.7999362945556641,4.5911014676094055,0.7999362945556641,4.5911014676094055
1CHO_EFG_I,2,1,1,9.179700464010239,8.073261260986328,9.179700464010239,8.073261260986328,4.589850232005119
1R0R_E_I,1,2,1,4.588907301425934,-0.6552267074584961,4.588907301425934,0.6552267074584961,4.588907301425934
1DQJ_AB_C,1,1,2,-4.588716685771942,-2.2485198974609375,4.588716685771942,2.2485198974609375,4.588716685771942
1R0R_E_I,2,1,1,-9.175710678100586,-8.142581939697266,9.175710678100586,8.142581939697266,4.587855339050293
1JTG_A_B,1,2,3,-4.5862221121788025,-0.16103744506835938,4.5862221121788025,0.16103744506835938,4.5862221121788025
3SGB_E_I,2,1,1,-9.171402633190155,-9.229446411132812,9.171402633190155,9.229446411132812,4.5857013165950775
3SGB_E_I,2,1,1,-9.171402633190155,-9.237419128417969,9.171402633190155,9.237419128417969,4.5857013165950775
1PPF_E_I,1,1,1,4.585166484117508,1.3971233367919922,4.585166484117508,1.3971233367919922,4.585166484117508
3SGB_E_I,2,1,1,9.16798347234726,9.30905532836914,9.16798347234726,9.30905532836914,4.58399173617363
1BRS_A_D,1,1,2,-4.582280874252319,-2.1894454956054688,4.582280874252319,2.1894454956054688,4.582280874252319
1CHO_EFG_I,2,1,1,-9.162892192602158,-8.318042755126953,9.162892192602158,8.318042755126953,4.581446096301079
3SGB_E_I,1,1,1,4.581096410751343,3.771686553955078,4.581096410751343,3.771686553955078,4.581096410751343
1PPF_E_I,1,1,1,-4.573306351900101,-3.0576229095458984,4.573306351900101,3.0576229095458984,4.573306351900101
1R0R_E_I,2,1,1,-9.145516037940979,-6.566335678100586,9.145516037940979,6.566335678100586,4.5727580189704895
1CHO_EFG_I,2,1,1,9.138541460037231,6.161521911621094,9.138541460037231,6.161521911621094,4.569270730018616
1PPF_E_I,2,1,1,-9.138541221618652,-6.291416168212891,9.138541221618652,6.291416168212891,4.569270610809326
3SGB_E_I,2,1,1,-9.138541042804718,-8.922760009765625,9.138541042804718,8.922760009765625,4.569270521402359
1CBW_FGH_I,1,1,1,4.568891286849976,0.5247917175292969,4.568891286849976,0.5247917175292969,4.568891286849976
1BRS_A_D,1,2,1,4.568278551101686,-0.14315032958984397,4.568278551101686,0.14315032958984397,4.568278551101686
1R0R_E_I,2,1,1,-9.13012683391571,-6.871194839477539,9.13012683391571,6.871194839477539,4.565063416957855
1CHO_EFG_I,2,1,1,9.128683418035507,8.365367889404297,9.128683418035507,8.365367889404297,4.564341709017754
1CHO_EFG_I,2,1,1,9.128683418035507,6.528186798095703,9.128683418035507,6.528186798095703,4.564341709017754
1CHO_EFG_I,2,1,1,9.126809000968933,5.813804626464844,9.126809000968933,5.813804626464844,4.5634045004844666
1CHO_EFG_I,2,1,1,-9.123414158821106,-6.6055908203125,9.123414158821106,6.6055908203125,4.561707079410553
1PPF_E_I,2,1,1,-9.11863398551941,0.7772865295410158,9.11863398551941,0.7772865295410158,4.559316992759705
1CHO_EFG_I,1,1,1,4.559044122695923,6.262424468994141,4.559044122695923,6.262424468994141,4.559044122695923
1CBW_FGH_I,1,1,1,-4.559005856513977,-0.6421012878417969,4.559005856513977,0.6421012878417969,4.559005856513977
1CHO_EFG_I,2,1,1,-9.115305066108704,-5.929279327392578,9.115305066108704,5.929279327392578,4.557652533054352
1CHO_EFG_I,2,1,1,-9.115305066108704,-5.814521789550781,9.115305066108704,5.814521789550781,4.557652533054352
1CHO_EFG_I,2,1,1,-9.109446287155151,-8.23324203491211,9.109446287155151,8.23324203491211,4.554723143577576
1PPF_E_I,2,1,1,9.106746196746826,7.623149871826171,9.106746196746826,7.623149871826171,4.553373098373413
1PPF_E_I,2,1,2,9.10625958442688,6.033796310424805,9.10625958442688,6.033796310424805,4.55312979221344
3SGB_E_I,2,1,1,-9.105388224124908,-9.062427520751953,9.105388224124908,9.062427520751953,4.552694112062454
1R0R_E_I,2,1,1,-9.102349996566772,-7.807641983032227,9.102349996566772,7.807641983032227,4.551174998283386
3SGB_E_I,1,1,1,-4.550211876630783,-3.930532455444336,4.550211876630783,3.930532455444336,4.550211876630783
1CHO_EFG_I,2,2,1,9.09385883808136,2.8900394439697266,9.09385883808136,2.8900394439697266,4.54692941904068
1R0R_E_I,1,1,1,-4.54570209980011,-2.067760467529297,4.54570209980011,2.067760467529297,4.54570209980011
1CHO_EFG_I,2,1,1,9.090814173221588,5.842662811279297,9.090814173221588,5.842662811279297,4.545407086610794
1CHO_EFG_I,2,1,1,-9.090209245681763,-5.679424285888672,9.090209245681763,5.679424285888672,4.545104622840881
1R0R_E_I,2,2,1,9.084355235099792,2.211239814758301,9.084355235099792,2.211239814758301,4.542177617549896
1CHO_EFG_I,2,1,1,9.07671320438385,5.948825836181641,9.07671320438385,5.948825836181641,4.538356602191925
1CHO_EFG_I,2,1,1,-9.07671320438385,-5.487640380859375,9.07671320438385,5.487640380859375,4.538356602191925
1CBW_FGH_I,1,1,1,4.537154118220012,1.3167902628580732,4.537154118220012,1.3167902628580732,4.537154118220012
1PPF_E_I,2,1,1,-9.070515155792236,-7.592695236206054,9.070515155792236,7.592695236206054,4.535257577896118
1PPF_E_I,2,1,1,-9.069234371185303,0.860811233520508,9.069234371185303,0.860811233520508,4.534617185592651
3SGB_E_I,2,1,1,-9.069234013557434,-10.607437133789062,9.069234013557434,10.607437133789062,4.534617006778717
3SGB_E_I,2,1,1,-9.069234013557434,-7.346790313720703,9.069234013557434,7.346790313720703,4.534617006778717
3SGB_E_I,2,1,1,-9.069234013557434,-9.213298797607422,9.069234013557434,9.213298797607422,4.534617006778717
3SGB_E_I,2,1,1,-9.069234013557434,-9.265586853027344,9.069234013557434,9.265586853027344,4.534617006778717
1PPF_E_I,2,1,1,9.068450450897217,6.460750579833984,9.068450450897217,6.460750579833984,4.534225225448608
1PPF_E_I,2,1,1,9.068450450897217,5.539987564086914,9.068450450897217,5.539987564086914,4.534225225448608
4MNQ_ABC_DE,1,9,8,4.528655648231506,2.414093017578125,4.528655648231506,2.414093017578125,4.528655648231506
1CHO_EFG_I,1,1,1,-4.528349876403809,-5.977622985839844,4.528349876403809,5.977622985839844,4.528349876403809
1CBW_FGH_I,1,1,1,4.527117669582367,6.025123596191406,4.527117669582367,6.025123596191406,4.527117669582367
1CHO_EFG_I,2,1,1,9.045928716659546,0.7741508483886714,9.045928716659546,0.7741508483886714,4.522964358329773
1PPF_E_I,1,1,1,-4.521459579467773,-1.9809017181396484,4.521459579467773,1.9809017181396484,4.521459579467773
1PPF_E_I,2,1,1,9.04249358177185,6.138954162597656,9.04249358177185,6.138954162597656,4.521246790885925
1PPF_E_I,2,1,1,-9.041377305984497,-3.071483612060547,9.041377305984497,3.071483612060547,4.5206886529922485
3HFM_HL_Y,1,1,1,-4.519757986068726,-1.9194564819335938,4.519757986068726,1.9194564819335938,4.519757986068726
1PPF_E_I,2,2,1,-9.03695273399353,1.118431091308594,9.03695273399353,1.118431091308594,4.518476366996765
1CHO_EFG_I,2,1,1,-9.035482048988342,-5.602149963378906,9.035482048988342,5.602149963378906,4.517741024494171
3SGB_E_I,2,1,1,-9.030701875686646,-8.808902740478516,9.030701875686646,8.808902740478516,4.515350937843323
3SGB_E_I,2,1,1,-9.030701875686646,-9.23807144165039,9.030701875686646,9.23807144165039,4.515350937843323
1PPF_E_I,1,4,4,4.5149016082286835,-3.9090404510498047,4.5149016082286835,3.9090404510498047,4.5149016082286835
3SGB_E_I,2,1,1,-9.02911388874054,-6.0258026123046875,9.02911388874054,6.0258026123046875,4.51455694437027
1CHO_EFG_I,2,1,1,-9.01032917201519,-7.574981689453125,9.01032917201519,7.574981689453125,4.505164586007595
1CHO_EFG_I,2,1,1,-9.01032917201519,-9.18704605102539,9.01032917201519,9.18704605102539,4.505164586007595
1B2U_A_D,1,1,2,4.503170013427734,3.1478748321533203,4.503170013427734,3.1478748321533203,4.503170013427734
1CHO_EFG_I,2,1,1,-9.006339639425278,-6.159564971923828,9.006339639425278,6.159564971923828,4.503169819712639
1CHO_EFG_I,1,1,1,4.5024590492248535,0.41867828369140647,4.5024590492248535,0.41867828369140647,4.5024590492248535
3SGB_E_I,1,1,1,4.499205946922302,4.727638244628906,4.499205946922302,4.727638244628906,4.499205946922302
1CHO_EFG_I,1,1,1,4.4968123733997345,0.9019641876220703,4.4968123733997345,0.9019641876220703,4.4968123733997345
1CHO_EFG_I,2,1,1,8.992288738489151,5.861656188964844,8.992288738489151,5.861656188964844,4.4961443692445755
1CHO_EFG_I,1,1,1,-4.495054006576538,-6.681915283203125,4.495054006576538,6.681915283203125,4.495054006576538
3SGB_E_I,1,1,1,-4.494645323604345,-2.8135032653808594,4.494645323604345,2.8135032653808594,4.494645323604345
1CHO_EFG_I,2,1,1,-8.986784934997559,-7.995769500732422,8.986784934997559,7.995769500732422,4.493392467498779
1CHO_EFG_I,2,1,1,8.980359435081482,3.8286819458007812,8.980359435081482,3.8286819458007812,4.490179717540741
1PPF_E_I,2,1,1,-8.973186731338501,1.0132732391357424,8.973186731338501,1.0132732391357424,4.4865933656692505
1CSE_E_I,1,1,1,4.48486852645874,0.7222709655761723,4.48486852645874,0.7222709655761723,4.48486852645874
3SGB_E_I,1,1,1,-4.48308464884758,-5.23797607421875,4.48308464884758,5.23797607421875,4.48308464884758
1CHO_EFG_I,2,1,1,-8.960743933916092,-6.426837921142578,8.960743933916092,6.426837921142578,4.480371966958046
1PPF_E_I,2,1,1,-8.959866642951965,-6.892585754394531,8.959866642951965,6.892585754394531,4.479933321475983
1JTG_A_B,1,2,1,4.478416621685028,-0.07182502746582031,4.478416621685028,0.07182502746582031,4.478416621685028
2FTL_E_I,1,1,1,4.4755072593688965,5.417259216308594,4.4755072593688965,5.417259216308594,4.4755072593688965
1PPF_E_I,2,1,1,-8.950050354003906,-2.7657032012939453,8.950050354003906,2.7657032012939453,4.475025177001953
1CHO_EFG_I,1,2,1,4.4735429883003235,3.4587135314941406,4.4735429883003235,3.4587135314941406,4.4735429883003235
3SGB_E_I,2,1,1,8.946395456790924,8.698238372802734,8.946395456790924,8.698238372802734,4.473197728395462
3SGB_E_I,2,1,1,-8.946395456790924,-8.96414566040039,8.946395456790924,8.96414566040039,4.473197728395462
1CHO_EFG_I,2,1,1,8.943444818258286,5.876613616943359,8.943444818258286,5.876613616943359,4.471722409129143
1CHO_EFG_I,1,1,1,4.470308303833008,1.9781208038330078,4.470308303833008,1.9781208038330078,4.470308303833008
1CHO_EFG_I,2,1,1,-8.939481869339943,-7.442485809326172,8.939481869339943,7.442485809326172,4.4697409346699715
1A4Y_A_B,1,1,2,-4.464152097702026,-2.8573226928710938,4.464152097702026,2.8573226928710938,4.464152097702026
1CHO_EFG_I,2,1,1,8.926636546850204,6.121395111083984,8.926636546850204,6.121395111083984,4.463318273425102
1PPF_E_I,1,1,1,4.46168740093708,2.2523975372314453,4.46168740093708,2.2523975372314453,4.46168740093708
1R0R_E_I,2,1,1,-8.923359870910645,-3.457468032836914,8.923359870910645,3.457468032836914,4.461679935455322
3SGB_E_I,1,1,1,4.461336731910706,3.6833457946777344,4.461336731910706,3.6833457946777344,4.461336731910706
1PPF_E_I,2,1,1,8.92026948928833,5.8072967529296875,8.92026948928833,5.8072967529296875,4.460134744644165
1CHO_EFG_I,1,1,1,-4.458899736404419,-7.122642517089844,4.458899736404419,7.122642517089844,4.458899736404419
1CHO_EFG_I,2,1,1,-8.914444953203201,-8.765071868896484,8.914444953203201,8.765071868896484,4.457222476601601
1CHO_EFG_I,2,1,1,-8.914444953203201,-7.515449523925781,8.914444953203201,7.515449523925781,4.457222476601601
1CHO_EFG_I,2,2,1,8.904980540275574,3.3420639038085938,8.904980540275574,3.3420639038085938,4.452490270137787
1CHO_EFG_I,2,2,1,8.904657363891602,4.021615982055664,8.904657363891602,4.021615982055664,4.452328681945801
1PPF_E_I,1,1,1,-4.452152729034424,5.17132568359375,4.452152729034424,5.17132568359375,4.452152729034424
1PPF_E_I,1,1,1,4.450825035572052,2.96523380279541,4.450825035572052,2.96523380279541,4.450825035572052
3SGB_E_I,2,1,1,-8.89903324842453,-9.654037475585938,8.89903324842453,9.654037475585938,4.449516624212265
3SGB_E_I,2,1,1,-8.89903324842453,-8.000118255615234,8.89903324842453,8.000118255615234,4.449516624212265
1R0R_E_I,2,1,1,8.897433757781982,7.592451095581055,8.897433757781982,7.592451095581055,4.448716878890991
1R0R_E_I,2,1,1,-8.897433757781982,-9.824522018432617,8.897433757781982,9.824522018432617,4.448716878890991
1CHO_EFG_I,2,1,1,8.892427772283554,4.331539154052734,8.892427772283554,4.331539154052734,4.446213886141777
1CHO_EFG_I,2,1,1,8.892427772283554,6.168720245361328,8.892427772283554,6.168720245361328,4.446213886141777
1PPF_E_I,2,1,1,-8.890559792518616,0.2596416473388674,8.890559792518616,0.2596416473388674,4.445279896259308
1R0R_E_I,1,1,1,4.440668940544128,1.557511329650879,4.440668940544128,1.557511329650879,4.440668940544128
1BRS_A_D,2,2,1,8.873211145401003,2.081947326660156,8.873211145401003,2.081947326660156,4.436605572700501
1CHO_EFG_I,2,1,1,-8.873190641403198,-6.036594390869141,8.873190641403198,6.036594390869141,4.436595320701599
1R0R_E_I,1,1,1,-4.433700323104858,-3.2378120422363272,4.433700323104858,3.2378120422363272,4.433700323104858
3SGB_E_I,2,1,1,8.865115761756897,8.085868835449219,8.865115761756897,8.085868835449219,4.4325578808784485
3SGB_E_I,2,1,1,8.86393690109253,7.720481872558594,8.86393690109253,7.720481872558594,4.431968450546265
1CHO_EFG_I,1,1,1,-4.4285595417022705,-4.404918670654297,4.4285595417022705,4.404918670654297,4.4285595417022705
1CHO_EFG_I,2,1,1,8.854558527469635,3.646015167236328,8.854558527469635,3.646015167236328,4.4272792637348175
3SGB_E_I,2,1,1,-8.850723505020142,-7.526031494140625,8.850723505020142,7.526031494140625,4.425361752510071
1R0R_E_I,1,1,1,4.424295723438263,-0.23922348022460938,4.424295723438263,0.23922348022460938,4.424295723438263
3SGB_E_I,2,1,1,-8.848480701446533,-7.745838165283203,8.848480701446533,7.745838165283203,4.424240350723267
1CHO_EFG_I,1,1,1,4.424058794975281,2.489246368408203,4.424058794975281,2.489246368408203,4.424058794975281
1BRS_A_D,1,1,2,-4.424058675765991,-1.5485382080078125,4.424058675765991,1.5485382080078125,4.424058675765991
3SGB_E_I,2,1,1,-8.847305417060852,-8.196640014648438,8.847305417060852,8.196640014648438,4.423652708530426
3SGB_E_I,2,1,1,-8.847305417060852,-9.017398834228516,8.847305417060852,9.017398834228516,4.423652708530426
1BRS_A_D,1,2,1,4.4231438636779785,4.765369415283203,4.4231438636779785,4.765369415283203,4.4231438636779785
1R0R_E_I,1,1,1,-4.418745279312134,0.6063098907470703,4.418745279312134,0.6063098907470703,4.418745279312134
1PPF_E_I,2,1,1,-8.835901498794556,-3.2433948516845703,8.835901498794556,3.2433948516845703,4.417950749397278
1CHO_EFG_I,2,1,1,-8.831938868388534,-7.498386383056641,8.831938868388534,7.498386383056641,4.415969434194267
1PPF_E_I,2,1,1,-8.830064415931702,-3.745990753173828,8.830064415931702,3.745990753173828,4.415032207965851
1PPF_E_I,2,1,1,8.82894253730774,5.501516342163086,8.82894253730774,5.501516342163086,4.41447126865387
1PPF_E_I,2,2,2,8.820567846298218,3.902217864990234,8.820567846298218,3.902217864990234,4.410283923149109
2BDN_HL_A,1,1,1,4.408931493759155,0.2550506591796875,4.408931493759155,0.2550506591796875,4.408931493759155
1CBW_FGH_I,1,1,1,-4.403389811515808,-0.2625923156738281,4.403389811515808,0.2625923156738281,4.403389811515808
1R0R_E_I,2,1,1,-8.8051278591156,-6.618043899536133,8.8051278591156,6.618043899536133,4.4025639295578
1CHO_EFG_I,2,1,1,-8.801905632019043,-7.609169006347656,8.801905632019043,7.609169006347656,4.4009528160095215
1CHO_EFG_I,2,1,1,-8.801905632019043,-3.7251319885253906,8.801905632019043,3.7251319885253906,4.4009528160095215
1CHO_EFG_I,1,1,1,-4.400110602378845,-0.5310745239257812,4.400110602378845,0.5310745239257812,4.400110602378845
1R0R_E_I,2,1,1,8.793163895606995,7.3516082763671875,8.793163895606995,7.3516082763671875,4.396581947803497
1CHO_EFG_I,2,1,1,-8.791157960891724,-4.960258483886719,8.791157960891724,4.960258483886719,4.395578980445862
3SGB_E_I,2,1,1,-8.790779441595078,-7.812183380126953,8.790779441595078,7.812183380126953,4.395389720797539
1GL0_E_I,1,2,1,4.395152926445007,0.9248371124267578,4.395152926445007,0.9248371124267578,4.395152926445007
1CHO_EFG_I,2,1,1,-8.774073526263237,-6.990398406982422,8.774073526263237,6.990398406982422,4.3870367631316185
1CHO_EFG_I,2,1,1,-8.774073526263237,-5.378334045410156,8.774073526263237,5.378334045410156,4.3870367631316185
3SGB_E_I,2,1,1,-8.773267269134521,-9.831417083740234,8.773267269134521,9.831417083740234,4.386633634567261
1PPF_E_I,2,1,1,8.770838499069214,3.474246025085449,8.770838499069214,3.474246025085449,4.385419249534607
1CHO_EFG_I,2,1,1,-8.769044049084187,-7.841831207275391,8.769044049084187,7.841831207275391,4.384522024542093
1CHO_EFG_I,2,1,1,-8.76612102985382,-7.264678955078125,8.76612102985382,7.264678955078125,4.38306051492691
1CSE_E_I,1,1,1,-4.382699966430664,-0.1752166748046875,4.382699966430664,0.1752166748046875,4.382699966430664
1EMV_A_B,1,2,1,4.382547378540039,3.016143798828125,4.382547378540039,3.016143798828125,4.382547378540039
3SGB_E_I,2,1,1,8.76280927658081,6.6369476318359375,8.76280927658081,6.6369476318359375,4.381404638290405
3SGB_E_I,2,1,1,-8.761873632669449,-9.969734191894531,8.761873632669449,9.969734191894531,4.380936816334724
1R0R_E_I,1,1,1,-4.379561096429825,-2.4312973022460938,4.379561096429825,2.4312973022460938,4.379561096429825
1PPF_E_I,2,1,1,-8.758994340896606,-3.465333938598633,8.758994340896606,3.465333938598633,4.379497170448303
1CHO_EFG_I,3,3,1,13.138442277908325,6.922939300537109,13.138442277908325,6.922939300537109,4.379480759302775
1BRS_A_D,2,2,1,8.756790801882744,6.502017974853516,8.756790801882744,6.502017974853516,4.378395400941372
3SGB_E_I,2,1,1,8.75625792145729,7.785388946533203,8.75625792145729,7.785388946533203,4.378128960728645
1CHO_EFG_I,2,1,1,-8.750529289245605,-5.799121856689453,8.750529289245605,5.799121856689453,4.375264644622803
3SGB_E_I,2,1,1,-8.747353076934814,-6.662303924560547,8.747353076934814,6.662303924560547,4.373676538467407
1CHO_EFG_I,2,1,1,8.746186137199402,3.0640029907226562,8.746186137199402,3.0640029907226562,4.373093068599701
1R0R_E_I,1,1,1,-4.370790272951126,-2.115278244018555,4.370790272951126,2.115278244018555,4.370790272951126
1R0R_E_I,2,1,1,-8.736811757087708,-4.531780242919922,8.736811757087708,4.531780242919922,4.368405878543854
1CHO_EFG_I,2,1,1,-8.735891237854958,-6.7000732421875,8.735891237854958,6.7000732421875,4.367945618927479
1CHO_EFG_I,2,1,1,8.735891237854958,6.9940948486328125,8.735891237854958,6.9940948486328125,4.367945618927479
3HFM_HL_Y,1,1,1,4.365838646888733,0.26191329956054693,4.365838646888733,0.26191329956054693,4.365838646888733
3SGB_E_I,2,1,1,-8.723637640476227,-8.596450805664062,8.723637640476227,8.596450805664062,4.361818820238113
3SGB_E_I,2,1,1,8.71757447719574,9.273250579833984,8.71757447719574,9.273250579833984,4.35878723859787
1CHO_EFG_I,2,2,1,8.715779066085815,4.473640441894531,8.715779066085815,4.473640441894531,4.357889533042908
1PPF_E_I,2,1,1,8.714793682098389,5.979207992553711,8.714793682098389,5.979207992553711,4.357396841049194
1PPF_E_I,2,1,1,-8.710585832595825,-6.473474502563477,8.710585832595825,6.473474502563477,4.355292916297913
1PPF_E_I,2,1,1,-8.710585832595825,-7.394237518310547,8.710585832595825,7.394237518310547,4.355292916297913
1PPF_E_I,2,1,1,-8.7095947265625,-3.3818092346191406,8.7095947265625,3.3818092346191406,4.35479736328125
1PPF_E_I,2,1,1,8.708956599235535,6.481803894042969,8.708956599235535,6.481803894042969,4.354478299617767
1R0R_E_I,2,1,2,-8.708139419555664,-4.952493667602539,8.708139419555664,4.952493667602539,4.354069709777832
1JRH_LH_I,2,1,1,8.703699588775635,-0.9129905700683594,8.703699588775635,0.9129905700683594,4.351849794387817
1CHO_EFG_I,2,1,1,-8.70322622358799,-5.245838165283203,8.70322622358799,5.245838165283203,4.351613111793995
1CHO_EFG_I,2,1,1,-8.699737027287483,-7.508872985839844,8.699737027287483,7.508872985839844,4.349868513643742
3SGB_E_I,2,1,1,-8.687720462679863,-8.089561462402344,8.687720462679863,8.089561462402344,4.3438602313399315
1CHO_EFG_I,2,1,1,-8.68361496925354,-7.002403259277344,8.68361496925354,7.002403259277344,4.34180748462677
1CHO_EFG_I,2,1,1,8.681499361991882,3.332656860351562,8.681499361991882,3.332656860351562,4.340749680995941
1CHO_EFG_I,2,1,1,-8.678189307451248,-5.3188018798828125,8.678189307451248,5.3188018798828125,4.339094653725624
1CHO_EFG_I,2,1,1,-8.678189307451248,-6.568424224853516,8.678189307451248,6.568424224853516,4.339094653725624
1CHO_EFG_I,2,1,1,-8.678188920021057,-6.261238098144531,8.678188920021057,6.261238098144531,4.339094460010529
1PPF_E_I,2,2,1,-8.677313089370728,-3.1241893768310547,8.677313089370728,3.1241893768310547,4.338656544685364
1R0R_E_I,2,1,1,-8.674394488334656,-7.996061325073242,8.674394488334656,7.996061325073242,4.337197244167328
1CHO_EFG_I,1,1,1,-4.336061239242554,-6.919933319091797,4.336061239242554,6.919933319091797,4.336061239242554
1CHO_EFG_I,1,1,1,4.333383202552795,-3.437183380126953,4.333383202552795,3.437183380126953,4.333383202552795
3SGB_E_I,1,1,1,-4.33273184299469,-2.339374542236328,4.33273184299469,2.339374542236328,4.33273184299469
1R0R_E_I,1,1,1,-4.332435846328735,-1.5484390258789062,4.332435846328735,1.5484390258789062,4.332435846328735
1CHO_EFG_I,1,1,1,-4.331547975540161,-2.598480224609375,4.331547975540161,2.598480224609375,4.331547975540161
1CHO_EFG_I,2,1,1,-8.661204904317856,-8.718475341796875,8.661204904317856,8.718475341796875,4.330602452158928
1CHO_EFG_I,2,1,1,-8.661204904317856,-8.753555297851562,8.661204904317856,8.753555297851562,4.330602452158928
1CHO_EFG_I,2,1,1,8.661204904317856,8.252490997314453,8.661204904317856,8.252490997314453,4.330602452158928
1CHO_EFG_I,2,2,1,-8.661204904317856,-7.863227844238281,8.661204904317856,7.863227844238281,4.330602452158928
1R0R_E_I,2,1,1,-8.657818078994751,-8.462632179260254,8.657818078994751,8.462632179260254,4.3289090394973755
1CHO_EFG_I,2,1,1,-8.654859185218811,-2.8523483276367188,8.654859185218811,2.8523483276367188,4.3274295926094055
1CHO_EFG_I,2,1,1,-8.653581738471985,-7.367618560791016,8.653581738471985,7.367618560791016,4.326790869235992
1PPF_E_I,2,1,1,8.65248417854309,3.3524274826049805,8.65248417854309,3.3524274826049805,4.326242089271545
1CHO_EFG_I,1,1,1,4.322874069213867,5.052299499511719,4.322874069213867,5.052299499511719,4.322874069213867
1R0R_E_I,2,1,1,-8.645082950592041,-2.907337188720703,8.645082950592041,2.907337188720703,4.3225414752960205
1R0R_E_I,2,1,1,-8.645082950592041,-5.139408111572266,8.645082950592041,5.139408111572266,4.3225414752960205
1PPF_E_I,2,1,1,8.640805006027222,-1.5018653869628906,8.640805006027222,1.5018653869628906,4.320402503013611
1PPF_E_I,2,1,1,8.640805006027222,-0.5811023712158203,8.640805006027222,0.5811023712158203,4.320402503013611
1BRS_A_D,1,1,2,-4.320227384567261,-1.7573261260986328,4.320227384567261,1.7573261260986328,4.320227384567261
3SGB_E_I,2,1,1,-8.639647781848907,-6.431587219238281,8.639647781848907,6.431587219238281,4.319823890924454
2FTL_E_I,1,1,1,-4.31912136077881,-1.10186767578125,4.31912136077881,1.10186767578125,4.31912136077881
1PPF_E_I,2,1,1,8.63788652420044,6.201147079467773,8.63788652420044,6.201147079467773,4.31894326210022
3SGB_E_I,2,1,1,8.635341227054596,9.31793212890625,8.635341227054596,9.31793212890625,4.317670613527298
3SGB_E_I,2,1,1,-8.635341227054596,-6.744651794433594,8.635341227054596,6.744651794433594,4.317670613527298
1CHO_EFG_I,1,1,1,4.317037105560303,7.201416015625,4.317037105560303,7.201416015625,4.317037105560303
3HFM_HL_Y,1,1,1,4.3163145780563354,2.5612125396728516,4.3163145780563354,2.5612125396728516,4.3163145780563354
1PPF_E_I,2,1,1,-8.631837129592896,-4.673032760620117,8.631837129592896,4.673032760620117,4.315918564796448
1R0R_E_I,1,1,1,-4.315444707870483,-1.0868616104125977,4.315444707870483,1.0868616104125977,4.315444707870483
2FTL_E_I,1,1,1,-4.314441680908203,0.7247505187988281,4.314441680908203,0.7247505187988281,4.314441680908203
3SGB_E_I,1,2,3,-4.312475398182869,-3.871906280517578,4.312475398182869,3.871906280517578,4.312475398182869
1CHO_EFG_I,2,1,1,-8.620863124728203,-8.17519760131836,8.620863124728203,8.17519760131836,4.310431562364101
1CHO_EFG_I,2,1,1,8.620863124728203,7.938983917236328,8.620863124728203,7.938983917236328,4.310431562364101
1CHO_EFG_I,2,1,1,8.620863124728203,7.8013458251953125,8.620863124728203,7.8013458251953125,4.310431562364101
3SGB_E_I,1,1,1,4.310004353523254,4.369842529296875,4.310004353523254,4.369842529296875,4.310004353523254
1PPF_E_I,1,1,1,-4.30995774269104,0.15729713439941406,4.30995774269104,0.15729713439941406,4.30995774269104
2WPT_A_B,2,1,1,-8.619868278503418,-5.816951751708984,8.619868278503418,5.816951751708984,4.309934139251709
2WPT_A_B,2,1,1,-8.619868278503418,-4.748073577880859,8.619868278503418,4.748073577880859,4.309934139251709
2WPT_A_B,2,1,1,-8.619868278503418,-5.2619781494140625,8.619868278503418,5.2619781494140625,4.309934139251709
1PPF_E_I,2,1,1,-8.616253137588501,-3.3219728469848633,8.616253137588501,3.3219728469848633,4.3081265687942505
1PPF_E_I,2,1,1,-8.613547086715698,-3.2293472290039062,8.613547086715698,3.2293472290039062,4.306773543357849
1R0R_E_I,2,1,1,-8.605087459087372,-7.625471115112305,8.605087459087372,7.625471115112305,4.302543729543686
1CHO_EFG_I,2,1,1,-8.59568322263658,-5.301738739013672,8.59568322263658,5.301738739013672,4.29784161131829
1CHO_EFG_I,2,1,1,-8.595682859420776,-5.99896240234375,8.595682859420776,5.99896240234375,4.297841429710388
1PPF_E_I,2,1,1,8.59473580121994,4.878437042236328,8.59473580121994,4.878437042236328,4.29736790060997
1CHO_EFG_I,2,1,1,-8.590172410011292,-3.1210021972656246,8.590172410011292,3.1210021972656246,4.295086205005646
3SGB_E_I,1,1,1,4.29464054107666,5.320064544677734,4.29464054107666,5.320064544677734,4.29464054107666
1PPF_E_I,2,1,1,8.588486909866333,6.117622375488281,8.588486909866333,6.117622375488281,4.2942434549331665
1CHO_EFG_I,2,1,1,-8.587567329406738,-6.769176483154297,8.587567329406738,6.769176483154297,4.293783664703369
3SGB_E_I,2,1,1,-8.587219044566154,-8.289016723632812,8.587219044566154,8.289016723632812,4.293609522283077
3SGB_E_I,2,1,1,-8.587219044566154,-8.41238784790039,8.587219044566154,8.41238784790039,4.293609522283077
1PPF_E_I,1,1,1,4.292686104774475,1.7869129180908203,4.292686104774475,1.7869129180908203,4.292686104774475
1CHO_EFG_I,1,1,1,-4.28869891166687,-6.703731536865234,4.28869891166687,6.703731536865234,4.28869891166687
1CHO_EFG_I,2,1,1,8.57689844071865,4.748912811279297,8.57689844071865,4.748912811279297,4.288449220359325
1R0R_E_I,2,2,1,8.576534867286682,6.796174049377441,8.576534867286682,6.796174049377441,4.288267433643341
1PPF_E_I,2,1,1,-8.576103687286377,-6.038684844970703,8.576103687286377,6.038684844970703,4.2880518436431885
3SGB_E_I,1,1,1,-4.287609577178955,-4.16815185546875,4.287609577178955,4.16815185546875,4.287609577178955
3SGB_E_I,2,1,1,-8.57064588367939,-9.436439514160156,8.57064588367939,9.436439514160156,4.285322941839695
3SGB_E_I,2,1,1,-8.57064588367939,-8.436561584472656,8.57064588367939,8.436561584472656,4.285322941839695
1R0R_E_I,2,1,1,-8.566555321216583,-5.077428817749023,8.566555321216583,5.077428817749023,4.283277660608292
1CHO_EFG_I,2,1,1,8.56564998626709,1.5284843444824219,8.56564998626709,1.5284843444824219,4.282824993133545
1CHO_EFG_I,2,1,1,-8.56564998626709,-5.4125213623046875,8.56564998626709,5.4125213623046875,4.282824993133545
1CHO_EFG_I,2,1,1,-8.565649628639221,-6.364177703857422,8.565649628639221,6.364177703857422,4.282824814319611
1R0R_E_I,1,1,1,-4.281715035438538,-1.3221607208251958,4.281715035438538,1.3221607208251958,4.281715035438538
1PPF_E_I,2,1,1,-8.562530279159546,2.4791946411132812,8.562530279159546,2.4791946411132812,4.281265139579773
1R0R_E_I,1,1,1,-4.281240999698639,-0.2654762268066406,4.281240999698639,0.2654762268066406,4.281240999698639
1PPF_E_I,2,1,1,-8.562404870986938,-6.74078369140625,8.562404870986938,6.74078369140625,4.281202435493469
1PPF_E_I,1,1,1,4.280589580535889,1.3385238647460938,4.280589580535889,1.3385238647460938,4.280589580535889
1CHO_EFG_I,3,3,1,12.838699698448181,9.212791442871094,12.838699698448181,9.212791442871094,4.279566566149394
1PPF_E_I,2,1,2,8.55620527267456,5.860002517700195,8.55620527267456,5.860002517700195,4.27810263633728
3SGB_E_I,2,1,1,8.55452374368906,8.225692749023438,8.55452374368906,8.225692749023438,4.27726187184453
3SGB_E_I,2,1,1,-8.55452374368906,-7.500598907470703,8.55452374368906,7.500598907470703,4.27726187184453
3SGB_E_I,1,1,1,4.273555755615234,4.165679931640625,4.273555755615234,4.165679931640625,4.273555755615234
3SGB_E_I,2,1,1,-8.534969098865986,-7.318904876708984,8.534969098865986,7.318904876708984,4.267484549432993
1PPF_E_I,1,1,1,4.26729142665863,2.0215911865234375,4.26729142665863,2.0215911865234375,4.26729142665863
1CHO_EFG_I,2,1,1,-8.532788403332233,-5.645183563232422,8.532788403332233,5.645183563232422,4.266394201666117
1PPF_E_I,1,1,1,-4.265968084335327,-3.315584182739258,4.265968084335327,3.315584182739258,4.265968084335327
1PPF_E_I,2,1,1,-8.530920147895813,-3.9829788208007812,8.530920147895813,3.9829788208007812,4.2654600739479065
1R0R_E_I,2,1,1,-8.526213526725769,-7.043802261352539,8.526213526725769,7.043802261352539,4.2631067633628845
1R0R_E_I,2,1,1,-8.526213526725769,-10.306312561035156,8.526213526725769,10.306312561035156,4.2631067633628845
1R0R_E_I,1,1,1,-4.262951135635376,-0.6429080963134766,4.262951135635376,0.6429080963134766,4.262951135635376
1PPF_E_I,2,1,1,-8.52542895078659,2.2737903594970703,8.52542895078659,2.2737903594970703,4.262714475393295
1R0R_E_I,1,1,1,-4.26235830783844,-1.1117420196533203,4.26235830783844,1.1117420196533203,4.26235830783844
1R0R_E_I,2,1,3,-8.52466706931591,-2.756582260131836,8.52466706931591,2.756582260131836,4.262333534657955
1PPF_E_I,1,1,1,-4.258686855435371,-2.149965286254883,4.258686855435371,2.149965286254883,4.258686855435371
1CHO_EFG_I,2,1,1,8.511804461479187,0.075439453125,8.511804461479187,0.075439453125,4.2559022307395935
1PPF_E_I,1,1,1,-4.254024267196655,4.404533386230469,4.254024267196655,4.404533386230469,4.254024267196655
1PPF_E_I,2,1,1,-8.506796836853027,1.1135425567626955,8.506796836853027,1.1135425567626955,4.253398418426514
3SGB_E_I,1,1,1,4.252909377217293,3.6748771667480464,4.252909377217293,3.6748771667480464,4.252909377217293
1BRS_A_D,1,2,1,4.249929904937744,1.1552391052246094,4.249929904937744,1.1552391052246094,4.249929904937744
1CHO_EFG_I,2,1,1,8.499635592103004,4.797447204589844,8.499635592103004,4.797447204589844,4.249817796051502
1CHO_EFG_I,2,1,1,8.499635592103004,4.503425598144531,8.499635592103004,4.503425598144531,4.249817796051502
1CHO_EFG_I,2,1,1,-8.499635219573975,-5.765735626220703,8.499635219573975,5.765735626220703,4.249817609786987
1R0R_E_I,2,1,1,8.495941758155823,6.162010192871094,8.495941758155823,6.162010192871094,4.247970879077911
1PPF_E_I,2,1,1,8.492624044418335,-1.2345561981201172,8.492624044418335,1.2345561981201172,4.2463120222091675
1PPF_E_I,2,1,1,8.492439270019531,5.965160369873047,8.492439270019531,5.965160369873047,4.246219635009766
1R0R_E_I,2,1,1,-8.482248842716217,-7.737209320068359,8.482248842716217,7.737209320068359,4.2411244213581085
1CHO_EFG_I,2,4,5,-8.481770753860474,-2.880126953125,8.481770753860474,2.880126953125,4.240885376930237
3SGB_E_I,1,1,1,4.240694284439087,2.0961532592773438,4.240694284439087,2.0961532592773438,4.240694284439087
3SGB_E_I,1,1,1,4.240694284439087,2.5433006286621094,4.240694284439087,2.5433006286621094,4.240694284439087
1CHO_EFG_I,2,1,1,-8.477808386087418,-7.1384429931640625,8.477808386087418,7.1384429931640625,4.238904193043709
1PPF_E_I,2,1,1,-8.476262331008911,-2.104095458984375,8.476262331008911,2.104095458984375,4.238131165504456
1PPF_E_I,2,1,1,8.476262331008911,3.0248584747314453,8.476262331008911,3.0248584747314453,4.238131165504456
1MLC_AB_E,1,5,4,4.237001816431681,-1.631354014078776,4.237001816431681,1.631354014078776,4.237001816431681
1PPF_E_I,2,1,1,-8.472074449062347,-5.090705871582031,8.472074449062347,5.090705871582031,4.236037224531174
1PPF_E_I,2,1,1,-8.471077919006348,-6.435003280639648,8.471077919006348,6.435003280639648,4.235538959503174
3SGB_E_I,2,1,1,-8.469478346407413,-7.779659271240234,8.469478346407413,7.779659271240234,4.234739173203707
3SGB_E_I,2,1,1,-8.469478346407413,-8.857078552246094,8.469478346407413,8.857078552246094,4.234739173203707
1CHO_EFG_I,2,1,1,-8.46348138153553,-5.312225341796875,8.46348138153553,5.312225341796875,4.231740690767765
3S9D_A_B,1,2,1,4.2301987409591675,0.6232528686523438,4.2301987409591675,0.6232528686523438,4.2301987409591675
3SGB_E_I,2,1,1,-8.459233965724707,-9.082778930664062,8.459233965724707,9.082778930664062,4.229616982862353
1R0R_E_I,2,1,1,8.453950762748718,8.040956497192383,8.453950762748718,8.040956497192383,4.226975381374359
1R0R_E_I,1,1,1,4.224181950092316,-0.5511741638183594,4.224181950092316,0.5511741638183594,4.224181950092316
3SGB_E_I,2,1,1,-8.445844650268555,-7.3572998046875,8.445844650268555,7.3572998046875,4.222922325134277
1PPF_E_I,2,1,1,8.445113182067871,7.986217498779297,8.445113182067871,7.986217498779297,4.2225565910339355
3SGB_E_I,1,1,2,-4.22043764591217,-3.8804168701171875,4.22043764591217,3.8804168701171875,4.22043764591217
3SGB_E_I,2,1,1,-8.435997576452792,-8.434745788574219,8.435997576452792,8.434745788574219,4.217998788226396
3SGB_E_I,2,1,1,-8.435997576452792,-8.278152465820312,8.435997576452792,8.278152465820312,4.217998788226396
1CHO_EFG_I,2,3,1,8.434920370578766,6.688447952270508,8.434920370578766,6.688447952270508,4.217460185289383
1PPF_E_I,1,1,1,-4.215029031038284,-2.318359375,4.215029031038284,2.318359375,4.215029031038284
1CHO_EFG_I,2,1,1,-8.429244995117188,-2.158941268920898,8.429244995117188,2.158941268920898,4.214622497558594
1BRS_A_D,2,1,2,-8.425244972109795,-3.060688018798828,8.425244972109795,3.060688018798828,4.212622486054897
1CHO_EFG_I,2,1,1,-8.424949258565903,-6.556907653808594,8.424949258565903,6.556907653808594,4.212474629282951
1CHO_EFG_I,2,1,1,-8.424949258565903,-6.521827697753906,8.424949258565903,6.521827697753906,4.212474629282951
1CHO_EFG_I,2,1,1,8.424949258565903,6.055843353271484,8.424949258565903,6.055843353271484,4.212474629282951
1PPF_E_I,2,1,1,8.42477136850357,6.148103713989258,8.42477136850357,6.148103713989258,4.212385684251785
1PPF_E_I,2,1,1,-8.42477136850357,-5.181919097900391,8.42477136850357,5.181919097900391,4.212385684251785
1PPF_E_I,2,1,1,-8.424534559249878,-3.8454360961914062,8.424534559249878,3.8454360961914062,4.212267279624939
1PPF_E_I,2,1,1,8.424534559249878,4.534589767456055,8.424534559249878,4.534589767456055,4.212267279624939
1PPF_E_I,2,1,1,-8.424534559249878,-2.924673080444336,8.424534559249878,2.924673080444336,4.212267279624939
1PPF_E_I,2,1,1,8.424534559249878,3.6138267517089844,8.424534559249878,3.6138267517089844,4.212267279624939
1PPF_E_I,1,1,1,-4.211282730102539,5.813703536987305,4.211282730102539,5.813703536987305,4.211282730102539
1CHO_EFG_I,2,1,1,-8.421282440423965,-7.518791198730469,8.421282440423965,7.518791198730469,4.210641220211983
1CHO_EFG_I,2,1,1,8.421282440423965,8.559806823730469,8.421282440423965,8.559806823730469,4.210641220211983
1CHO_EFG_I,2,2,1,-8.421282440423965,-7.971469879150391,8.421282440423965,7.971469879150391,4.210641220211983
1CHO_EFG_I,2,1,1,8.421282440423965,8.494552612304688,8.421282440423965,8.494552612304688,4.210641220211983
1PPF_E_I,1,1,1,-4.2084686160087585,0.38019466400146484,4.2084686160087585,0.38019466400146484,4.2084686160087585
1CHO_EFG_I,2,1,1,-8.415387362241745,-8.167163848876953,8.415387362241745,8.167163848876953,4.2076936811208725
3SGB_E_I,2,1,1,-8.41363824531436,-8.724193572998047,8.41363824531436,8.724193572998047,4.20681912265718
3SGB_E_I,2,1,1,-8.410033881664276,-7.462947845458984,8.410033881664276,7.462947845458984,4.205016940832138
3SGB_E_I,2,1,1,-8.410033881664276,-7.470920562744141,8.410033881664276,7.470920562744141,4.205016940832138
1PPF_E_I,2,1,1,8.409812331199646,6.718791961669922,8.409812331199646,6.718791961669922,4.204906165599823
1CHO_EFG_I,2,1,1,8.409550338983536,7.527992248535156,8.409550338983536,7.527992248535156,4.204775169491768
1R0R_E_I,2,1,1,8.409445405006409,7.58465576171875,8.409445405006409,7.58465576171875,4.204722702503204
3SGB_E_I,2,1,1,8.40661472082138,7.5425567626953125,8.40661472082138,7.5425567626953125,4.20330736041069
3SGB_E_I,2,1,1,-8.40430809929967,-8.648635864257812,8.40430809929967,8.648635864257812,4.202154049649835
3SGB_E_I,2,1,1,-8.40430809929967,-9.026824951171875,8.40430809929967,9.026824951171875,4.202154049649835
1CHO_EFG_I,2,1,1,8.40377026796341,8.088420867919922,8.40377026796341,8.088420867919922,4.201885133981705
1CHO_EFG_I,3,3,1,12.604318022727966,6.2242279052734375,12.604318022727966,6.2242279052734375,4.201439340909322
1PPF_E_I,2,1,1,-8.402767598628998,2.061521530151367,8.402767598628998,2.061521530151367,4.201383799314499
1CHO_EFG_I,1,1,1,4.201359152793884,0.4245567321777344,4.201359152793884,0.4245567321777344,4.201359152793884
1CHO_EFG_I,1,1,1,4.2007668018341064,3.5381393432617188,4.2007668018341064,3.5381393432617188,4.2007668018341064
1PPF_E_I,2,1,1,8.401297092437744,-1.5403366088867188,8.401297092437744,1.5403366088867188,4.200648546218872
1R0R_E_I,2,1,1,8.39405620098114,7.889514923095703,8.39405620098114,7.889514923095703,4.19702810049057
1PPF_E_I,1,1,1,-4.1966612339019775,3.8366432189941406,4.1966612339019775,3.8366432189941406,4.1966612339019775
3SGB_E_I,2,1,1,-8.392092160880566,-9.086677551269531,8.392092160880566,9.086677551269531,4.196046080440283
3SGB_E_I,2,1,1,-8.392092160880566,-8.472286224365234,8.392092160880566,8.472286224365234,4.196046080440283
1CHO_EFG_I,2,1,1,8.38460747897625,5.742336273193359,8.38460747897625,5.742336273193359,4.192303739488125
1CHO_EFG_I,2,1,1,-8.38460747897625,-5.978549957275391,8.38460747897625,5.978549957275391,4.192303739488125
1R0R_E_I,2,1,1,-8.383158802986145,-7.440410614013672,8.383158802986145,7.440410614013672,4.1915794014930725
3SGB_E_I,2,1,1,-8.380123026669025,-8.592445373535156,8.380123026669025,8.592445373535156,4.190061513334513
1R0R_E_I,2,1,1,-8.377172350883484,-6.806463241577148,8.377172350883484,6.806463241577148,4.188586175441742
3SGB_E_I,2,1,1,-8.377172291278839,-7.156261444091797,8.377172291278839,7.156261444091797,4.1885861456394196
1CHO_EFG_I,2,1,1,8.37568673491478,8.729301452636719,8.37568673491478,8.729301452636719,4.18784336745739
1PPF_E_I,2,1,1,8.373102962970734,5.294893264770508,8.373102962970734,5.294893264770508,4.186551481485367
1BRS_A_D,1,2,1,4.185637950897216,4.654712677001953,4.185637950897216,4.654712677001953,4.185637950897216
1R0R_E_I,1,1,1,4.1838401556015015,2.9305419921875,4.1838401556015015,2.9305419921875,4.1838401556015015
1JTG_A_B,1,1,2,-4.182233557105064,-1.0618019104003904,4.182233557105064,1.0618019104003904,4.182233557105064
1MLC_AB_E,1,5,4,4.180535117785135,-0.061659495035807255,4.180535117785135,0.061659495035807255,4.180535117785135
1R0R_E_I,2,1,1,-8.360595941543579,-7.27303409576416,8.360595941543579,7.27303409576416,4.1802979707717896
1CHO_EFG_I,2,1,1,-8.359454154968262,-7.1723175048828125,8.359454154968262,7.1723175048828125,4.179727077484131
4MNQ_ABC_DE,1,5,4,4.179368853569031,2.305461883544922,4.179368853569031,2.305461883544922,4.179368853569031
1PPF_E_I,2,1,1,-8.356929063796997,-6.912694931030273,8.356929063796997,6.912694931030273,4.1784645318984985
3SGB_E_I,2,1,1,-8.356886640191078,-9.700340270996094,8.356886640191078,9.700340270996094,4.178443320095539
1PPF_E_I,2,1,1,-8.355464518070221,1.970308303833008,8.355464518070221,1.970308303833008,4.1777322590351105
1PPF_E_I,2,1,1,-8.355464518070221,1.0041236877441408,8.355464518070221,1.0041236877441408,4.1777322590351105
1PPF_E_I,2,1,1,-8.351091980934143,-7.415290832519531,8.351091980934143,7.415290832519531,4.1755459904670715
1BRS_A_D,1,2,1,4.1750195026397705,4.7415771484375,4.1750195026397705,4.7415771484375,4.1750195026397705
3SGB_E_I,2,1,1,-8.34401947259903,-7.295928955078125,8.34401947259903,7.295928955078125,4.172009736299515
3SGB_E_I,1,1,1,4.171624388545752,3.5981674194335938,4.171624388545752,3.5981674194335938,4.171624388545752
1CHO_EFG_I,2,3,1,8.340811878442764,3.0226688385009766,8.340811878442764,3.0226688385009766,4.170405939221382
1CHO_EFG_I,2,1,1,8.340642794966698,2.552265167236328,8.340642794966698,2.552265167236328,4.170321397483349
1CHO_EFG_I,1,1,1,-4.167251944541931,-1.0958175659179688,4.167251944541931,1.0958175659179688,4.167251944541931
1CHO_EFG_I,1,1,1,4.167251944541931,-0.4378089904785156,4.167251944541931,0.4378089904785156,4.167251944541931
1CHO_EFG_I,2,1,1,8.333350718021393,4.951271057128906,8.333350718021393,4.951271057128906,4.166675359010696
3SGB_E_I,2,1,1,-8.331790804862976,-8.533210754394531,8.331790804862976,8.533210754394531,4.165895402431488
1CHO_EFG_I,2,1,1,-8.329484462738037,-7.261821746826172,8.329484462738037,7.261821746826172,4.1647422313690186
1PPF_E_I,2,1,1,8.328081369400024,2.3714046478271484,8.328081369400024,2.3714046478271484,4.164040684700012
1PPF_E_I,2,1,1,8.326758861541748,7.864398956298828,8.326758861541748,7.864398956298828,4.163379430770874
1R0R_E_I,2,1,1,8.326632857322693,7.630950927734375,8.326632857322693,7.630950927734375,4.163316428661346
1CHO_EFG_I,2,1,1,-8.322602987289429,-1.2070159912109377,8.322602987289429,1.2070159912109377,4.161301493644714
3SGB_E_I,2,1,1,-8.318294733762741,-7.6245880126953125,8.318294733762741,7.6245880126953125,4.1591473668813705
3SGB_E_I,2,1,1,-8.318294733762741,-8.767158508300781,8.318294733762741,8.767158508300781,4.1591473668813705
1R0R_E_I,1,1,1,-4.157504566013814,-0.5678329467773438,4.157504566013814,0.5678329467773438,4.157504566013814
1R0R_E_I,1,1,2,-4.156377613544464,-2.709257125854492,4.156377613544464,2.709257125854492,4.156377613544464
1R0R_E_I,2,1,1,-8.3078653216362,-6.435873031616211,8.3078653216362,6.435873031616211,4.1539326608181
3SGB_E_I,2,1,1,-8.307865262031555,-7.446800231933594,8.307865262031555,7.446800231933594,4.153932631015778
3SGB_E_I,2,1,1,-8.307865262031555,-8.840938568115234,8.307865262031555,8.840938568115234,4.153932631015778
3SGB_E_I,2,1,1,8.307865262031555,5.580291748046875,8.307865262031555,5.580291748046875,4.153932631015778
3SGB_E_I,2,1,1,-8.307865262031555,-7.499088287353516,8.307865262031555,7.499088287353516,4.153932631015778
3SGB_E_I,2,1,1,-8.30509926378727,-8.12890625,8.30509926378727,8.12890625,4.152549631893635
1PPF_E_I,1,1,1,-4.152535140514374,4.6274309158325195,4.152535140514374,4.6274309158325195,4.152535140514374
1PPF_E_I,2,1,1,8.303796112537384,-1.8573341369628908,8.303796112537384,1.8573341369628908,4.151898056268692
1R0R_E_I,2,1,1,-8.303396463394165,-7.070966720581055,8.303396463394165,7.070966720581055,4.1516982316970825
1PPF_E_I,2,1,1,-8.303380966186523,-3.625040054321289,8.303380966186523,3.625040054321289,4.151690483093262
1CHO_EFG_I,2,1,1,8.298636496067047,8.104644775390625,8.298636496067047,8.104644775390625,4.149318248033524
1PPF_E_I,1,1,1,4.149039268493652,0.070587158203125,4.149039268493652,0.070587158203125,4.149039268493652
1R0R_E_I,2,1,1,8.297727048397064,8.824127197265625,8.297727048397064,8.824127197265625,4.148863524198532
1CHO_EFG_I,2,1,1,-8.297566056251526,-3.5114364624023438,8.297566056251526,3.5114364624023438,4.148783028125763
1PPF_E_I,2,1,1,-8.290527820587158,-7.833944320678711,8.290527820587158,7.833944320678711,4.145263910293579
2FTL_E_I,1,1,1,-4.144240856170654,-0.19659042358398438,4.144240856170654,0.19659042358398438,4.144240856170654
1CHO_EFG_I,1,1,1,4.144181728363037,-2.3056068420410156,4.144181728363037,2.3056068420410156,4.144181728363037
1PPF_E_I,2,1,1,-8.287195146083832,-6.513906478881836,8.287195146083832,6.513906478881836,4.143597573041916
1PPF_E_I,2,1,1,8.287148237228394,-1.0626449584960938,8.287148237228394,1.0626449584960938,4.143574118614197
1A4Y_A_B,2,1,3,-8.286839365959167,-4.728506088256836,8.286839365959167,4.728506088256836,4.143419682979584
1CBW_FGH_I,1,1,1,4.142209053039551,1.0618133544921875,4.142209053039551,1.0618133544921875,4.142209053039551
1PPF_E_I,2,1,1,8.28131115436554,-0.5600490570068359,8.28131115436554,0.5600490570068359,4.14065557718277
1R0R_E_I,2,1,1,-8.281037151813507,-7.442934036254883,8.281037151813507,7.442934036254883,4.1405185759067535
1R0R_E_I,2,1,1,8.281037151813507,7.683557510375977,8.281037151813507,7.683557510375977,4.1405185759067535
1PPF_E_I,2,1,1,-8.280021905899048,-7.134634017944336,8.280021905899048,7.134634017944336,4.140010952949524
3SGB_E_I,1,1,1,-4.138701677322388,-3.49395751953125,4.138701677322388,3.49395751953125,4.138701677322388
3SGB_E_I,2,1,1,-8.27706404030323,-5.515033721923828,8.27706404030323,5.515033721923828,4.138532020151615
3SGB_E_I,2,1,1,-8.27706404030323,-9.517074584960938,8.27706404030323,9.517074584960938,4.138532020151615
3SGB_E_I,2,1,1,-8.27706404030323,-8.441356658935547,8.27706404030323,8.441356658935547,4.138532020151615
1CHO_EFG_I,3,3,1,12.415116548538208,7.355804443359375,12.415116548538208,7.355804443359375,4.138372182846069
1PPF_E_I,2,1,1,-8.276353597640991,-3.1919822692871094,8.276353597640991,3.1919822692871094,4.138176798820496
1PPF_E_I,2,1,1,8.276353597640991,3.881135940551758,8.276353597640991,3.881135940551758,4.138176798820496
1PPF_E_I,1,1,1,4.136938884854317,1.9082622528076167,4.136938884854317,1.9082622528076167,4.136938884854317
1R0R_E_I,1,1,1,-4.136783301830292,-0.23688125610351562,4.136783301830292,0.23688125610351562,4.136783301830292
1CHO_EFG_I,2,1,1,-8.272958517074585,-6.033000946044922,8.272958517074585,6.033000946044922,4.1364792585372925
1CHO_EFG_I,2,1,1,-8.272958517074585,-7.337398529052734,8.272958517074585,7.337398529052734,4.1364792585372925
1CHO_EFG_I,2,1,1,-8.272958517074585,-5.313694000244141,8.272958517074585,5.313694000244141,4.1364792585372925
1R0R_E_I,2,1,1,-8.269333183765411,-3.8878307342529297,8.269333183765411,3.8878307342529297,4.134666591882706
3SGB_E_I,2,1,1,-8.269333124160767,-7.0424041748046875,8.269333124160767,7.0424041748046875,4.134666562080383
3SGB_E_I,2,1,1,-8.269333124160767,-7.4715728759765625,8.269333124160767,7.4715728759765625,4.134666562080383
1JTG_A_B,1,1,2,-4.134510263800621,0.2309226989746096,4.134510263800621,0.2309226989746096,4.134510263800621
3SGB_E_I,1,1,1,-4.13374400138855,-1.5727043151855469,4.13374400138855,1.5727043151855469,4.13374400138855
1CHO_EFG_I,1,2,1,4.13285493850708,3.5713348388671875,4.13285493850708,3.5713348388671875,4.13285493850708
1CHO_EFG_I,1,1,1,-4.132508307695389,-0.7244892120361328,4.132508307695389,0.7244892120361328,4.132508307695389
3SGB_E_I,2,1,1,-8.262313440442085,-7.167713165283203,8.262313440442085,7.167713165283203,4.131156720221043
2FTL_E_I,2,1,1,-8.2597131729126,-9.262191772460938,8.2597131729126,9.262191772460938,4.1298565864563
2FTL_E_I,2,1,1,-8.2597131729126,-9.379524230957031,8.2597131729126,9.379524230957031,4.1298565864563
2FTL_E_I,2,1,1,-8.2597131729126,-9.853363037109375,8.2597131729126,9.853363037109375,4.1298565864563
2FTL_E_I,2,1,1,-8.2597131729126,-10.41607666015625,8.2597131729126,10.41607666015625,4.1298565864563
2FTL_E_I,2,1,1,-8.2597131729126,-9.371295928955078,8.2597131729126,9.371295928955078,4.1298565864563
2FTL_E_I,2,1,1,-8.2597131729126,-7.1066131591796875,8.2597131729126,7.1066131591796875,4.1298565864563
2FTL_E_I,2,1,1,-8.2597131729126,-10.137798309326172,8.2597131729126,10.137798309326172,4.1298565864563
2FTL_E_I,2,1,1,-8.2597131729126,-9.284523010253906,8.2597131729126,9.284523010253906,4.1298565864563
2FTL_E_I,2,1,1,-8.2597131729126,-9.409225463867188,8.2597131729126,9.409225463867188,4.1298565864563
2FTL_E_I,2,1,1,-8.2597131729126,-7.877220153808594,8.2597131729126,7.877220153808594,4.1298565864563
2FTL_E_I,2,1,1,-8.2597131729126,-10.417182922363281,8.2597131729126,10.417182922363281,4.1298565864563
4MNQ_ABC_DE,1,5,4,4.129553765058518,2.6162490844726562,4.129553765058518,2.6162490844726562,4.129553765058518
3SGB_E_I,2,1,1,8.256255626678467,6.715404510498047,8.256255626678467,6.715404510498047,4.128127813339233
1BRS_A_D,2,2,1,8.254807159304619,2.586414337158203,8.254807159304619,2.586414337158203,4.127403579652309
1PPF_E_I,2,1,1,-8.254333555698395,-6.105869293212891,8.254333555698395,6.105869293212891,4.127166777849197
1PPF_E_I,2,1,1,8.254333555698395,7.633420944213867,8.254333555698395,7.633420944213867,4.127166777849197
1PPF_E_I,2,1,1,8.254333555698395,6.50550651550293,8.254333555698395,6.50550651550293,4.127166777849197
1R0R_E_I,2,2,1,8.25430828332901,3.802065849304199,8.25430828332901,3.802065849304199,4.127154141664505
1CHO_EFG_I,1,1,1,-4.126671344041824,-2.873605728149414,4.126671344041824,2.873605728149414,4.126671344041824
1R0R_E_I,2,1,1,-8.249004900455475,-7.803276062011719,8.249004900455475,7.803276062011719,4.124502450227737
3SGB_E_I,2,1,1,-8.24792118370533,-8.12485122680664,8.24792118370533,8.12485122680664,4.123960591852665
1PPF_E_I,2,1,1,8.247447490692139,-0.6221961975097656,8.247447490692139,0.6221961975097656,4.123723745346069
1JRH_LH_I,2,1,1,8.242104530334473,0.22761154174804693,8.242104530334473,0.22761154174804693,4.121052265167236
1CHO_EFG_I,2,1,1,-8.241552740335464,-4.941795349121094,8.241552740335464,4.941795349121094,4.120776370167732
1CHO_EFG_I,2,1,1,-8.241552352905273,-6.258380889892578,8.241552352905273,6.258380889892578,4.120776176452637
3SGB_E_I,2,1,1,-8.24079942703247,-6.740760803222656,8.24079942703247,6.740760803222656,4.120399713516235
1R0R_E_I,1,1,1,-4.119177147746086,-1.845438003540039,4.119177147746086,1.845438003540039,4.119177147746086
1PPF_E_I,2,1,1,8.236754417419434,2.065624237060547,8.236754417419434,2.065624237060547,4.118377208709717
1R0R_E_I,1,1,1,-4.116698503494263,2.2997989654541016,4.116698503494263,2.2997989654541016,4.116698503494263
1CHO_EFG_I,2,1,1,-8.232879281044006,-3.7800903320312496,8.232879281044006,3.7800903320312496,4.116439640522003
1PPF_E_I,2,1,1,-8.230622291564941,-7.051109313964844,8.230622291564941,7.051109313964844,4.115311145782471
1PPF_E_I,1,1,1,-4.114726148545742,-1.8712186813354492,4.114726148545742,1.8712186813354492,4.114726148545742
1R0R_E_I,2,1,1,-8.228991389274597,-9.116714477539062,8.228991389274597,9.116714477539062,4.114495694637299
1R0R_E_I,2,1,1,-8.228991389274597,-5.854204177856445,8.228991389274597,5.854204177856445,4.114495694637299
1CHO_EFG_I,1,1,1,4.113734483718872,3.781276702880859,4.113734483718872,3.781276702880859,4.113734483718872
3SGB_E_I,2,1,1,-8.22536838054657,-6.537994384765625,8.22536838054657,6.537994384765625,4.112684190273285
1R0R_E_I,2,2,1,8.221515983343124,4.5147600173950195,8.221515983343124,4.5147600173950195,4.110757991671562
1CHO_EFG_I,2,1,1,-8.221132963895798,-6.1168060302734375,8.221132963895798,6.1168060302734375,4.110566481947899
1JRH_LH_I,2,1,1,8.220902681350708,0.8146648406982422,8.220902681350708,0.8146648406982422,4.110451340675354
1R0R_E_I,2,1,1,-8.218616127967834,-7.746753692626953,8.218616127967834,7.746753692626953,4.109308063983917
1PPF_E_I,2,1,1,-8.217888295650482,0.6383209228515627,8.217888295650482,0.6383209228515627,4.108944147825241
3SGB_E_I,2,1,1,-8.217887952923775,-8.694061279296875,8.217887952923775,8.694061279296875,4.108943976461887
3SGB_E_I,2,1,1,-8.217887952923775,-8.793315887451172,8.217887952923775,8.793315887451172,4.108943976461887
1PPF_E_I,1,1,1,4.108495742082596,1.6482620239257812,4.108495742082596,1.6482620239257812,4.108495742082596
1CHO_EFG_I,2,1,1,-8.215059995651245,-3.2491607666015625,8.215059995651245,3.2491607666015625,4.107529997825623
1CHO_EFG_I,2,1,1,8.213289767503738,5.729257583618164,8.213289767503738,5.729257583618164,4.106644883751869
1PPF_E_I,2,1,1,8.210241079330444,-0.8407058715820312,8.210241079330444,0.8407058715820312,4.105120539665222
1CHO_EFG_I,1,1,1,-4.1028172969818115,-6.917453765869141,4.1028172969818115,6.917453765869141,4.1028172969818115
1VFB_AB_C,1,1,1,4.102267146110535,-1.6563644409179688,4.102267146110535,1.6563644409179688,4.102267146110535
1PPF_E_I,2,1,1,-8.202890634536743,-1.7634258270263672,8.202890634536743,1.7634258270263672,4.101445317268372
3SGB_E_I,2,1,1,8.202325463294983,8.875415802001953,8.202325463294983,8.875415802001953,4.1011627316474915
3SGB_E_I,2,1,1,8.202325463294983,8.755599975585938,8.202325463294983,8.755599975585938,4.1011627316474915
1R0R_E_I,2,1,1,-8.201599955558777,-3.3558425903320312,8.201599955558777,3.3558425903320312,4.100799977779388
1CHO_EFG_I,1,1,1,-4.09764289855957,-7.097537994384766,4.09764289855957,7.097537994384766,4.09764289855957
1BRS_A_D,2,1,1,8.194466575980186,1.5675735473632812,8.194466575980186,1.5675735473632812,4.097233287990093
1CHO_EFG_I,1,1,1,-4.09490966796875,-1.8919124603271484,4.09490966796875,1.8919124603271484,4.09490966796875
1R0R_E_I,2,2,1,-8.185026824474335,-7.514034271240234,8.185026824474335,7.514034271240234,4.092513412237167
1BRS_A_D,2,2,1,8.185026809573174,4.3956451416015625,8.185026809573174,4.3956451416015625,4.092513404786587
1CHO_EFG_I,2,1,1,8.185026794672012,6.297904968261719,8.185026794672012,6.297904968261719,4.092513397336006
1CHO_EFG_I,2,1,1,8.185026794672012,6.3631591796875,8.185026794672012,6.3631591796875,4.092513397336006
1CHO_EFG_I,2,1,1,-8.185026794672012,-5.3221435546875,8.185026794672012,5.3221435546875,4.092513397336006
1CHO_EFG_I,2,1,1,-8.18502676486969,-3.6143760681152344,8.18502676486969,3.6143760681152344,4.092513382434845
1CHO_EFG_I,2,1,1,-8.18502676486969,-6.691993713378906,8.18502676486969,6.691993713378906,4.092513382434845
1PPF_E_I,2,1,1,8.185026705265045,-0.646720886230469,8.185026705265045,0.646720886230469,4.092513352632523
3SGB_E_I,2,1,1,8.185026705265045,7.1976470947265625,8.185026705265045,7.1976470947265625,4.092513352632523
1PPF_E_I,2,1,1,8.185026705265045,0.48119354248046853,8.185026705265045,0.48119354248046853,4.092513352632523
1R0R_E_I,2,1,1,-8.185026705265045,-6.547611236572266,8.185026705265045,6.547611236572266,4.092513352632523
3SGB_E_I,2,1,1,8.185026705265045,6.931739807128906,8.185026705265045,6.931739807128906,4.092513352632523
1PPF_E_I,2,1,1,-8.185026705265045,1.046358108520508,8.185026705265045,1.046358108520508,4.092513352632523
1CHO_EFG_I,1,1,1,-4.0925133228302,-0.9700927734375,4.0925133228302,0.9700927734375,4.0925133228302
1CHO_EFG_I,1,1,1,-4.0925133228302,-0.25078582763671853,4.0925133228302,0.25078582763671853,4.0925133228302
1CBW_FGH_I,1,1,1,-4.0925133228302,-1.0621414184570312,4.0925133228302,1.0621414184570312,4.0925133228302
1PPF_E_I,2,1,1,8.1850266456604,3.5032215118408203,8.1850266456604,3.5032215118408203,4.0925133228302
1PPF_E_I,2,1,1,8.1850266456604,3.5753555297851562,8.1850266456604,3.5753555297851562,4.0925133228302
1PPF_E_I,2,1,1,-8.1850266456604,-2.886201858520508,8.1850266456604,2.886201858520508,4.0925133228302
1PPF_E_I,2,1,1,-8.18502652645111,-6.713369369506836,8.18502652645111,6.713369369506836,4.092513263225555
1PPF_E_I,2,1,1,8.18502652645111,5.984834671020508,8.18502652645111,5.984834671020508,4.092513263225555
1CHO_EFG_I,2,1,1,-8.185026407241821,-4.310253143310547,8.185026407241821,4.310253143310547,4.092513203620911
1CHO_EFG_I,2,1,1,-8.185026407241821,-5.029560089111328,8.185026407241821,5.029560089111328,4.092513203620911
1CHO_EFG_I,2,1,1,-8.185026407241821,-6.333957672119141,8.185026407241821,6.333957672119141,4.092513203620911
1R0R_E_I,1,1,1,-4.092513173818588,-6.523448944091797,4.092513173818588,6.523448944091797,4.092513173818588
1PPF_E_I,1,1,1,-4.092513084411621,0.9287052154541016,4.092513084411621,0.9287052154541016,4.092513084411621
1R0R_E_I,1,1,1,-4.090943813323975,-0.5891399383544922,4.090943813323975,0.5891399383544922,4.090943813323975
1CHO_EFG_I,2,1,1,-8.179131716489792,-5.970516204833984,8.179131716489792,5.970516204833984,4.089565858244896
1BRS_A_D,1,2,1,4.087337176005045,4.470897674560547,4.087337176005045,4.470897674560547,4.087337176005045
3SGB_E_I,2,1,1,-8.171831130981445,-4.305866241455078,8.171831130981445,4.305866241455078,4.085915565490723
1R0R_E_I,2,1,1,-8.171194642782211,-8.024898529052734,8.171194642782211,8.024898529052734,4.085597321391106
1JTG_A_B,1,2,3,-4.0847689509391785,1.018375396728516,4.0847689509391785,1.018375396728516,4.0847689509391785
3SGB_E_I,2,1,1,-8.168218106031418,-9.059318542480469,8.168218106031418,9.059318542480469,4.084109053015709
3SGB_E_I,2,1,1,8.168218106031418,8.59942626953125,8.168218106031418,8.59942626953125,4.084109053015709
1CHO_EFG_I,2,1,1,8.167514622211456,5.891773223876953,8.167514622211456,5.891773223876953,4.083757311105728
1PPF_E_I,2,1,1,-8.165789306163788,-1.9688301086425781,8.165789306163788,1.9688301086425781,4.082894653081894
1CHO_EFG_I,2,1,1,8.165472090244293,8.668941497802734,8.165472090244293,8.668941497802734,4.082736045122147
1CHO_EFG_I,2,1,1,8.164941728115082,7.059471130371094,8.164941728115082,7.059471130371094,4.082470864057541
1PPF_E_I,2,1,1,8.160841464996338,-0.9242305755615234,8.160841464996338,0.9242305755615234,4.080420732498169
1PPF_E_I,1,1,1,4.08040314912796,-1.9223098754882812,4.08040314912796,1.9223098754882812,4.08040314912796
1R0R_E_I,1,1,1,4.079317808151245,6.541624069213867,4.079317808151245,6.541624069213867,4.079317808151245
1R0R_E_I,2,1,1,-8.157094597816467,-2.8995418548583984,8.157094597816467,2.8995418548583984,4.078547298908234
3SGB_E_I,2,1,1,-8.15637493133545,-4.3312225341796875,8.15637493133545,4.3312225341796875,4.078187465667725
1CHO_EFG_I,2,1,1,8.15467944741249,6.631048202514648,8.15467944741249,6.631048202514648,4.077339723706245
1MAH_A_F,2,1,3,-8.153127193450928,-1.0346298217773438,8.153127193450928,1.0346298217773438,4.076563596725464
1PPF_E_I,2,1,1,-8.152165174484253,-8.09162712097168,8.152165174484253,8.09162712097168,4.0760825872421265
1PPF_E_I,2,1,1,-8.152165174484253,-7.1708641052246085,8.152165174484253,7.1708641052246085,4.0760825872421265
3SGB_E_I,2,1,1,8.15187355875969,8.452278137207031,8.15187355875969,8.452278137207031,4.075936779379845
1CHO_EFG_I,2,1,1,-8.150373220443726,-3.5178146362304683,8.150373220443726,3.5178146362304683,4.075186610221863
1PPF_E_I,2,1,1,-8.14879560470581,-3.472766876220703,8.14879560470581,3.472766876220703,4.074397802352905
1PPF_E_I,2,1,1,-8.147157192230225,-3.129077911376953,8.147157192230225,3.129077911376953,4.073578596115112
1CHO_EFG_I,2,1,1,8.146542310714722,9.121116638183594,8.146542310714722,9.121116638183594,4.073271155357361
1PPF_E_I,2,1,1,8.146494448184967,5.845357894897461,8.146494448184967,5.845357894897461,4.0732472240924835
1PPF_E_I,2,1,1,8.146494448184967,5.059587478637695,8.146494448184967,5.059587478637695,4.0732472240924835
1R0R_E_I,2,1,2,-8.146494388580322,-2.0268402099609375,8.146494388580322,2.0268402099609375,4.073247194290161
1R0R_E_I,2,1,1,8.144197463989258,4.63707160949707,8.144197463989258,4.63707160949707,4.072098731994629
1R0R_E_I,2,1,1,-8.141705393791199,-3.2044010162353516,8.141705393791199,3.2044010162353516,4.070852696895599
1CHO_EFG_I,2,1,1,-8.140756666660309,-8.810935974121094,8.140756666660309,8.810935974121094,4.070378333330154
1CHO_EFG_I,2,1,1,8.139431089162827,6.53265380859375,8.139431089162827,6.53265380859375,4.069715544581413
1CHO_EFG_I,2,1,1,8.139136552810669,7.935153961181641,8.139136552810669,7.935153961181641,4.0695682764053345
1CHO_EFG_I,1,3,4,-4.068969011306763,-1.7012062072753906,4.068969011306763,1.7012062072753906,4.068969011306763
1R0R_E_I,2,1,1,-8.137723445892334,-3.1667442321777344,8.137723445892334,3.1667442321777344,4.068861722946167
3SGB_E_I,2,1,1,8.137664496898651,7.887538909912109,8.137664496898651,7.887538909912109,4.068832248449326
3SGB_E_I,2,1,1,-8.137664496898651,-6.233619689941406,8.137664496898651,6.233619689941406,4.068832248449326
1PPF_E_I,2,1,1,-8.13457465171814,-6.898647308349609,8.13457465171814,6.898647308349609,4.06728732585907
3SGB_E_I,2,1,1,-8.134009331464767,-8.47845458984375,8.134009331464767,8.47845458984375,4.067004665732384
3SGB_E_I,2,1,1,-8.134009331464767,-7.495079040527344,8.134009331464767,7.495079040527344,4.067004665732384
3SGB_E_I,2,1,1,8.134009331464767,8.437080383300781,8.134009331464767,8.437080383300781,4.067004665732384
1PPF_E_I,2,1,1,8.133298873901367,3.564596176147461,8.133298873901367,3.564596176147461,4.066649436950684
1CHO_EFG_I,2,1,1,-8.133200854063034,-5.113365173339844,8.133200854063034,5.113365173339844,4.066600427031517
1PPF_E_I,1,1,1,4.065781652927399,0.05475044250488281,4.065781652927399,0.05475044250488281,4.065781652927399
1CHO_EFG_I,2,1,1,8.129502415657043,4.448793411254883,8.129502415657043,4.448793411254883,4.064751207828522
1PPF_E_I,2,1,1,8.129093170166016,-0.7440147399902345,8.129093170166016,0.7440147399902345,4.064546585083008
1PPF_E_I,2,1,2,8.128559827804565,-1.1818504333496094,8.128559827804565,1.1818504333496094,4.064279913902283
2FTL_E_I,1,1,1,4.064070701599119,1.1565895080566406,4.064070701599119,1.1565895080566406,4.064070701599119
3HFM_HL_Y,1,1,1,4.063074469566345,1.4763851165771484,4.063074469566345,1.4763851165771484,4.063074469566345
1XGT_AB_C,1,1,1,-4.062480211257935,-3.9534988403320312,4.062480211257935,3.9534988403320312,4.062480211257935
1XGQ_AB_C,1,1,1,-4.062480092048645,-3.482959747314453,4.062480092048645,3.482959747314453,4.062480092048645
1XGR_AB_C,1,1,1,-4.0624799728393555,-4.143768310546875,4.0624799728393555,4.143768310546875,4.0624799728393555
3SGB_E_I,2,1,1,-8.124240756034851,-5.454460144042969,8.124240756034851,5.454460144042969,4.0621203780174255
1CHO_EFG_I,2,1,1,-8.123198509216309,-4.975669860839844,8.123198509216309,4.975669860839844,4.061599254608154
1PPF_E_I,2,1,1,8.122605562210083,2.543315887451172,8.122605562210083,2.543315887451172,4.0613027811050415
1CBW_FGH_I,1,1,1,-4.060776154200235,-1.8541399637858076,4.060776154200235,1.8541399637858076,4.060776154200235
1CHO_EFG_I,2,1,1,-8.12033998966217,-3.88302993774414,8.12033998966217,3.88302993774414,4.060169994831085
1CHO_EFG_I,2,1,1,-8.119012355804443,-3.0159339904785156,8.119012355804443,3.0159339904785156,4.059506177902222
1CHO_EFG_I,2,1,1,-8.117520272731781,-7.249004364013672,8.117520272731781,7.249004364013672,4.0587601363658905
1CHO_EFG_I,2,1,1,8.117459058761597,6.811092376708984,8.117459058761597,6.811092376708984,4.058729529380798
1PPF_E_I,2,1,1,8.116768479347229,3.0459117889404297,8.116768479347229,3.0459117889404297,4.0583842396736145
1PPF_E_I,2,1,1,-8.115719676017761,1.1673927307128908,8.115719676017761,1.1673927307128908,4.057859838008881
1PPF_E_I,2,1,1,-8.115719676017761,0.4388580322265627,8.115719676017761,0.4388580322265627,4.057859838008881
3SGB_E_I,2,1,1,-8.11477217078209,-8.740135192871094,8.11477217078209,8.740135192871094,4.057386085391045
3SGB_E_I,2,1,1,8.11477217078209,8.291946411132812,8.11477217078209,8.291946411132812,4.057386085391045
3SGB_E_I,2,1,1,-8.11477217078209,-8.4166259765625,8.11477217078209,8.4166259765625,4.057386085391045
1CBW_FGH_I,1,1,1,-4.056321673095226,-1.5358352661132812,4.056321673095226,1.5358352661132812,4.056321673095226
1BRS_A_D,1,2,1,4.055239915847778,5.024280548095703,4.055239915847778,5.024280548095703,4.055239915847778
1R0R_E_I,1,1,1,-4.053981304168701,-2.36846923828125,4.053981304168701,2.36846923828125,4.053981304168701
1PPF_E_I,2,1,1,8.106152653694153,6.435894012451172,8.106152653694153,6.435894012451172,4.053076326847076
1PPF_E_I,2,1,1,8.106152653694153,5.495019912719727,8.106152653694153,5.495019912719727,4.053076326847076
1CHO_EFG_I,3,3,1,12.15489411354065,5.668750762939451,12.15489411354065,5.668750762939451,4.051631371180217
1CHO_EFG_I,2,1,1,8.09709507226944,2.7546234130859375,8.09709507226944,2.7546234130859375,4.04854753613472
3SGB_E_I,2,1,1,-8.096140086650848,-8.038318634033203,8.096140086650848,8.038318634033203,4.048070043325424
3SGB_E_I,2,1,1,8.09369969367981,7.706123352050781,8.09369969367981,7.706123352050781,4.046849846839905
1PPF_E_I,2,1,1,-8.092862129211426,0.7744693756103517,8.092862129211426,0.7744693756103517,4.046431064605713
1CBW_FGH_I,1,1,1,4.046324908733368,5.731761932373047,4.046324908733368,5.731761932373047,4.046324908733368
1JRH_LH_I,2,1,1,8.091631889343262,-0.24075508117675776,8.091631889343262,0.24075508117675776,4.045815944671631
3SGB_E_I,1,1,1,4.04509174823761,3.3103866577148438,4.04509174823761,3.3103866577148438,4.04509174823761
1R0R_E_I,1,1,1,-4.043075323104858,-2.6498537063598633,4.043075323104858,2.6498537063598633,4.043075323104858
3SGB_E_I,2,1,1,-8.085936665534973,-6.430141448974609,8.085936665534973,6.430141448974609,4.042968332767487
1R0R_E_I,2,1,1,-8.085936665534973,-6.250812530517578,8.085936665534973,6.250812530517578,4.042968332767487
3SGB_E_I,2,1,1,-8.085936665534973,-7.2509002685546875,8.085936665534973,7.2509002685546875,4.042968332767487
1CHO_EFG_I,1,1,1,-4.04281747341156,-1.1901626586914062,4.04281747341156,1.1901626586914062,4.04281747341156
1R0R_E_I,1,3,2,4.041401386260986,0.14982223510742188,4.041401386260986,0.14982223510742188,4.041401386260986
1PPF_E_I,2,1,1,8.081782817840576,4.499238967895508,8.081782817840576,4.499238967895508,4.040891408920288
1CHO_EFG_I,1,1,1,-4.040687769651413,-1.0538978576660156,4.040687769651413,1.0538978576660156,4.040687769651413
3SGB_E_I,1,1,1,4.040134072303772,1.3891334533691406,4.040134072303772,1.3891334533691406,4.040134072303772
1R0R_E_I,2,1,1,-8.078567087650299,-7.6714630126953125,8.078567087650299,7.6714630126953125,4.0392835438251495
1PPF_E_I,2,1,1,-8.077187597751617,1.3068695068359377,8.077187597751617,1.3068695068359377,4.038593798875809
1PPF_E_I,2,1,1,8.077187597751617,-2.092639923095703,8.077187597751617,2.092639923095703,4.038593798875809
1CHO_EFG_I,2,1,1,8.077009618282318,6.0560302734375,8.077009618282318,6.0560302734375,4.038504809141159
1PPF_E_I,2,1,1,-8.07087779045105,-3.363893508911133,8.07087779045105,3.363893508911133,4.035438895225525
1PPF_E_I,2,1,1,8.07087779045105,4.053047180175781,8.07087779045105,4.053047180175781,4.035438895225525
1CHO_EFG_I,2,1,1,-8.0693981051445,-7.756263732910156,8.0693981051445,7.756263732910156,4.03469905257225
1R0R_E_I,2,1,1,-8.06905722618103,-7.636363983154297,8.06905722618103,7.636363983154297,4.034528613090515
3SGB_E_I,1,1,1,4.032947510480881,3.953834533691406,4.032947510480881,3.953834533691406,4.032947510480881
2FTL_E_I,1,1,1,4.032525539398192,-1.7944107055664062,4.032525539398192,1.7944107055664062,4.032525539398192
1PPF_E_I,2,1,1,8.065040707588196,4.555643081665039,8.065040707588196,4.555643081665039,4.032520353794098
1PPF_E_I,2,1,1,-8.065040707588196,-3.8664894104003906,8.065040707588196,3.8664894104003906,4.032520353794098
1PPF_E_I,2,1,1,8.064793825149536,-1.0766925811767578,8.064793825149536,1.0766925811767578,4.032396912574768
1CHO_EFG_I,2,1,1,8.062380850315094,5.907997131347656,8.062380850315094,5.907997131347656,4.031190425157547
1PPF_E_I,2,1,1,8.0621879696846,5.613809585571289,8.0621879696846,5.613809585571289,4.0310939848423
1PPF_E_I,1,1,1,4.030684947967529,-0.05123138427734379,4.030684947967529,0.05123138427734379,4.030684947967529
1PPF_E_I,2,2,1,8.060679495334625,-0.7383041381835942,8.060679495334625,0.7383041381835942,4.030339747667313
3SGB_E_I,2,1,1,-8.057102173566818,-8.720314025878906,8.057102173566818,8.720314025878906,4.028551086783409
3SGB_E_I,1,1,1,-4.027972191572189,-3.2784061431884766,4.027972191572189,3.2784061431884766,4.027972191572189
1CHO_EFG_I,2,1,1,-8.054325580596924,-3.2845878601074214,8.054325580596924,3.2845878601074214,4.027162790298462
1CHO_EFG_I,2,1,1,-8.052824556827545,-7.8074951171875,8.052824556827545,7.8074951171875,4.026412278413773
1PPF_E_I,2,1,1,-8.051947712898254,-7.652278900146484,8.051947712898254,7.652278900146484,4.025973856449127
1R0R_E_I,2,1,1,8.051892727613449,7.1867523193359375,8.051892727613449,7.1867523193359375,4.0259463638067245
1R0R_E_I,2,1,1,-8.051758289337158,-1.7237663269042969,8.051758289337158,1.7237663269042969,4.025879144668579
1PPF_E_I,2,1,1,8.045698404312134,2.7652549743652344,8.045698404312134,2.7652549743652344,4.022849202156067
1PPF_E_I,2,1,1,8.04468148946762,4.704643249511719,8.04468148946762,4.704643249511719,4.02234074473381
1PPF_E_I,2,1,1,-8.043127954006195,-2.1810989379882812,8.043127954006195,2.1810989379882812,4.0215639770030975
1CHO_EFG_I,1,1,1,4.020985871553421,3.520986557006836,4.020985871553421,3.520986557006836,4.020985871553421
1CHO_EFG_I,2,1,1,-8.038175463676453,-4.237138748168945,8.038175463676453,4.237138748168945,4.019087731838226
1PPF_E_I,2,1,1,8.036845803260803,-1.657207489013672,8.036845803260803,1.657207489013672,4.018422901630402
1PPF_E_I,2,1,1,-8.036845803260803,0.7163333892822268,8.036845803260803,0.7163333892822268,4.018422901630402
3SGB_E_I,2,1,1,-8.036845445632935,-8.38015365600586,8.036845445632935,8.38015365600586,4.018422722816467
1R0R_E_I,1,1,1,-4.017827093601227,-1.4182109832763672,4.017827093601227,1.4182109832763672,4.017827093601227
1R0R_E_I,1,1,1,-4.017827033996582,-1.0729217529296875,4.017827033996582,1.0729217529296875,4.017827033996582
1R0R_E_I,2,1,1,8.03369426727295,3.2091064453125,8.03369426727295,3.2091064453125,4.016847133636475
1R0R_E_I,2,1,1,-8.033549100160599,-7.623527526855469,8.033549100160599,7.623527526855469,4.016774550080299
1CHO_EFG_I,2,1,1,-8.029588162899017,-6.245563507080078,8.029588162899017,6.245563507080078,4.014794081449509
1R0R_E_I,2,1,1,8.029410719871521,6.441352844238281,8.029410719871521,6.441352844238281,4.0147053599357605
3SGB_E_I,2,1,1,8.029410690069199,6.045684814453125,8.029410690069199,6.045684814453125,4.014705345034599
1PPF_E_I,2,1,1,8.026049375534058,5.864891052246094,8.026049375534058,5.864891052246094,4.013024687767029
1CHO_EFG_I,1,1,1,-4.0126906633377075,-0.1238327026367187,4.0126906633377075,0.1238327026367187,4.0126906633377075
1CHO_EFG_I,2,1,1,-8.024892747402191,-7.975070953369141,8.024892747402191,7.975070953369141,4.012446373701096
1CHO_EFG_I,2,1,1,-8.024892747402191,-6.788154602050781,8.024892747402191,6.788154602050781,4.012446373701096
1PPF_E_I,1,1,1,-4.012028485536575,-2.2159271240234375,4.012028485536575,2.2159271240234375,4.012028485536575
1CHO_EFG_I,2,1,1,8.01714813709259,8.025531768798828,8.01714813709259,8.025531768798828,4.008574068546295
1R0R_E_I,2,1,1,-8.015756398439407,-8.063980102539062,8.015756398439407,8.063980102539062,4.007878199219704
3SGB_E_I,2,1,1,-8.01565507054329,-7.700645446777344,8.01565507054329,7.700645446777344,4.007827535271645
1PPF_E_I,2,1,1,8.014944553375244,3.442777633666992,8.014944553375244,3.442777633666992,4.007472276687622
1PPF_E_I,2,1,1,8.014825761318207,6.394044876098633,8.014825761318207,6.394044876098633,4.007412880659103
1CHO_EFG_I,2,2,1,8.013708621263504,7.013372421264648,8.013708621263504,7.013372421264648,4.006854310631752
3SGB_E_I,2,1,1,-8.011898517608643,-8.064918518066406,8.011898517608643,8.064918518066406,4.005949258804321
1CHO_EFG_I,2,1,1,8.010703921318054,3.175067901611328,8.010703921318054,3.175067901611328,4.005351960659027
1CHO_EFG_I,2,1,1,-8.009503543376923,-8.589191436767578,8.009503543376923,8.589191436767578,4.004751771688461
1PPF_E_I,1,1,1,-4.003766417503357,-2.003498077392578,4.003766417503357,2.003498077392578,4.003766417503357
1PPF_E_I,1,1,1,4.003766417503357,2.6926517486572266,4.003766417503357,2.6926517486572266,4.003766417503357
1R0R_E_I,2,1,1,-8.006174325942993,-5.881368637084961,8.006174325942993,5.881368637084961,4.003087162971497
1R0R_E_I,2,1,2,8.005331754684448,7.398780822753906,8.005331754684448,7.398780822753906,4.002665877342224
1PPF_E_I,2,1,1,8.003984212875366,7.438173294067382,8.003984212875366,7.438173294067382,4.001992106437683
1R0R_E_I,1,1,1,4.001186490058899,2.838176727294922,4.001186490058899,2.838176727294922,4.001186490058899
1PPF_E_I,2,1,1,-8.001630306243896,-5.10987663269043,8.001630306243896,5.10987663269043,4.000815153121948
1PPF_E_I,2,1,2,-8.00150340795517,-4.382328033447266,8.00150340795517,4.382328033447266,4.000751703977585
1R0R_E_I,2,1,1,8.000741124153137,5.550100326538086,8.000741124153137,5.550100326538086,4.000370562076569
1R0R_E_I,2,1,1,8.000504910945892,7.634529113769531,8.000504910945892,7.634529113769531,4.000252455472946
3SGB_E_I,2,1,1,8.00050488114357,8.203235626220703,8.00050488114357,8.203235626220703,4.000252440571785
1PPF_E_I,2,1,1,-7.996298789978027,-2.681730270385742,7.996298789978027,2.681730270385742,3.9981493949890137
1R0R_E_I,2,1,1,-7.995825290679932,-3.8703861236572266,7.995825290679932,3.8703861236572266,3.997912645339966
1R0R_E_I,2,1,1,-7.995825290679932,-2.716350555419922,7.995825290679932,2.716350555419922,3.997912645339966
1PPF_E_I,2,1,1,-7.995824873447418,-2.2723121643066406,7.995824873447418,2.2723121643066406,3.997912436723709
1PPF_E_I,2,1,1,-7.995824873447418,-3.238496780395508,7.995824873447418,3.238496780395508,3.997912436723709
1R0R_E_I,2,1,1,-7.995087385177612,-9.135177612304688,7.995087385177612,9.135177612304688,3.997543692588806
3SGB_E_I,2,1,1,7.994889169931412,6.018890380859375,7.994889169931412,6.018890380859375,3.997444584965706
1PPF_E_I,2,1,1,-7.993970632553101,-3.5858325958251953,7.993970632553101,3.5858325958251953,3.9969853162765503
1PPF_E_I,2,1,1,7.993970632553101,4.274986267089844,7.993970632553101,4.274986267089844,3.9969853162765503
1PPF_E_I,2,1,1,-7.992881119251251,1.5384178161621096,7.992881119251251,1.5384178161621096,3.9964405596256256
3SGB_E_I,2,1,1,7.992572069168091,6.622589111328125,7.992572069168091,6.622589111328125,3.9962860345840454
3SGB_E_I,2,2,1,-7.992110848426819,-8.401111602783203,7.992110848426819,8.401111602783203,3.9960554242134094
3SGB_E_I,2,1,1,-7.992110848426819,-8.647148132324219,7.992110848426819,8.647148132324219,3.9960554242134094
3SGB_E_I,2,1,1,-7.992110848426819,-8.638168334960938,7.992110848426819,8.638168334960938,3.9960554242134094
1PPF_E_I,1,1,1,3.993541836738586,2.0239009857177734,3.993541836738586,2.0239009857177734,3.993541836738586
1R0R_E_I,1,1,1,-3.9935417175292978,-1.1016998291015625,3.9935417175292978,1.1016998291015625,3.9935417175292978
1CHO_EFG_I,1,2,1,3.992722749710083,3.4923858642578125,3.992722749710083,3.4923858642578125,3.992722749710083
3SGB_E_I,1,1,1,3.9926522970199585,4.806095123291016,3.9926522970199585,4.806095123291016,3.9926522970199585
1PPF_E_I,1,1,1,-3.9922505617141724,-6.885652542114258,3.9922505617141724,6.885652542114258,3.9922505617141724
1R0R_E_I,2,1,1,7.983815014362335,6.253335952758789,7.983815014362335,6.253335952758789,3.9919075071811676
1R0R_E_I,2,1,1,7.983815014362335,6.493959426879883,7.983815014362335,6.493959426879883,3.9919075071811676
1PPF_E_I,2,1,1,7.982166886329651,-0.3230609893798828,7.982166886329651,0.3230609893798828,3.9910834431648254
1CHO_EFG_I,2,1,1,-7.981465995311737,-6.7528228759765625,7.981465995311737,6.7528228759765625,3.9907329976558685
1PPF_E_I,2,1,1,-7.978713512420654,-3.412322998046875,7.978713512420654,3.412322998046875,3.989356756210327
3SGB_E_I,2,1,1,-7.969466596841812,-5.4360198974609375,7.969466596841812,5.4360198974609375,3.984733298420906
3SGB_E_I,2,2,1,-7.969466596841812,-8.118236541748047,7.969466596841812,8.118236541748047,3.984733298420906
1R0R_E_I,1,1,1,-3.9846742153167725,-2.566072463989258,3.9846742153167725,2.566072463989258,3.9846742153167725
1R0R_E_I,1,1,1,3.9846742153167725,0.0927772521972656,3.9846742153167725,0.0927772521972656,3.9846742153167725
1CHO_EFG_I,1,1,1,-3.984496533870697,-2.7638702392578125,3.984496533870697,2.7638702392578125,3.984496533870697
1PPF_E_I,2,2,1,7.968641817569733,5.501842498779297,7.968641817569733,5.501842498779297,3.9843209087848663
1PPF_E_I,1,1,1,-3.9833675026893616,-3.11602783203125,3.9833675026893616,3.11602783203125,3.9833675026893616
1PPF_E_I,2,1,2,7.964017152786255,2.4241104125976562,7.964017152786255,2.4241104125976562,3.9820085763931274
1PPF_E_I,2,1,1,7.963097929954529,5.184144973754883,7.963097929954529,5.184144973754883,3.9815489649772644
1R0R_E_I,2,1,1,-7.962164908647537,-7.333808898925781,7.962164908647537,7.333808898925781,3.9810824543237686
2FTL_E_I,2,1,1,-7.959447860717775,-7.782844543457031,7.959447860717775,7.782844543457031,3.9797239303588876
1CBW_FGH_I,1,1,1,3.979085922241211,1.0231208801269531,3.979085922241211,1.0231208801269531,3.979085922241211
1R0R_E_I,2,1,1,-7.951782763004303,-6.613677978515625,7.951782763004303,6.613677978515625,3.9758913815021515
1CHO_EFG_I,2,1,1,-7.948771119117737,-4.4953460693359375,7.948771119117737,4.4953460693359375,3.9743855595588684
1PPF_E_I,2,1,1,-7.945518910884857,0.7581825256347658,7.945518910884857,0.7581825256347658,3.9727594554424286
3SGB_E_I,2,2,1,-7.944807767868042,-8.455692291259766,7.944807767868042,8.455692291259766,3.972403883934021
1PPF_E_I,2,1,1,-7.944571018218994,-3.502307891845703,7.944571018218994,3.502307891845703,3.972285509109497
1PPF_E_I,2,1,1,-7.944571018218994,-4.191461563110352,7.944571018218994,4.191461563110352,3.972285509109497
1PPF_E_I,2,1,1,7.944156467914581,2.385286331176758,7.944156467914581,2.385286331176758,3.9720782339572906
1PPF_E_I,1,1,1,3.971405267715454,1.807107925415039,3.971405267715454,1.807107925415039,3.971405267715454
1R0R_E_I,1,1,1,-3.9698179364204407,0.2663602828979492,3.9698179364204407,0.2663602828979492,3.9698179364204407
1R0R_E_I,1,1,1,-3.969674587249756,-3.3841915130615234,3.969674587249756,3.3841915130615234,3.969674587249756
1CHO_EFG_I,2,1,1,-7.9369606375694275,-5.7847137451171875,7.9369606375694275,5.7847137451171875,3.9684803187847137
1CHO_EFG_I,2,1,1,7.9369606375694275,6.971630096435547,7.9369606375694275,6.971630096435547,3.9684803187847137
1PPF_E_I,1,1,1,3.9681471586227417,2.2585792541503906,3.9681471586227417,2.2585792541503906,3.9681471586227417
1CHO_EFG_I,2,1,1,7.92921644449234,6.472293853759766,7.92921644449234,6.472293853759766,3.96460822224617
1CHO_EFG_I,2,1,1,7.929216027259827,7.022090911865234,7.929216027259827,7.022090911865234,3.9646080136299133
3SGB_E_I,1,1,1,3.9645886421203613,4.952816009521484,3.9645886421203613,4.952816009521484,3.9645886421203613
1PPF_E_I,2,1,1,7.926943778991699,2.0790557861328125,7.926943778991699,2.0790557861328125,3.9634718894958496
3SGB_E_I,2,1,1,-7.926351711153984,-6.323062896728516,7.926351711153984,6.323062896728516,3.963175855576992
1BRS_A_D,3,2,1,11.889448150992395,1.1072959899902342,11.889448150992395,1.1072959899902342,3.9631493836641316
3SGB_E_I,2,1,1,7.923617601394653,8.055648803710938,7.923617601394653,8.055648803710938,3.9618088006973267
1CHO_EFG_I,1,3,2,3.9613773822784424,3.229734420776367,3.9613773822784424,3.229734420776367,3.9613773822784424
1PPF_E_I,2,1,1,7.922020137310028,4.916912078857422,7.922020137310028,4.916912078857422,3.961010068655014
1CHO_EFG_I,2,1,1,-7.921571433544159,-7.585750579833984,7.921571433544159,7.585750579833984,3.9607857167720795
1R0R_E_I,2,1,1,-7.921393990516663,-6.557155609130859,7.921393990516663,6.557155609130859,3.9606969952583313
1R0R_E_I,1,1,1,-3.960311532020569,0.5817470550537109,3.960311532020569,0.5817470550537109,3.960311532020569
1CHO_EFG_I,1,1,1,-3.9603114128112793,-0.927886962890625,3.9603114128112793,0.927886962890625,3.9603114128112793
1CHO_EFG_I,2,1,1,-7.920146107673645,-7.343265533447266,7.920146107673645,7.343265533447266,3.9600730538368225
3SGB_E_I,2,1,1,-7.919770836830139,-8.318939208984375,7.919770836830139,8.318939208984375,3.9598854184150696
3SGB_E_I,2,1,1,-7.919770836830139,-6.931095123291016,7.919770836830139,6.931095123291016,3.9598854184150696
1CHO_EFG_I,2,1,1,-7.919376969337463,-2.9634132385253906,7.919376969337463,2.9634132385253906,3.9596884846687317
1CHO_EFG_I,2,1,1,7.918423801660538,4.43440055847168,7.918423801660538,4.43440055847168,3.959211900830269
1PPF_E_I,2,1,1,7.912657260894775,7.13239288330078,7.912657260894775,7.13239288330078,3.9563286304473877
1CHO_EFG_I,2,1,1,7.9102866649627686,6.924468994140625,7.9102866649627686,6.924468994140625,3.9551433324813843
3SGB_E_I,1,1,1,3.954783082008362,3.7618026733398438,3.954783082008362,3.7618026733398438,3.954783082008362
1R0R_E_I,2,1,1,-7.906764805316925,-6.12260627746582,7.906764805316925,6.12260627746582,3.9533824026584625
2WPT_A_B,2,1,1,-7.906571865081787,-2.26904296875,7.906571865081787,2.26904296875,3.9532859325408936
1CHO_EFG_I,1,1,1,-3.952733039855957,-7.0239410400390625,3.952733039855957,7.0239410400390625,3.952733039855957
1R0R_E_I,2,1,1,-7.904244348406792,-7.467292785644531,7.904244348406792,7.467292785644531,3.952122174203396
1CHO_EFG_I,2,1,1,7.902880907058716,5.738506317138672,7.902880907058716,5.738506317138672,3.951440453529358
1PPF_E_I,1,1,1,3.9505184441804886,2.7175464630126953,3.9505184441804886,2.7175464630126953,3.9505184441804886
1PPF_E_I,1,1,1,3.9505184441804886,2.9209632873535156,3.9505184441804886,2.9209632873535156,3.9505184441804886
1PPF_E_I,2,1,1,7.900251150131226,2.529268264770508,7.900251150131226,2.529268264770508,3.950125575065613
1JTG_A_B,1,2,1,3.9496363401412964,1.6863555908203123,3.9496363401412964,1.6863555908203123,3.9496363401412964
1PPF_E_I,1,1,1,-3.949458599090576,-0.5884227752685546,3.949458599090576,0.5884227752685546,3.949458599090576
1CHO_EFG_I,2,1,1,-7.895120739936829,-1.4602298736572266,7.895120739936829,1.4602298736572266,3.9475603699684143
1PPF_E_I,2,1,1,7.893791079521179,-1.9680824279785158,7.893791079521179,1.9680824279785158,3.9468955397605896
3SGB_E_I,2,1,1,-7.89313930273056,-7.838294982910156,7.89313930273056,7.838294982910156,3.94656965136528
3SGB_E_I,2,1,1,-7.89313930273056,-8.530391693115234,7.89313930273056,8.530391693115234,3.94656965136528
3SGB_E_I,2,1,1,-7.89313930273056,-5.627536773681641,7.89313930273056,5.627536773681641,3.94656965136528
1R0R_E_I,2,1,1,-7.8927400559186935,-6.353132247924805,7.8927400559186935,6.353132247924805,3.9463700279593468
1CHO_EFG_I,1,1,1,3.946338176727295,4.779195785522461,3.946338176727295,4.779195785522461,3.946338176727295
1R0R_E_I,1,1,1,-3.945993483066559,-3.0664281845092773,3.945993483066559,3.0664281845092773,3.945993483066559
1CHO_EFG_I,2,1,1,7.885716438293457,0.580389022827148,7.885716438293457,0.580389022827148,3.9428582191467285
1PPF_E_I,2,1,1,7.883275985717773,4.988058090209961,7.883275985717773,4.988058090209961,3.9416379928588867
1R0R_E_I,1,1,1,-3.9413716197013855,-0.6843175888061523,3.9413716197013855,0.6843175888061523,3.9413716197013855
1CHO_EFG_I,2,2,1,-7.878424167633057,-7.491535186767578,7.878424167633057,7.491535186767578,3.9392120838165283
1PPF_E_I,2,1,1,7.877666145563126,6.323122024536133,7.877666145563126,6.323122024536133,3.938833072781563
1PPF_E_I,2,1,1,7.877666145563126,5.288278579711914,7.877666145563126,5.288278579711914,3.938833072781563
1PPF_E_I,2,1,1,7.874717056751251,5.008125305175781,7.874717056751251,5.008125305175781,3.9373585283756256
1PPF_E_I,2,1,1,7.874717056751251,5.974309921264648,7.874717056751251,5.974309921264648,3.9373585283756256
1R0R_E_I,2,1,1,-7.873972505331039,-6.835300445556641,7.873972505331039,6.835300445556641,3.9369862526655197
3SGB_E_I,2,1,1,7.873972475528717,4.978153228759766,7.873972475528717,4.978153228759766,3.9369862377643585
3SGB_E_I,2,1,1,7.873972475528717,7.551433563232422,7.873972475528717,7.551433563232422,3.9369862377643585
1R0R_E_I,2,1,1,7.867644220590591,6.974054336547852,7.867644220590591,6.974054336547852,3.9338221102952957
1R0R_E_I,2,1,1,-7.867644220590591,-6.136497497558594,7.867644220590591,6.136497497558594,3.9338221102952957
1PPF_E_I,1,1,1,3.933520555496216,1.3431015014648438,3.933520555496216,1.3431015014648438,3.933520555496216
3SGB_E_I,2,1,1,-7.866407632827759,-7.101291656494141,7.866407632827759,7.101291656494141,3.9332038164138794
3SGB_E_I,2,1,1,-7.866407632827759,-8.143112182617188,7.866407632827759,8.143112182617188,3.9332038164138794
3SGB_E_I,2,1,1,-7.866407632827759,-7.213031768798828,7.866407632827759,7.213031768798828,3.9332038164138794
1CBW_FGH_I,1,1,1,3.9332032203674316,1.8343772888183594,3.9332032203674316,1.8343772888183594,3.9332032203674316
1R0R_E_I,2,1,1,7.865920543670654,6.319011688232422,7.865920543670654,6.319011688232422,3.932960271835327
1R0R_E_I,2,1,1,7.865920543670654,4.086940765380859,7.865920543670654,4.086940765380859,3.932960271835327
1CHO_EFG_I,2,1,1,-7.863407552242279,-8.63613510131836,7.863407552242279,8.63613510131836,3.9317037761211395
1CHO_EFG_I,2,1,1,-7.86230206489563,-7.167472839355469,7.86230206489563,7.167472839355469,3.931151032447815
1CHO_EFG_I,2,1,1,-7.860929489135742,-3.5085792541503906,7.860929489135742,3.5085792541503906,3.930464744567871
1CHO_EFG_I,1,1,1,-3.930278182029724,-1.2931022644042969,3.930278182029724,1.2931022644042969,3.930278182029724
1R0R_E_I,2,1,1,7.859446525573731,2.6166133880615234,7.859446525573731,2.6166133880615234,3.9297232627868657
1R0R_E_I,2,1,1,-7.859446525573731,-4.848684310913086,7.859446525573731,4.848684310913086,3.9297232627868657
1CHO_EFG_I,3,3,1,11.788900315761566,9.45501708984375,11.788900315761566,9.45501708984375,3.9296334385871887
1PPF_E_I,2,1,1,-7.858248651027679,-3.604299545288086,7.858248651027679,3.604299545288086,3.9291243255138397
1PPF_E_I,1,1,1,3.927434027194977,-1.1312084197998047,3.927434027194977,1.1312084197998047,3.927434027194977
1CHO_EFG_I,3,2,3,-11.779107511043549,-4.625526428222656,11.779107511043549,4.625526428222656,3.9263691703478494
1PPF_E_I,2,1,1,-7.848523378372192,-3.3498458862304688,7.848523378372192,3.3498458862304688,3.924261689186096
1PPF_E_I,2,1,1,7.848523378372192,4.038999557495117,7.848523378372192,4.038999557495117,3.924261689186096
1CHO_EFG_I,2,1,1,-7.8483909368515015,-6.914966583251953,7.8483909368515015,6.914966583251953,3.9241954684257507
1PPF_E_I,2,1,1,-7.847044944763184,-4.957603454589844,7.847044944763184,4.957603454589844,3.923522472381592
1R0R_E_I,1,1,1,-3.922312378883362,-6.3111572265625,3.922312378883362,6.3111572265625,3.922312378883362
1R0R_E_I,2,1,2,-7.842435240745544,-3.4770593643188477,7.842435240745544,3.4770593643188477,3.921217620372772
1CHO_EFG_I,1,1,1,3.921195536851883,1.948282241821289,3.921195536851883,1.948282241821289,3.921195536851883
1CHO_EFG_I,2,1,1,-7.839065670967102,-6.820472717285156,7.839065670967102,6.820472717285156,3.919532835483551
1CHO_EFG_I,2,1,1,-7.839065670967102,-6.935230255126953,7.839065670967102,6.935230255126953,3.919532835483551
1CHO_EFG_I,2,1,1,-7.832828462123871,-7.1513214111328125,7.832828462123871,7.1513214111328125,3.9164142310619354
3SGB_E_I,2,1,1,7.8300076723098755,7.872077941894531,7.8300076723098755,7.872077941894531,3.9150038361549377
3SGB_E_I,2,1,1,-7.825850293040276,-6.6458892822265625,7.825850293040276,6.6458892822265625,3.912925146520138
3SGB_E_I,2,1,1,7.825850293040276,6.522518157958984,7.825850293040276,6.522518157958984,3.912925146520138
1PPF_E_I,2,1,1,-7.825387060642242,-3.5958995819091797,7.825387060642242,3.5958995819091797,3.912693530321121
1PPF_E_I,2,1,1,-7.825387060642242,-3.1962623596191406,7.825387060642242,3.1962623596191406,3.912693530321121
1PPF_E_I,2,1,1,-7.825387060642242,-4.723814010620117,7.825387060642242,4.723814010620117,3.912693530321121
1PPF_E_I,2,1,1,7.823048651218414,5.121099472045898,7.823048651218414,5.121099472045898,3.911524325609207
1R0R_E_I,1,1,1,3.9114707708358765,4.493534088134766,3.9114707708358765,4.493534088134766,3.9114707708358765
3SGB_E_I,2,1,1,-7.822489976882935,-6.972114562988281,7.822489976882935,6.972114562988281,3.9112449884414673
1PPF_E_I,2,2,1,7.820460915565491,0.4672622680664058,7.820460915565491,0.4672622680664058,3.9102304577827454
1PPF_E_I,2,1,1,-7.81762421131134,-3.282899856567383,7.81762421131134,3.282899856567383,3.90881210565567
1R0R_E_I,2,1,1,-7.816706418991089,-2.9512500762939453,7.816706418991089,2.9512500762939453,3.9083532094955444
1CHO_EFG_I,2,1,1,-7.813969850540161,-6.685375213623047,7.813969850540161,6.685375213623047,3.9069849252700806
3SGB_E_I,2,1,1,-7.809277132153511,-7.669940948486328,7.809277132153511,7.669940948486328,3.9046385660767555
3SGB_E_I,2,1,1,-7.809277132153511,-6.670063018798828,7.809277132153511,6.670063018798828,3.9046385660767555
1PPF_E_I,2,1,1,7.808589458465576,1.9572372436523438,7.808589458465576,1.9572372436523438,3.904294729232788
1PPF_E_I,2,1,1,7.808359295129776,-1.8639488220214846,7.808359295129776,1.8639488220214846,3.904179647564888
1PPF_E_I,2,1,1,7.808359295129776,-0.8291053771972658,7.808359295129776,0.8291053771972658,3.904179647564888
3SGB_E_I,2,1,1,-7.807231545448303,-8.78458023071289,7.807231545448303,8.78458023071289,3.9036157727241516
3HFM_HL_Y,2,1,1,-7.807023584842682,-3.175027847290039,7.807023584842682,3.175027847290039,3.903511792421341
1R0R_E_I,1,1,1,-3.903311848640442,-0.38021278381347656,3.903311848640442,0.38021278381347656,3.903311848640442
1CHO_EFG_I,2,1,1,-7.80440354347229,-1.5604515075683592,7.80440354347229,1.5604515075683592,3.902201771736145
1CHO_EFG_I,2,1,1,-7.80440354347229,-2.2797584533691406,7.80440354347229,2.2797584533691406,3.902201771736145
1CHO_EFG_I,2,1,1,-7.80440354347229,-3.584156036376953,7.80440354347229,3.584156036376953,3.902201771736145
1CHO_EFG_I,2,1,1,7.8004738092422485,6.954776763916016,7.8004738092422485,6.954776763916016,3.9002369046211243
1CHO_EFG_I,2,1,1,-7.8004738092422485,-6.49359130859375,7.8004738092422485,6.49359130859375,3.9002369046211243
1PPF_E_I,2,1,1,7.7985551953315735,7.598590850830078,7.7985551953315735,7.598590850830078,3.8992775976657867
1BRS_A_D,2,1,1,-7.798555061221123,-2.7419967651367188,7.798555061221123,2.7419967651367188,3.8992775306105614
1PPF_E_I,2,1,1,7.798508405685425,7.610084533691405,7.798508405685425,7.610084533691405,3.8992542028427124
1R0R_E_I,2,1,1,-7.798166863620281,-7.296283721923828,7.798166863620281,7.296283721923828,3.8990834318101406
1A4Y_A_B,2,1,3,-7.797773599624634,-7.114414215087891,7.797773599624634,7.114414215087891,3.898886799812317
1CHO_EFG_I,2,1,1,-7.796242713928223,-3.7772331237792964,7.796242713928223,3.7772331237792964,3.8981213569641113
1R0R_E_I,1,1,1,3.897227704524994,1.3599357604980469,3.897227704524994,1.3599357604980469,3.897227704524994
3SGB_E_I,2,1,1,7.793154992163181,6.459194183349609,7.793154992163181,6.459194183349609,3.8965774960815907
3SGB_E_I,2,1,1,-7.793154992163181,-5.734100341796875,7.793154992163181,5.734100341796875,3.8965774960815907
1PPF_E_I,2,1,1,7.792671322822571,8.112680435180664,7.792671322822571,8.112680435180664,3.8963356614112854
1R0R_E_I,2,1,1,-7.783774606883526,-7.494964599609375,7.783774606883526,7.494964599609375,3.891887303441763
1R0R_E_I,2,1,1,7.783774606883526,6.6332550048828125,7.783774606883526,6.6332550048828125,3.891887303441763
1CHO_EFG_I,2,1,1,7.782376527786255,8.486991882324219,7.782376527786255,8.486991882324219,3.8911882638931274
1R0R_E_I,2,1,1,-7.781344950199127,-6.481864929199219,7.781344950199127,6.481864929199219,3.8906724750995636
1PPF_E_I,1,1,1,3.8902805149555206,1.9742240905761714,3.8902805149555206,1.9742240905761714,3.8902805149555206
1R0R_E_I,1,1,1,3.888952851295471,-0.23512649536132812,3.888952851295471,0.23512649536132812,3.888952851295471
2NZ9_DC_A,2,1,1,7.775094836950302,6.587860107421875,7.775094836950302,6.587860107421875,3.887547418475151
1PPF_E_I,2,1,1,7.775021553039551,2.8253326416015625,7.775021553039551,2.8253326416015625,3.8875107765197754
1MAH_A_F,2,1,1,-7.774370193481445,0.76605224609375,7.774370193481445,0.76605224609375,3.8871850967407227
3SGB_E_I,2,1,1,7.774369955062866,6.217212677001953,7.774369955062866,6.217212677001953,3.887184977531433
1CHO_EFG_I,2,1,1,7.774369955062866,6.164031982421875,7.774369955062866,6.164031982421875,3.887184977531433
3SGB_E_I,2,1,1,-7.774369955062866,-8.54555892944336,7.774369955062866,8.54555892944336,3.887184977531433
3SGB_E_I,2,1,1,7.773600347340107,5.552406311035156,7.773600347340107,5.552406311035156,3.8868001736700535
1R0R_E_I,2,1,1,-7.773481369018555,-1.173635482788086,7.773481369018555,1.173635482788086,3.8867406845092773
1R0R_E_I,2,1,2,-7.773481369018555,-5.780351638793945,7.773481369018555,5.780351638793945,3.8867406845092773
1EMV_A_B,1,1,2,-3.8867053985595703,-1.7489643096923828,3.8867053985595703,1.7489643096923828,3.8867053985595703
1PPF_E_I,2,1,1,7.772358417510986,1.9267826080322266,7.772358417510986,1.9267826080322266,3.886179208755493
1R0R_E_I,1,1,1,-3.8861581087112427,-2.4364013671875,3.8861581087112427,2.4364013671875,3.8861581087112427
3HFM_HL_Y,2,1,1,-7.768355369567871,-2.983318328857422,7.768355369567871,2.983318328857422,3.8841776847839355
1CHO_EFG_I,1,4,4,-3.884089708328247,-2.187450408935547,3.884089708328247,2.187450408935547,3.884089708328247
1CHO_EFG_I,3,3,1,11.648851335048676,10.370616912841797,11.648851335048676,10.370616912841797,3.8829504450162253
1PPF_E_I,2,1,1,-7.765896439552307,-4.792631149291992,7.765896439552307,4.792631149291992,3.8829482197761536
1PPF_E_I,2,1,1,-7.765896439552307,-4.103477478027344,7.765896439552307,4.103477478027344,3.8829482197761536
1CHO_EFG_I,1,5,5,-3.881437301635742,-2.2710609436035156,3.881437301635742,2.2710609436035156,3.881437301635742
1R0R_E_I,2,1,1,7.759871125221252,7.180330276489258,7.759871125221252,7.180330276489258,3.879935562610626
4WND_A_B,1,1,2,-3.8781700730323787,-2.6222076416015625,3.8781700730323787,2.6222076416015625,3.8781700730323787
1PPF_E_I,2,1,1,-7.7560800313949585,-3.803762435913086,7.7560800313949585,3.803762435913086,3.8780400156974792
1PPF_E_I,2,1,1,-7.7560800313949585,-3.075227737426758,7.7560800313949585,3.075227737426758,3.8780400156974792
1R0R_E_I,2,1,1,7.755417346954346,4.891046524047852,7.755417346954346,4.891046524047852,3.877708673477173
1R0R_E_I,2,1,1,7.755417346954346,2.658975601196289,7.755417346954346,2.658975601196289,3.877708673477173
1R0R_E_I,2,1,1,7.754670590162277,5.997154235839844,7.754670590162277,5.997154235839844,3.8773352950811386
1R0R_E_I,2,1,1,-7.75374136865139,-5.015590667724609,7.75374136865139,5.015590667724609,3.876870684325695
1R0R_E_I,2,1,1,-7.75374136865139,-7.647972106933594,7.75374136865139,7.647972106933594,3.876870684325695
1BRS_A_D,1,1,2,-3.876431107521057,-0.4017314910888672,3.876431107521057,0.4017314910888672,3.876431107521057
1CHO_EFG_I,2,1,1,-7.752577990293503,-2.3635635375976562,7.752577990293503,2.3635635375976562,3.8762889951467514
1PPF_E_I,2,1,1,-7.751133739948273,-5.48451042175293,7.751133739948273,5.48451042175293,3.8755668699741364
1CHO_EFG_I,2,1,1,-7.751133561134338,-5.931789398193359,7.751133561134338,5.931789398193359,3.875566780567169
1CHO_EFG_I,2,1,1,-7.751133561134338,-5.8170318603515625,7.751133561134338,5.8170318603515625,3.875566780567169
1R0R_E_I,2,1,1,-7.749711513519287,-0.030277252197265625,7.749711513519287,0.030277252197265625,3.8748557567596436
1R0R_E_I,1,1,1,3.874239891767502,2.800952911376953,3.874239891767502,2.800952911376953,3.874239891767502
1R0R_E_I,2,1,1,-7.748390316963196,-0.8649864196777344,7.748390316963196,0.8649864196777344,3.874195158481598
1CHO_EFG_I,3,3,1,11.62076985836029,4.97003936767578,11.62076985836029,4.97003936767578,3.8735899527867637
1CHO_EFG_I,2,1,1,-7.745275139808655,-6.674949645996094,7.745275139808655,6.674949645996094,3.8726375699043274
3HFM_HL_Y,1,1,1,3.8723798990249634,1.0539054870605469,3.8723798990249634,1.0539054870605469,3.8723798990249634
3HFM_HL_Y,1,2,1,3.870525360107422,1.9774265289306645,3.870525360107422,1.9774265289306645,3.870525360107422
1CHO_EFG_I,2,1,1,-7.7397167682647705,-3.852809906005859,7.7397167682647705,3.852809906005859,3.8698583841323853
1CHO_EFG_I,2,1,1,-7.7397167682647705,-2.5484123229980464,7.7397167682647705,2.5484123229980464,3.8698583841323853
1CHO_EFG_I,2,1,1,-7.7397167682647705,-1.829105377197265,7.7397167682647705,1.829105377197265,3.8698583841323853
1R0R_E_I,2,1,1,7.738178886473179,6.109321594238281,7.738178886473179,6.109321594238281,3.8690894432365894
1PPF_E_I,2,1,1,-7.737617135047913,-5.817169189453125,7.737617135047913,5.817169189453125,3.8688085675239563
1PPF_E_I,2,1,1,7.7371408343315125,6.340112686157227,7.7371408343315125,6.340112686157227,3.8685704171657562
1R0R_E_I,2,1,1,-7.736326962709427,-6.433929443359375,7.736326962709427,6.433929443359375,3.8681634813547134
1BRS_A_D,1,2,1,3.866295337677002,5.054683685302734,3.866295337677002,5.054683685302734,3.866295337677002
1CHO_EFG_I,2,1,1,-7.730100244283676,-7.165515899658203,7.730100244283676,7.165515899658203,3.865050122141838
1PPF_E_I,2,1,1,-7.729248344898224,-0.44636344909667947,7.729248344898224,0.44636344909667947,3.864624172449112
1PPF_E_I,2,2,1,7.729134023189545,4.262466430664062,7.729134023189545,4.262466430664062,3.8645670115947723
3SGB_E_I,2,1,1,7.728880047798157,6.788543701171875,7.728880047798157,6.788543701171875,3.8644400238990784
1CHO_EFG_I,1,1,1,-3.8642637729644775,-0.6946601867675781,3.8642637729644775,0.6946601867675781,3.8642637729644775
2NYY_DC_A,2,1,1,7.728113949298858,6.60822868347168,7.728113949298858,6.60822868347168,3.864056974649429
1CHO_EFG_I,2,1,1,7.726643085479736,8.570213317871094,7.726643085479736,8.570213317871094,3.863321542739868
1CHO_EFG_I,2,1,1,-7.7260377407073975,-5.681934356689453,7.7260377407073975,5.681934356689453,3.8630188703536987
1PPF_E_I,2,1,1,-7.723918199539185,-5.43272590637207,7.723918199539185,5.43272590637207,3.8619590997695923
1PPF_E_I,2,1,1,-7.721601247787476,-7.832023620605468,7.721601247787476,7.832023620605468,3.860800623893738
1PPF_E_I,2,1,3,-7.720953643321991,-3.660250663757324,7.720953643321991,3.660250663757324,3.8604768216609955
1R0R_E_I,2,1,1,-7.720879789441824,-7.938007354736328,7.720879789441824,7.938007354736328,3.860439894720912
1R0R_E_I,2,1,1,-7.720879789441824,-7.970207214355469,7.720879789441824,7.970207214355469,3.860439894720912
1R0R_E_I,2,1,1,-7.7185342609882355,-6.874382019042969,7.7185342609882355,6.874382019042969,3.8592671304941177
1R0R_E_I,2,1,1,7.717548370361328,3.3202552795410156,7.717548370361328,3.3202552795410156,3.858774185180664
1R0R_E_I,2,1,1,7.717548370361328,2.166219711303711,7.717548370361328,2.166219711303711,3.858774185180664
1R0R_E_I,2,1,1,-7.717548370361328,-5.552326202392578,7.717548370361328,5.552326202392578,3.858774185180664
1R0R_E_I,2,1,1,-7.717548370361328,-4.398290634155273,7.717548370361328,4.398290634155273,3.858774185180664
1PPF_E_I,2,1,1,-7.717547953128815,-2.935750961303711,7.717547953128815,2.935750961303711,3.8587739765644073
1PPF_E_I,2,1,1,-7.717547953128815,-2.1499805450439453,7.717547953128815,2.1499805450439453,3.8587739765644073
1CHO_EFG_I,2,1,1,-7.716049343347549,-6.867607116699219,7.716049343347549,6.867607116699219,3.8580246716737747
1CHO_EFG_I,2,1,1,7.712541699409485,5.951335906982422,7.712541699409485,5.951335906982422,3.8562708497047424
1CHO_EFG_I,2,1,1,-7.712541699409485,-5.490150451660156,7.712541699409485,5.490150451660156,3.8562708497047424
1CHO_EFG_I,2,1,1,-7.708579063415527,-8.640613555908203,7.708579063415527,8.640613555908203,3.8542895317077637
3SGB_E_I,2,1,1,7.708109594881535,6.013160705566406,7.708109594881535,6.013160705566406,3.8540547974407673
1R0R_E_I,1,1,1,-3.853005528450012,-2.0357837677001953,3.853005528450012,2.0357837677001953,3.853005528450012
1CHO_EFG_I,2,1,1,-7.70591926574707,-2.591806411743164,7.70591926574707,2.591806411743164,3.852959632873535
3SGB_E_I,2,1,1,-7.705062925815582,-7.307090759277344,7.705062925815582,7.307090759277344,3.852531462907791
1R0R_E_I,1,1,1,-3.8522948026657104,-0.4209671020507813,3.8522948026657104,0.4209671020507813,3.8522948026657104
1PPF_E_I,2,1,1,7.704279243946075,5.932075500488281,7.704279243946075,5.932075500488281,3.8521396219730377
1PPF_E_I,2,1,1,7.704279243946075,6.33171272277832,7.704279243946075,6.33171272277832,3.8521396219730377
1PPF_E_I,2,1,1,7.704279243946075,7.459627151489258,7.704279243946075,7.459627151489258,3.8521396219730377
1R0R_E_I,2,1,1,7.704071514308453,6.396553039550781,7.704071514308453,6.396553039550781,3.8520357571542263
1PPF_E_I,1,1,1,-3.8516430854797363,1.5710830688476562,3.8516430854797363,1.5710830688476562,3.8516430854797363
1R0R_E_I,2,2,1,7.703011393547058,0.24327468872070318,7.703011393547058,0.24327468872070318,3.851505696773529
1PPF_E_I,2,1,1,-7.697903156280518,-2.900141716003418,7.697903156280518,2.900141716003418,3.848951578140259
1PPF_E_I,2,1,1,7.697903156280518,3.8209047317504883,7.697903156280518,3.8209047317504883,3.848951578140259
1R0R_E_I,2,1,1,-7.69786524772644,-7.945579528808594,7.69786524772644,7.945579528808594,3.84893262386322
3SGB_E_I,2,1,1,7.697865214198828,5.999820709228516,7.697865214198828,5.999820709228516,3.848932607099414
3SGB_E_I,2,1,1,-7.697865214198828,-7.316280364990234,7.697865214198828,7.316280364990234,3.848932607099414
1CHO_EFG_I,2,1,1,7.696386754512787,3.3062286376953125,7.696386754512787,3.3062286376953125,3.8481933772563934
1R0R_E_I,3,1,3,-11.543915748596191,-7.741209030151367,11.543915748596191,7.741209030151367,3.8479719161987305
1CBW_FGH_I,1,1,1,-3.847647875547409,-1.322296142578125,3.847647875547409,1.322296142578125,3.847647875547409
1A4Y_A_B,2,3,1,7.695258975028992,5.054073333740234,7.695258975028992,5.054073333740234,3.847629487514496
1PPF_E_I,2,1,1,7.694667033851147,4.479484558105469,7.694667033851147,4.479484558105469,3.8473335169255733
1CHO_EFG_I,1,1,1,-3.8444475531578064,-3.6794700622558594,3.8444475531578064,3.6794700622558594,3.8444475531578064
1R0R_E_I,1,1,1,3.8444474935531616,-0.691427230834961,3.8444474935531616,0.691427230834961,3.8444474935531616
1CHO_EFG_I,1,1,1,3.844447374343872,3.1295166015625,3.844447374343872,3.1295166015625,3.844447374343872
1CHO_EFG_I,1,1,1,-3.844066023826599,-1.0836448669433594,3.844066023826599,1.0836448669433594,3.844066023826599
1CHO_EFG_I,2,1,1,-7.687891215085983,-2.632217407226562,7.687891215085983,2.632217407226562,3.8439456075429916
1PPF_E_I,2,1,1,-7.686438404023647,-7.279998779296875,7.686438404023647,7.279998779296875,3.8432192020118237
1CHO_EFG_I,2,1,1,-7.68450453877449,-7.432788848876953,7.68450453877449,7.432788848876953,3.842252269387245
3SGB_E_I,2,1,1,-7.684475898742676,-5.590801239013672,7.684475898742676,5.590801239013672,3.842237949371338
1R0R_E_I,2,1,1,-7.683990001678467,-2.9849395751953125,7.683990001678467,2.9849395751953125,3.8419950008392334
1CHO_EFG_I,2,1,1,-7.683890461921692,-5.146617889404297,7.683890461921692,5.146617889404297,3.841945230960846
1PPF_E_I,2,1,1,-7.681826889514923,1.667716979980469,7.681826889514923,1.667716979980469,3.8409134447574615
1CHO_EFG_I,2,1,1,-7.6808823347091675,-4.89622688293457,7.6808823347091675,4.89622688293457,3.8404411673545837
1PPF_E_I,1,1,1,3.8401845693588257,-0.7167434692382812,3.8401845693588257,0.7167434692382812,3.8401845693588257
1PPF_E_I,2,1,1,-7.6772061586380005,-3.526287078857422,7.6772061586380005,3.526287078857422,3.8386030793190002
1PPF_E_I,2,1,1,7.6772061586380005,2.5854129791259766,7.6772061586380005,2.5854129791259766,3.8386030793190002
3SGB_E_I,2,1,1,-7.674628824926913,-6.511653900146484,7.674628824926913,6.511653900146484,3.8373144124634564
3SGB_E_I,2,1,1,-7.674628824926913,-6.668247222900391,7.674628824926913,6.668247222900391,3.8373144124634564
1PPF_E_I,1,1,1,-3.837021589279175,-0.4059772491455078,3.837021589279175,0.4059772491455078,3.837021589279175
1CHO_EFG_I,2,1,1,-7.672201693058014,-5.0576934814453125,7.672201693058014,5.0576934814453125,3.836100846529007
1PPF_E_I,2,1,1,-7.672201633453369,-7.748498916625976,7.672201633453369,7.748498916625976,3.8361008167266846
1R0R_E_I,2,1,1,-7.669862747192383,-4.448644638061523,7.669862747192383,4.448644638061523,3.8349313735961914
1PPF_E_I,2,1,1,-7.668310284614563,1.3350582122802737,7.668310284614563,1.3350582122802737,3.8341551423072815
1PPF_E_I,2,1,1,-7.668184757232666,-6.798377990722656,7.668184757232666,6.798377990722656,3.834092378616333
1CHO_EFG_I,2,1,1,7.667205423116684,6.882564544677734,7.667205423116684,6.882564544677734,3.833602711558342
3SGB_E_I,2,1,1,-7.666530787944794,-7.525234222412109,7.666530787944794,7.525234222412109,3.833265393972397
3SGB_E_I,2,1,1,-7.666530787944794,-6.962593078613281,7.666530787944794,6.962593078613281,3.833265393972397
1R0R_E_I,2,1,1,-7.664942771196365,-6.1442108154296875,7.664942771196365,6.1442108154296875,3.8324713855981827
3S9D_A_B,1,1,2,-3.8323969841003427,-0.42855771382649743,3.8323969841003427,0.42855771382649743,3.8323969841003427
2FTL_E_I,2,1,1,7.663930892944334,6.452114105224609,7.663930892944334,6.452114105224609,3.831965446472167
2FTL_E_I,2,1,1,7.663930892944334,6.538887023925781,7.663930892944334,6.538887023925781,3.831965446472167
2FTL_E_I,2,1,1,7.663930892944334,4.274204254150391,7.663930892944334,4.274204254150391,3.831965446472167
2FTL_E_I,2,1,1,7.663930892944334,7.305389404296875,7.663930892944334,7.305389404296875,3.831965446472167
2FTL_E_I,2,1,1,7.663930892944334,6.576816558837891,7.663930892944334,6.576816558837891,3.831965446472167
2FTL_E_I,2,1,1,7.663930892944334,6.547115325927734,7.663930892944334,6.547115325927734,3.831965446472167
2FTL_E_I,2,1,1,-7.663930892944334,-7.020954132080078,7.663930892944334,7.020954132080078,3.831965446472167
2FTL_E_I,2,1,1,7.663930892944334,7.583667755126953,7.663930892944334,7.583667755126953,3.831965446472167
2FTL_E_I,2,1,1,7.663930892944334,5.044811248779297,7.663930892944334,5.044811248779297,3.831965446472167
2FTL_E_I,2,1,1,7.663930892944334,7.584774017333984,7.663930892944334,7.584774017333984,3.831965446472167
2FTL_E_I,2,1,1,7.663930892944334,6.429782867431641,7.663930892944334,6.429782867431641,3.831965446472167
3SGB_E_I,1,1,1,-3.831320643424988,-2.6361465454101562,3.831320643424988,2.6361465454101562,3.831320643424988
1BRS_A_D,3,2,1,11.493536636233332,2.2817192077636714,11.493536636233332,2.2817192077636714,3.831178878744444
1PPF_E_I,1,1,1,-3.831104278564453,-0.4666042327880858,3.831104278564453,0.4666042327880858,3.831104278564453
1R0R_E_I,2,1,2,-7.6585060358047485,0.2130260467529297,7.6585060358047485,0.2130260467529297,3.8292530179023743
1R0R_E_I,1,1,1,3.829058289527893,-0.3865680694580078,3.829058289527893,0.3865680694580078,3.829058289527893
1R0R_E_I,1,1,1,-3.8288212716579437,-0.6491279602050781,3.8288212716579437,0.6491279602050781,3.8288212716579437
1PPF_E_I,2,1,1,7.656667232513428,2.7035140991210938,7.656667232513428,2.7035140991210938,3.828333616256714
3HFM_HL_Y,2,1,1,-7.654384255409241,-3.0659618377685547,7.654384255409241,3.0659618377685547,3.8271921277046204
1PPF_E_I,2,1,1,7.654137372970581,-2.542613983154297,7.654137372970581,2.542613983154297,3.8270686864852905
1R0R_E_I,1,1,1,-3.8269670009613037,-1.8565101623535156,3.8269670009613037,1.8565101623535156,3.8269670009613037
3SGB_E_I,2,1,1,-7.652269493788481,-6.957695007324219,7.652269493788481,6.957695007324219,3.8261347468942404
1PPF_E_I,1,1,1,3.825563073158264,1.2603168487548828,3.825563073158264,1.2603168487548828,3.825563073158264
1CHO_EFG_I,2,1,1,-7.650397151708603,-7.127346038818359,7.650397151708603,7.127346038818359,3.8251985758543015
1PPF_E_I,1,1,1,3.824911653995514,-0.5876274108886719,3.824911653995514,0.5876274108886719,3.824911653995514
1CHO_EFG_I,2,1,1,-7.648965299129486,-3.4957618713378906,7.648965299129486,3.4957618713378906,3.824482649564743
2G2U_A_B,1,1,1,-3.8223585188388824,-2.536097526550293,3.8223585188388824,2.536097526550293,3.8223585188388824
1R0R_E_I,2,1,2,-7.64311683177948,-0.09183311462402349,7.64311683177948,0.09183311462402349,3.82155841588974
3SGB_E_I,2,1,1,7.64293934777379,7.260326385498047,7.64293934777379,7.260326385498047,3.821469673886895
1KTZ_A_B,1,1,1,3.8212691098451614,-0.7126350402832031,3.8212691098451614,0.7126350402832031,3.8212691098451614
1CHO_EFG_I,2,1,1,-7.6421681344509125,-6.162075042724609,7.6421681344509125,6.162075042724609,3.8210840672254562
1R0R_E_I,2,1,1,7.641101717948914,7.8247833251953125,7.641101717948914,7.8247833251953125,3.820550858974457
1PPF_E_I,2,1,2,7.639919996261597,7.49087905883789,7.639919996261597,7.49087905883789,3.8199599981307983
1PPF_E_I,2,1,1,7.6349722146987915,5.811040878295898,7.6349722146987915,5.811040878295898,3.8174861073493958
1PPF_E_I,2,1,1,7.6349722146987915,6.539575576782227,7.6349722146987915,6.539575576782227,3.8174861073493958
1PPF_E_I,2,1,1,-7.6332414746284485,-2.704202651977539,7.6332414746284485,2.704202651977539,3.8166207373142242
1R0R_E_I,2,1,1,7.631993502378464,6.926120758056641,7.631993502378464,6.926120758056641,3.815996751189232
1PPF_E_I,2,1,1,7.631831828504801,4.957757949829102,7.631831828504801,4.957757949829102,3.8159159142524004
1PPF_E_I,2,1,1,-7.631831828504801,-5.33197021484375,7.631831828504801,5.33197021484375,3.8159159142524004
1CHO_EFG_I,2,1,1,7.631699979305267,3.5748825073242183,7.631699979305267,3.5748825073242183,3.8158499896526337
3SGB_E_I,2,1,1,7.630723409354687,7.320178985595703,7.630723409354687,7.320178985595703,3.8153617046773434
1CHO_EFG_I,1,1,1,3.815053939819336,6.282096862792969,3.815053939819336,6.282096862792969,3.815053939819336
1R0R_E_I,1,1,1,-3.8142364621162415,0.0063838958740234375,3.8142364621162415,0.0063838958740234375,3.8142364621162415
1CHO_EFG_I,2,1,1,7.628117233514786,5.864166259765625,7.628117233514786,5.864166259765625,3.814058616757393
1CHO_EFG_I,2,1,1,-7.627151906490326,-6.439487457275391,7.627151906490326,6.439487457275391,3.813575953245163
2NZ9_DC_A,2,1,1,7.626444861292839,6.430805206298828,7.626444861292839,6.430805206298828,3.8132224306464195
1PPF_E_I,2,1,1,7.625360183417797,-2.6727428436279297,7.625360183417797,2.6727428436279297,3.8126800917088985
1R0R_E_I,2,1,1,-7.624525308609009,-8.291354179382324,7.624525308609009,8.291354179382324,3.8122626543045044
2NYY_DC_A,2,1,1,7.621958762407302,6.800714492797852,7.621958762407302,6.800714492797852,3.810979381203651
1CHO_EFG_I,3,3,1,11.431568384170532,6.101615905761718,11.431568384170532,6.101615905761718,3.8105227947235107
3SGB_E_I,2,1,1,-7.620977997779846,-6.397006988525391,7.620977997779846,6.397006988525391,3.810488998889923
2FTL_E_I,1,1,1,3.810344696044922,5.683250427246094,3.810344696044922,5.683250427246094,3.810344696044922
1PPF_E_I,2,1,1,-7.620436191558838,-2.6730594635009766,7.620436191558838,2.6730594635009766,3.810218095779419
1CHO_EFG_I,1,1,1,3.809958815574645,0.2212791442871094,3.809958815574645,0.2212791442871094,3.809958815574645
1CHO_EFG_I,1,1,1,-3.809958815574645,-1.7549057006835938,3.809958815574645,1.7549057006835938,3.809958815574645
3SGB_E_I,2,1,1,7.6187542751431465,6.825946807861328,7.6187542751431465,6.825946807861328,3.8093771375715733
3SGB_E_I,2,1,1,-7.617687106132507,-5.532917022705078,7.617687106132507,5.532917022705078,3.8088435530662537
1PPF_E_I,2,1,1,-7.617131553590298,-0.12777137756347634,7.617131553590298,0.12777137756347634,3.808565776795149
1PPF_E_I,2,1,1,7.617036044597626,-2.337209701538086,7.617036044597626,2.337209701538086,3.808518022298813
1CHO_EFG_I,2,1,1,-7.6161883771419525,-7.174671173095703,7.6161883771419525,7.174671173095703,3.8080941885709763
1CHO_EFG_I,2,1,1,7.6161883771419525,5.337490081787109,7.6161883771419525,5.337490081787109,3.8080941885709763
1CBW_FGH_I,1,1,1,3.806461863219738,1.3685035705566406,3.806461863219738,1.3685035705566406,3.806461863219738
1CHO_EFG_I,2,1,1,-7.612135291099548,-4.718318939208984,7.612135291099548,4.718318939208984,3.806067645549774
1BRS_A_D,2,1,1,-7.609886519610882,-1.2878952026367188,7.609886519610882,1.2878952026367188,3.804943259805441
1CHO_EFG_I,2,1,1,-7.607514917850494,-5.326347351074218,7.607514917850494,5.326347351074218,3.803757458925247
1CHO_EFG_I,1,4,5,-3.8036048412323,-2.847797393798828,3.8036048412323,2.847797393798828,3.8036048412323
1R0R_E_I,2,1,1,-7.60702221095562,-6.2776947021484375,7.60702221095562,6.2776947021484375,3.80351110547781
3SGB_E_I,1,1,1,3.8034507036209106,4.448299407958984,3.8034507036209106,4.448299407958984,3.8034507036209106
1CHO_EFG_I,1,1,1,-3.803303956985474,-5.583408355712891,3.803303956985474,5.583408355712891,3.803303956985474
2NYY_DC_A,2,1,1,7.604166075587272,6.724287033081055,7.604166075587272,6.724287033081055,3.802083037793636
1CHO_EFG_I,2,1,1,-7.600843131542206,-4.003021240234375,7.600843131542206,4.003021240234375,3.800421565771103
1CHO_EFG_I,2,1,1,-7.5999696254730225,-7.872489929199219,7.5999696254730225,7.872489929199219,3.7999848127365112
1PPF_E_I,2,1,3,-7.599684953689575,-7.910400390625,7.599684953689575,7.910400390625,3.7998424768447876
1PPF_E_I,2,1,1,7.5984039306640625,-1.176961898803711,7.5984039306640625,1.176961898803711,3.7992019653320312
1CHO_EFG_I,2,1,1,-7.598376274108887,-4.633951187133789,7.598376274108887,4.633951187133789,3.7991881370544434
1CBW_FGH_I,1,1,1,3.79863452911377,1.0264549255371094,3.79863452911377,1.0264549255371094,3.79863452911377
1CHO_EFG_I,2,1,1,-7.596951246261597,-7.042545318603516,7.596951246261597,7.042545318603516,3.7984756231307983
1CHO_EFG_I,2,1,1,-7.596572816371918,-4.954673767089844,7.596572816371918,4.954673767089844,3.798286408185959
1CHO_EFG_I,2,1,1,-7.596572428941727,-6.429347991943359,7.596572428941727,6.429347991943359,3.7982862144708633
1PPF_E_I,2,1,1,7.596440136432648,4.885793685913086,7.596440136432648,4.885793685913086,3.798220068216324
1PPF_E_I,2,1,1,7.596440136432648,5.671564102172852,7.596440136432648,5.671564102172852,3.798220068216324
1PPF_E_I,2,1,1,7.595695508643985,6.157045364379883,7.595695508643985,6.157045364379883,3.7978477543219924
1R0R_E_I,2,1,1,-7.595517918467522,-5.163534164428711,7.595517918467522,5.163534164428711,3.797758959233761
3SGB_E_I,2,1,1,7.595517888665199,7.933841705322266,7.595517888665199,7.933841705322266,3.7977589443325996
2NZ9_DC_A,2,1,1,7.593522392213345,6.696533203125,7.593522392213345,6.696533203125,3.7967611961066723
1R0R_E_I,2,1,1,-7.592955596745014,-6.538516998291016,7.592955596745014,6.538516998291016,3.796477798372507
3SGB_E_I,2,1,1,-7.591092586517334,-4.815086364746094,7.591092586517334,4.815086364746094,3.795546293258667
2NYY_DC_A,2,1,1,7.586892202496528,6.464567184448242,7.586892202496528,6.464567184448242,3.793446101248264
1CHO_EFG_I,2,1,1,7.585973858833313,2.870241165161133,7.585973858833313,2.870241165161133,3.7929869294166565
1PPF_E_I,2,1,1,-7.585879266262054,-3.484437942504883,7.585879266262054,3.484437942504883,3.792939633131027
1CHO_EFG_I,2,1,1,-7.5842785239219666,-3.7644157409667964,7.5842785239219666,3.7644157409667964,3.7921392619609833
1JTG_A_B,1,1,2,-3.789873778820038,-0.9964065551757812,3.789873778820038,0.9964065551757812,3.789873778820038
1R0R_E_I,1,1,1,3.7898736000061035,5.099565505981445,3.7898736000061035,5.099565505981445,3.7898736000061035
1CHO_EFG_I,2,1,1,7.57927331328392,5.879123687744141,7.57927331328392,5.879123687744141,3.78963665664196
1PPF_E_I,1,5,4,3.7895774245262146,1.2090034484863281,3.7895774245262146,1.2090034484863281,3.7895774245262146
1CHO_EFG_I,1,1,1,3.7893996238708496,2.0435752868652344,3.7893996238708496,2.0435752868652344,3.7893996238708496
1CHO_EFG_I,2,1,1,7.5783191323280334,4.651966094970703,7.5783191323280334,4.651966094970703,3.7891595661640167
1R0R_E_I,2,1,2,-7.578285604715347,-0.5527124404907227,7.578285604715347,0.5527124404907227,3.7891428023576736
1R0R_E_I,1,1,1,-3.7888071537017822,-0.8396339416503906,3.7888071537017822,0.8396339416503906,3.7888071537017822
1PPF_E_I,2,1,1,7.576153993606567,7.596036911010741,7.576153993606567,7.596036911010741,3.7880769968032837
3SGB_E_I,2,1,1,-7.575636386871338,-4.840442657470703,7.575636386871338,4.840442657470703,3.787818193435669
1CHO_EFG_I,2,1,1,7.575310707092285,6.256187438964844,7.575310707092285,6.256187438964844,3.7876553535461426
1R0R_E_I,2,1,1,7.57269886136055,6.180744171142578,7.57269886136055,6.180744171142578,3.786349430680275
1R0R_E_I,2,1,1,7.57269886136055,6.439306259155273,7.57269886136055,6.439306259155273,3.786349430680275
1R0R_E_I,2,1,1,-7.57269886136055,-6.953807830810547,7.57269886136055,6.953807830810547,3.786349430680275
1PPF_E_I,2,1,1,-7.572021007537842,-2.722900390625,7.572021007537842,2.722900390625,3.786010503768921
1BRS_A_D,2,1,1,7.571859657764435,1.2636890411376953,7.571859657764435,1.2636890411376953,3.7859298288822174
1R0R_E_I,2,1,1,7.57179468870163,7.454193115234375,7.57179468870163,7.454193115234375,3.785897344350815
1R0R_E_I,2,1,1,7.5704220831394196,5.784456253051758,7.5704220831394196,5.784456253051758,3.7852110415697098
3SGB_E_I,2,1,1,-7.570422053337097,-6.766712188720703,7.570422053337097,6.766712188720703,3.7852110266685486
1CHO_EFG_I,2,1,1,-7.5683430433273315,-4.999166488647461,7.5683430433273315,4.999166488647461,3.7841715216636658
1CSE_E_I,1,1,1,3.7829442024230957,1.8654518127441406,3.7829442024230957,1.8654518127441406,3.7829442024230957
1PPF_E_I,2,1,1,-7.562524978071451,2.194469451904297,7.562524978071451,2.194469451904297,3.7812624890357256
1PPF_E_I,2,1,1,-7.562524978071451,1.8202571868896487,7.562524978071451,1.8202571868896487,3.7812624890357256
1CHO_EFG_I,2,1,1,7.562465041875839,6.123905181884766,7.562465041875839,6.123905181884766,3.7812325209379196
1CHO_EFG_I,2,1,1,-7.562083840370178,-3.6225013732910156,7.562083840370178,3.6225013732910156,3.781041920185089
2FTL_E_I,1,1,1,3.778799533843994,2.732250213623047,3.778799533843994,2.732250213623047,3.778799533843994
3SGB_E_I,2,1,1,7.556925982236862,5.858089447021484,7.556925982236862,5.858089447021484,3.778462991118431
1CHO_EFG_I,2,1,1,-7.556337773799896,-4.221828460693359,7.556337773799896,4.221828460693359,3.778168886899948
1CHO_EFG_I,2,1,1,-7.556337773799896,-3.034912109375,7.556337773799896,3.034912109375,3.778168886899948
1PPF_E_I,2,1,1,7.5560983419418335,6.2621002197265625,7.5560983419418335,6.2621002197265625,3.7780491709709167
1PPF_E_I,2,1,1,7.5560983419418335,5.321226119995117,7.5560983419418335,5.321226119995117,3.7780491709709167
2NZ9_DC_A,2,1,1,7.552291706204414,6.611152648925781,7.552291706204414,6.611152648925781,3.776145853102207
1R0R_E_I,2,1,1,-7.551508501172066,-8.276412963867188,7.551508501172066,8.276412963867188,3.775754250586033
1R0R_E_I,2,1,1,-7.551508501172066,-7.678438186645508,7.551508501172066,7.678438186645508,3.775754250586033
1PPF_E_I,2,1,1,7.549722194671631,3.1674509048461914,7.549722194671631,3.1674509048461914,3.7748610973358154
1CHO_EFG_I,2,1,1,7.548593163490295,4.272289276123047,7.548593163490295,4.272289276123047,3.7742965817451477
1CHO_EFG_I,2,1,1,7.546120882034302,6.29034423828125,7.546120882034302,6.29034423828125,3.773060441017151
3SGB_E_I,2,1,1,7.543730735778809,3.6986007690429688,7.543730735778809,3.6986007690429688,3.7718653678894043
3SGB_E_I,2,1,1,-7.543730512261391,-6.362407684326172,7.543730512261391,6.362407684326172,3.7718652561306953
1CHO_EFG_I,2,1,1,-7.540948569774628,-4.835948944091797,7.540948569774628,4.835948944091797,3.770474284887314
1R0R_E_I,1,1,1,-3.7702866196632385,-4.074392318725587,3.7702866196632385,4.074392318725587,3.7702866196632385
1CHO_EFG_I,1,1,1,3.7697887420654297,6.817142486572266,3.7697887420654297,6.817142486572266,3.7697887420654297
1CHO_EFG_I,1,1,1,-3.7697887420654297,-6.376346588134766,3.7697887420654297,6.376346588134766,3.7697887420654297
1CHO_EFG_I,1,1,1,-3.7697887420654297,-6.833400726318359,3.7697887420654297,6.833400726318359,3.7697887420654297
1BRS_A_D,3,2,1,11.30486809462309,0.8276176452636717,11.30486809462309,0.8276176452636717,3.7682893648743634
1CHO_EFG_I,2,1,1,-7.536156356334686,-4.271675109863281,7.536156356334686,4.271675109863281,3.768078178167343
3SGB_E_I,2,1,1,-7.534862160682678,-8.945220947265625,7.534862160682678,8.945220947265625,3.767431080341339
3SGB_E_I,2,1,1,-7.534862160682678,-7.852062225341797,7.534862160682678,7.852062225341797,3.767431080341339
1PPF_E_I,2,1,1,-7.5341514348983765,-2.274538040161133,7.5341514348983765,2.274538040161133,3.7670757174491882
1R0R_E_I,1,1,1,3.766933262348175,2.124664306640625,3.766933262348175,2.124664306640625,3.766933262348175
3SGB_E_I,2,1,1,-7.533262610435486,-3.1233787536621094,7.533262610435486,3.1233787536621094,3.766631305217743
1R0R_E_I,2,1,1,7.533262550830841,4.906150817871094,7.533262550830841,4.906150817871094,3.7666312754154205
1R0R_E_I,2,2,1,7.53098252415657,6.190299034118652,7.53098252415657,6.190299034118652,3.765491262078285
3SGB_E_I,2,1,1,7.5282745361328125,3.723957061767578,7.5282745361328125,3.723957061767578,3.7641372680664062
1CHO_EFG_I,2,1,1,7.528256267309189,4.334049224853516,7.528256267309189,4.334049224853516,3.7641281336545944
1CHO_EFG_I,2,1,1,7.528256267309189,6.171230316162109,7.528256267309189,6.171230316162109,3.7641281336545944
1PPF_E_I,2,1,1,-7.526388658210635,0.9951820373535158,7.526388658210635,0.9951820373535158,3.7631943291053176
1JTG_A_B,1,2,1,3.7618014216423035,0.6175861358642578,3.7618014216423035,0.6175861358642578,3.7618014216423035
2NZ9_DC_A,2,1,1,7.523148853331804,5.869495391845703,7.523148853331804,5.869495391845703,3.761574426665902
1CHO_EFG_I,1,1,1,-3.7615599632263184,-0.8213691711425781,3.7615599632263184,0.8213691711425781,3.7615599632263184
3EQS_A_B,2,1,1,-7.521935701370239,-2.098041534423828,7.521935701370239,2.098041534423828,3.7609678506851196
1PPF_E_I,2,1,1,7.520100615918636,5.650859832763672,7.520100615918636,5.650859832763672,3.760050307959318
3SGB_E_I,2,1,1,-7.519850373268127,-5.313472747802734,7.519850373268127,5.313472747802734,3.7599251866340637
1CHO_EFG_I,2,1,1,7.519522428512573,0.9124526977539058,7.519522428512573,0.9124526977539058,3.7597612142562866
1PPF_E_I,2,1,1,-7.51685243844986,-6.907796859741211,7.51685243844986,6.907796859741211,3.75842621922493
3SGB_E_I,2,1,1,-7.515695288777351,-7.750576019287109,7.515695288777351,7.750576019287109,3.7578476443886757
3SGB_E_I,2,1,1,7.515695288777351,6.674858093261719,7.515695288777351,6.674858093261719,3.7578476443886757
3SGB_E_I,2,1,1,-7.515695288777351,-3.74853515625,7.515695288777351,3.74853515625,3.7578476443886757
3SGB_E_I,2,2,1,-7.515695288777351,-7.329662322998047,7.515695288777351,7.329662322998047,3.7578476443886757
2NYY_DC_A,2,1,1,7.513340219855308,6.448549270629883,7.513340219855308,6.448549270629883,3.756670109927654
1PPF_E_I,2,2,1,7.512863457202911,5.467012405395508,7.512863457202911,5.467012405395508,3.7564317286014557
1PPF_E_I,2,1,1,7.5121336579322815,5.44001579284668,7.5121336579322815,5.44001579284668,3.7560668289661407
1R0R_E_I,1,1,1,-3.7556543350219727,-2.332784652709961,3.7556543350219727,2.332784652709961,3.7556543350219727
1BRS_A_D,3,2,1,11.266841232776644,0.8034114837646482,11.266841232776644,0.8034114837646482,3.755613744258881
1PPF_E_I,2,8,8,7.510915298014879,2.881572723388672,7.510915298014879,2.881572723388672,3.7554576490074396
1CHO_EFG_I,1,1,1,3.7554571628570557,1.056991577148437,3.7554571628570557,1.056991577148437,3.7554571628570557
1CBW_FGH_I,1,1,1,3.7549668550491333,1.2869148254394531,3.7549668550491333,1.2869148254394531,3.7549668550491333
1CHO_EFG_I,2,1,1,-7.509019494056702,-4.478302001953125,7.509019494056702,4.478302001953125,3.754509747028351
1CHO_EFG_I,2,1,1,-7.509019136428833,-6.039104461669922,7.509019136428833,6.039104461669922,3.7545095682144165
1PPF_E_I,2,1,1,-7.507884681224823,-6.09510612487793,7.507884681224823,6.09510612487793,3.7539423406124115
1R0R_E_I,2,1,1,-7.507520318031311,-2.4952163696289062,7.507520318031311,2.4952163696289062,3.7537601590156555
1JRH_LH_I,2,1,1,-7.5053993463516235,-0.8786201477050781,7.5053993463516235,0.8786201477050781,3.7526996731758118
1R0R_E_I,2,1,1,-7.505320027470589,-7.000619888305664,7.505320027470589,7.000619888305664,3.7526600137352943
1R0R_E_I,2,1,1,-7.505320027470589,-6.7950286865234375,7.505320027470589,6.7950286865234375,3.7526600137352943
2NZ9_DC_A,2,1,1,7.504487402737141,6.219066619873047,7.504487402737141,6.219066619873047,3.7522437013685703
1CHO_EFG_I,2,3,1,7.502850353717804,5.372169494628906,7.502850353717804,5.372169494628906,3.751425176858902
1CHO_EFG_I,2,1,1,-7.502328634262085,-4.400724411010742,7.502328634262085,4.400724411010742,3.7511643171310425
1R0R_E_I,2,1,1,-7.500944726169109,-6.106685638427734,7.500944726169109,6.106685638427734,3.7504723630845547
3SGB_E_I,2,1,1,7.500944688916206,5.401214599609375,7.500944688916206,5.401214599609375,3.750472344458103
1CHO_EFG_I,2,1,1,-7.497834131121635,-6.384284973144531,7.497834131121635,6.384284973144531,3.7489170655608177
1CHO_EFG_I,2,1,1,-7.497834131121635,-7.996349334716797,7.497834131121635,7.996349334716797,3.7489170655608177
1LFD_A_B,1,1,2,-3.748614102602005,-1.5667614936828609,3.748614102602005,1.5667614936828609,3.748614102602005
2WPT_A_B,1,3,2,-3.7477524280548096,-0.5681838989257815,3.7477524280548096,0.5681838989257815,3.7477524280548096
1CHO_EFG_I,2,1,1,-7.494646906852722,-2.6585865020751953,7.494646906852722,2.6585865020751953,3.747323453426361
1PPF_E_I,2,1,1,-7.494374692440033,2.124940872192383,7.494374692440033,2.124940872192383,3.7471873462200165
1PPF_E_I,2,1,1,-7.493527054786682,-8.349668502807617,7.493527054786682,8.349668502807617,3.746763527393341
1CHO_EFG_I,3,3,1,11.240146964788437,9.57021713256836,11.240146964788437,9.57021713256836,3.746715654929479
1CHO_EFG_I,3,3,1,11.240146964788437,7.733036041259766,11.240146964788437,7.733036041259766,3.746715654929479
1R0R_E_I,2,1,1,7.492920756340027,6.872524261474609,7.492920756340027,6.872524261474609,3.7464603781700134
1R0R_E_I,2,1,1,7.492920756340027,10.135034561157227,7.492920756340027,10.135034561157227,3.7464603781700134
1CHO_EFG_I,2,1,1,-7.491650998592377,-3.303565979003906,7.491650998592377,3.303565979003906,3.7458254992961884
1CHO_EFG_I,2,1,1,7.491650998592377,4.490482330322265,7.491650998592377,4.490482330322265,3.7458254992961884
1CHO_EFG_I,2,1,1,7.490387439727783,6.373565673828125,7.490387439727783,6.373565673828125,3.7451937198638916
1CHO_EFG_I,2,1,1,7.49038702249527,3.6485252380371094,7.49038702249527,3.6485252380371094,3.745193511247635
1PPF_E_I,2,1,1,-7.4895946979522705,-1.0633468627929688,7.4895946979522705,1.0633468627929688,3.7447973489761353
3SGB_E_I,2,1,1,-7.486552432179451,-6.3583526611328125,7.486552432179451,6.3583526611328125,3.7432762160897255
3SGB_E_I,2,1,1,7.486018419265747,6.701045989990234,7.486018419265747,6.701045989990234,3.7430092096328735
1CHO_EFG_I,2,1,1,7.483906388282776,4.540943145751953,7.483906388282776,4.540943145751953,3.741953194141388
3SGB_E_I,2,1,1,-7.4831342697143555,-8.875778198242188,7.4831342697143555,8.875778198242188,3.7415671348571777
2NZ9_DC_A,2,1,1,7.481957998126745,6.4761810302734375,7.481957998126745,6.4761810302734375,3.7409789990633726
2FTL_E_I,1,1,1,3.740473747253418,0.8072280883789062,3.740473747253418,0.8072280883789062,3.740473747253418
1R0R_E_I,2,1,1,-7.480661183595657,-9.700437545776367,7.480661183595657,9.700437545776367,3.7403305917978287
1R0R_E_I,2,1,1,-7.480661183595657,-6.8663482666015625,7.480661183595657,6.8663482666015625,3.7403305917978287
1CHO_EFG_I,2,1,1,-7.4795777797698975,-3.3602256774902344,7.4795777797698975,3.3602256774902344,3.7397888898849487
1R0R_E_I,2,2,2,7.479314088821411,4.087010383605957,7.479314088821411,4.087010383605957,3.7396570444107056
1CHO_EFG_I,2,1,1,-7.476261794567108,-5.104602813720703,7.476261794567108,5.104602813720703,3.738130897283554
1CHO_EFG_I,3,3,1,11.213111162185669,2.1097106933593746,11.213111162185669,2.1097106933593746,3.737703720728556
1CHO_EFG_I,2,1,1,-7.474289894104004,-6.805072784423828,7.474289894104004,6.805072784423828,3.737144947052002
1CHO_EFG_I,2,1,1,-7.472323417663574,-6.443965911865234,7.472323417663574,6.443965911865234,3.736161708831787
2JEL_LH_P,2,1,1,7.471730649471283,-0.21620941162109375,7.471730649471283,0.21620941162109375,3.7358653247356415
1R0R_E_I,2,1,1,-7.471434593200684,0.5198535919189453,7.471434593200684,0.5198535919189453,3.735717296600342
1R0R_E_I,2,1,1,-7.471256732940674,-3.2007808685302734,7.471256732940674,3.2007808685302734,3.735628366470337
4CPA_A_I,1,1,1,-3.734722137451172,-1.391611099243164,3.734722137451172,1.391611099243164,3.734722137451172
1CHO_EFG_I,3,3,1,11.202277719974518,7.047512054443359,11.202277719974518,7.047512054443359,3.734092573324839
1CHO_EFG_I,2,1,1,7.467767715454102,7.3870697021484375,7.467767715454102,7.3870697021484375,3.733883857727051
1PPF_E_I,2,1,1,7.4647714495658875,6.220251083374023,7.4647714495658875,6.220251083374023,3.7323857247829437
1CHO_EFG_I,1,1,1,-3.731526732444763,-1.18658447265625,3.731526732444763,1.18658447265625,3.731526732444763
1PPF_E_I,1,1,1,3.7305352687835693,1.1647300720214844,3.7305352687835693,1.1647300720214844,3.7305352687835693
3SGB_E_I,2,1,1,-7.459424018859863,-5.6334381103515625,7.459424018859863,5.6334381103515625,3.7297120094299316
1R0R_E_I,3,1,3,-11.18781328201294,-9.275390625,11.18781328201294,9.275390625,3.729271094004313
1PPF_E_I,2,1,1,7.45839524269104,2.86167049407959,7.45839524269104,2.86167049407959,3.72919762134552
3SGB_E_I,2,1,1,7.456979870796204,8.457073211669922,7.456979870796204,8.457073211669922,3.728489935398102
1R0R_E_I,2,1,1,-7.456519231200218,-3.8259925842285156,7.456519231200218,3.8259925842285156,3.728259615600109
1R0R_E_I,2,1,1,7.456519231200218,6.4583740234375,7.456519231200218,6.4583740234375,3.728259615600109
1R0R_E_I,2,1,1,7.455624267458916,6.706975936889648,7.455624267458916,6.706975936889648,3.727812133729458
1CHO_EFG_I,1,1,1,-3.727452754974365,-1.4926300048828125,3.727452754974365,1.4926300048828125,3.727452754974365
1CHO_EFG_I,1,1,1,3.727452754974365,-0.0409965515136719,3.727452754974365,0.0409965515136719,3.727452754974365
1PPF_E_I,2,1,1,-7.453666687011719,-2.6010818481445312,7.453666687011719,2.6010818481445312,3.7268333435058594
1PPF_E_I,2,1,1,-7.452493369579315,-1.2687511444091797,7.452493369579315,1.2687511444091797,3.7262466847896576
1PPF_E_I,2,1,1,-7.450793765485287,1.5013675689697268,7.450793765485287,1.5013675689697268,3.7253968827426434
1PPF_E_I,2,1,1,7.450273036956787,2.481197357177734,7.450273036956787,2.481197357177734,3.7251365184783936
1PPF_E_I,2,1,1,7.450273036956787,2.3301944732666016,7.450273036956787,2.3301944732666016,3.7251365184783936
1CHO_EFG_I,2,1,1,-7.449544548988342,-3.7254409790039062,7.449544548988342,3.7254409790039062,3.724772274494171
1R0R_E_I,2,1,1,7.448956072330475,7.56593132019043,7.448956072330475,7.56593132019043,3.7244780361652374
1PPF_E_I,2,1,1,-7.448719650506973,-2.378671646118164,7.448719650506973,2.378671646118164,3.7243598252534866
1PPF_E_I,2,1,1,7.448719650506973,3.413515090942383,7.448719650506973,3.413515090942383,3.7243598252534866
1PPF_E_I,2,1,1,-7.447583317756653,-6.114767074584961,7.447583317756653,6.114767074584961,3.7237916588783264
1PPF_E_I,2,1,1,7.447071611881256,-2.0337276458740234,7.447071611881256,2.0337276458740234,3.723535805940628
1PPF_E_I,2,1,1,7.447071611881256,-1.0675430297851562,7.447071611881256,1.0675430297851562,3.723535805940628
2FTL_E_I,1,1,1,3.723339080810545,-1.7305412292480469,3.723339080810545,1.7305412292480469,3.723339080810545
1PPF_E_I,1,4,4,3.7221984267234802,-1.0946063995361328,3.7221984267234802,1.0946063995361328,3.7221984267234802
3SGB_E_I,2,1,1,-7.443967819213867,-5.658794403076172,7.443967819213867,5.658794403076172,3.7219839096069336
3SGB_E_I,2,1,1,-7.442587614059448,-7.897235870361328,7.442587614059448,7.897235870361328,3.721293807029724
3SGB_E_I,2,1,1,7.440956711769104,6.989101409912109,7.440956711769104,6.989101409912109,3.720478355884552
1R0R_E_I,1,1,1,-3.719500064849854,-1.0372371673583984,3.719500064849854,1.0372371673583984,3.719500064849854
1PPF_E_I,2,1,1,-7.438577830791473,1.057121276855469,7.438577830791473,1.057121276855469,3.7192889153957367
1PPF_E_I,2,1,1,-7.438452303409576,-2.1529674530029297,7.438452303409576,2.1529674530029297,3.719226151704788
1R0R_E_I,1,1,1,-3.7190264463424683,-0.46834754943847656,3.7190264463424683,0.46834754943847656,3.7190264463424683
1PPF_E_I,2,1,1,-7.437866926193237,-2.573078155517578,7.437866926193237,2.573078155517578,3.7189334630966187
1PPF_E_I,2,1,1,-7.437866926193237,-1.8839244842529297,7.437866926193237,1.8839244842529297,3.7189334630966187
1A4Y_A_B,1,1,2,-3.7177741527557373,-0.36830711364746094,3.7177741527557373,0.36830711364746094,3.7177741527557373
3HFM_HL_Y,1,1,1,3.7172374725341797,1.5761890411376953,3.7172374725341797,1.5761890411376953,3.7172374725341797
1PPF_E_I,2,1,1,-7.433861255645752,-2.4289989471435547,7.433861255645752,2.4289989471435547,3.716930627822876
2NYY_DC_A,2,1,1,7.4324856363236895,6.18724250793457,7.4324856363236895,6.18724250793457,3.7162428181618448
1PPF_E_I,1,1,1,3.715913772583008,3.1417903900146484,3.715913772583008,3.1417903900146484,3.715913772583008
1R0R_E_I,2,1,1,-7.428992748260498,-7.072383880615234,7.428992748260498,7.072383880615234,3.714496374130249
1R0R_E_I,2,1,1,-7.428992748260498,-5.817592620849609,7.428992748260498,5.817592620849609,3.714496374130249
1R0R_E_I,2,2,1,-7.428992748260498,-7.597148895263672,7.428992748260498,7.597148895263672,3.714496374130249
1CHO_EFG_I,2,1,1,-7.426986828446388,-6.251789093017578,7.426986828446388,6.251789093017578,3.713493414223194
3SGB_E_I,2,1,1,-7.426608324050903,-6.5130462646484375,7.426608324050903,6.5130462646484375,3.7133041620254517
1R0R_E_I,2,1,1,-7.423657651990652,-6.748409271240234,7.423657651990652,6.748409271240234,3.711828825995326
1R0R_E_I,2,1,1,-7.423657651990652,-6.780609130859375,7.423657651990652,6.780609130859375,3.711828825995326
1R0R_E_I,2,1,1,7.42243754863739,4.5354461669921875,7.42243754863739,4.5354461669921875,3.711218774318695
1CHO_EFG_I,3,3,1,11.128548383712769,7.455266952514648,11.128548383712769,7.455266952514648,3.7095161279042563
1PPF_E_I,2,1,1,-7.417435646057129,-2.570627212524414,7.417435646057129,2.570627212524414,3.7087178230285645
1PPF_E_I,2,1,2,-7.41731982678175,-2.2103233337402335,7.41731982678175,2.2103233337402335,3.708659913390875
1R0R_E_I,2,1,1,7.415963530540467,3.0651187896728516,7.415963530540467,3.0651187896728516,3.7079817652702336
1PPF_E_I,2,1,1,-7.413163706660271,-6.323369979858398,7.413163706660271,6.323369979858398,3.7065818533301353
1PPF_E_I,2,1,1,7.4130436182022095,5.010351181030273,7.4130436182022095,5.010351181030273,3.7065218091011047
1R0R_E_I,1,1,1,-3.705530285835266,-0.5955715179443359,3.705530285835266,0.5955715179443359,3.705530285835266
1CBW_FGH_I,1,1,1,3.7052711248397827,1.2872428894042969,3.7052711248397827,1.2872428894042969,3.7052711248397827
2FTL_E_I,2,1,1,7.410204887390137,11.065547943115234,7.410204887390137,11.065547943115234,3.7051024436950684
2FTL_E_I,2,1,1,7.410204887390137,12.111434936523438,7.410204887390137,12.111434936523438,3.7051024436950684
2FTL_E_I,2,1,1,7.410204887390137,11.073776245117188,7.410204887390137,11.073776245117188,3.7051024436950684
2FTL_E_I,2,1,1,7.410204887390137,11.103477478027344,7.410204887390137,11.103477478027344,3.7051024436950684
2FTL_E_I,2,1,1,7.410204887390137,10.978775024414062,7.410204887390137,10.978775024414062,3.7051024436950684
2FTL_E_I,2,1,1,7.410204887390137,11.832050323486328,7.410204887390137,11.832050323486328,3.7051024436950684
2FTL_E_I,2,1,1,7.410204887390137,10.956443786621094,7.410204887390137,10.956443786621094,3.7051024436950684
2FTL_E_I,2,1,1,7.410204887390137,9.57147216796875,7.410204887390137,9.57147216796875,3.7051024436950684
2FTL_E_I,2,1,1,7.410204887390137,12.110328674316406,7.410204887390137,12.110328674316406,3.7051024436950684
2FTL_E_I,2,1,1,7.410204887390137,8.800865173339844,7.410204887390137,8.800865173339844,3.7051024436950684
2FTL_E_I,2,1,1,-7.410204887390137,-11.547615051269531,7.410204887390137,11.547615051269531,3.7051024436950684
3SGB_E_I,1,1,1,-3.7049512565135956,-4.063070297241211,3.7049512565135956,4.063070297241211,3.7049512565135956
4CVW_A_C,2,2,1,7.409902215003967,-0.0999603271484375,7.409902215003967,0.0999603271484375,3.7049511075019836
1CHO_EFG_I,2,1,1,-7.409902021288872,-6.992908477783203,7.409902021288872,6.992908477783203,3.704951010644436
1CHO_EFG_I,2,1,1,-7.409902021288872,-5.3808441162109375,7.409902021288872,5.3808441162109375,3.704951010644436
2FTL_E_I,2,1,1,-7.409494400024416,-7.9835968017578125,7.409494400024416,7.9835968017578125,3.704747200012208
1PPF_E_I,1,1,1,-3.7038600742816925,-2.9869251251220703,3.7038600742816925,2.9869251251220703,3.7038600742816925
1PPF_E_I,1,1,1,-3.7038600742816925,-2.78350830078125,3.7038600742816925,2.78350830078125,3.7038600742816925
1R0R_E_I,2,1,2,7.406849376857281,5.252708435058594,7.406849376857281,5.252708435058594,3.7034246884286404
3SGB_E_I,2,1,1,7.406849354505539,7.292819976806641,7.406849354505539,7.292819976806641,3.7034246772527695
1R0R_E_I,2,1,1,7.405713081359863,2.4348087310791016,7.405713081359863,2.4348087310791016,3.7028565406799316
1R0R_E_I,2,1,1,-7.405713081359863,-4.666879653930664,7.405713081359863,4.666879653930664,3.7028565406799316
1PPF_E_I,2,1,1,7.405435636639595,6.147470474243164,7.405435636639595,6.147470474243164,3.7027178183197975
1PPF_E_I,2,1,1,7.405435636639595,4.91145133972168,7.405435636639595,4.91145133972168,3.7027178183197975
1PPF_E_I,2,1,1,7.405435636639595,4.419887542724609,7.405435636639595,4.419887542724609,3.7027178183197975
2NZ9_DC_A,2,1,1,7.403399974107742,6.439525604248047,7.403399974107742,6.439525604248047,3.701699987053871
1R0R_E_I,2,1,1,7.402261048555374,7.746070861816406,7.402261048555374,7.746070861816406,3.701130524277687
1R0R_E_I,2,1,1,-7.402261048555374,-7.969890594482422,7.402261048555374,7.969890594482422,3.701130524277687
1CHO_EFG_I,2,1,1,-7.401949912309647,-6.3247528076171875,7.401949912309647,6.3247528076171875,3.7009749561548233
1CHO_EFG_I,2,1,1,-7.401949912309647,-7.574375152587891,7.401949912309647,7.574375152587891,3.7009749561548233
3SGB_E_I,2,1,1,-7.401593923568726,-4.291507720947266,7.401593923568726,4.291507720947266,3.700796961784363
2NYY_DC_A,2,1,1,7.401327135041355,6.332859039306641,7.401327135041355,6.332859039306641,3.7006635675206776
1PPF_E_I,2,1,1,-7.400765597820282,-2.0893287658691406,7.400765597820282,2.0893287658691406,3.700382798910141
1PPF_E_I,2,1,1,7.400765597820282,2.778482437133789,7.400765597820282,2.778482437133789,3.700382798910141
1PPF_E_I,2,1,2,-7.400746665894985,-5.148420333862305,7.400746665894985,5.148420333862305,3.7003733329474926
1R0R_E_I,3,3,1,11.100432753562927,5.957643508911133,11.100432753562927,5.957643508911133,3.7001442511876426
1MAH_A_F,2,1,1,-7.400071918964386,1.1665725708007812,7.400071918964386,1.1665725708007812,3.700035959482193
1MAH_A_F,2,1,1,-7.400071918964386,-0.6337165832519531,7.400071918964386,0.6337165832519531,3.700035959482193
1R0R_E_I,1,1,1,-3.6991981267929077,-3.2188854217529297,3.6991981267929077,3.2188854217529297,3.6991981267929077
1PPF_E_I,2,1,1,7.395403206348419,-1.9207534790039062,7.395403206348419,1.9207534790039062,3.6977016031742096
1CHO_EFG_I,1,1,1,-3.6974195241928096,-1.8578453063964844,3.6974195241928096,1.8578453063964844,3.6974195241928096
1CHO_EFG_I,1,1,1,-3.6974195241928096,-0.32421875,3.6974195241928096,0.32421875,3.6974195241928096
1CHO_EFG_I,2,1,1,-7.393747091293335,-3.4142303466796875,7.393747091293335,3.4142303466796875,3.6968735456466675
1PPF_E_I,2,1,1,7.392856568098068,4.853578567504883,7.392856568098068,4.853578567504883,3.696428284049034
1PPF_E_I,1,1,1,3.696249082684517,2.042388916015625,3.696249082684517,2.042388916015625,3.696249082684517
1R0R_E_I,2,1,1,-7.388750910758972,-3.139669418334961,7.388750910758972,3.139669418334961,3.694375455379486
1CHO_EFG_I,2,1,1,-7.38635778427124,-5.801631927490234,7.38635778427124,5.801631927490234,3.69317889213562
1CHO_EFG_I,2,1,1,-7.383530139923096,-3.1269989013671875,7.383530139923096,3.1269989013671875,3.691765069961548
3S9D_A_B,1,2,1,3.6916547417640686,1.1796398162841797,3.6916547417640686,1.1796398162841797,3.6916547417640686
1PPF_E_I,2,1,1,-7.382133483886719,-3.938730239868164,7.382133483886719,3.938730239868164,3.6910667419433594
1PPF_E_I,2,1,1,-7.382133483886719,-3.2495765686035156,7.382133483886719,3.2495765686035156,3.6910667419433594
2NYY_DC_A,2,1,1,7.381740161217748,5.776742935180664,7.381740161217748,5.776742935180664,3.690870080608874
1PPF_E_I,2,1,1,-7.379276216030121,-7.273599624633789,7.379276216030121,7.273599624633789,3.6896381080150604
1PPF_E_I,2,1,1,-7.378276467323303,1.0374603271484377,7.378276467323303,1.0374603271484377,3.6891382336616516
1PPF_E_I,2,1,1,7.378105953335762,5.7149505615234375,7.378105953335762,5.7149505615234375,3.689052976667881
1R0R_E_I,2,1,1,7.377932190895081,4.079145431518555,7.377932190895081,4.079145431518555,3.6889660954475403
2FTL_E_I,1,1,1,-3.6881074905395526,-2.451801300048828,3.6881074905395526,2.451801300048828,3.6881074905395526
4G0N_A_B,1,2,1,3.687751889228821,1.4674186706542969,3.687751889228821,1.4674186706542969,3.687751889228821
1R0R_E_I,2,1,2,-7.374956667423248,-2.8331098556518555,7.374956667423248,2.8331098556518555,3.687478333711624
2NZ9_DC_A,2,1,1,-7.373204804956913,-5.865924835205078,7.373204804956913,5.865924835205078,3.6866024024784565
1R0R_E_I,2,1,1,-7.373118191957474,-7.39515495300293,7.373118191957474,7.39515495300293,3.686559095978737
1R0R_E_I,2,1,1,7.373118191957474,7.733676910400391,7.373118191957474,7.733676910400391,3.686559095978737
1R0R_E_I,2,1,1,7.372640609741211,3.2590465545654297,7.372640609741211,3.2590465545654297,3.6863203048706055
3SGB_E_I,2,1,1,7.3726405799388885,5.728580474853516,7.3726405799388885,5.728580474853516,3.6863202899694443
3SGB_E_I,2,1,1,-7.3726405799388885,-6.711956024169922,7.3726405799388885,6.711956024169922,3.6863202899694443
2NYY_DC_A,2,1,1,7.37218427658081,6.610960006713867,7.37218427658081,6.610960006713867,3.686092138290405
1PPF_E_I,2,1,1,-7.372177839279175,-7.412113189697266,7.372177839279175,7.412113189697266,3.6860889196395874
1PPF_E_I,2,1,1,-7.372177839279175,-8.332876205444336,7.372177839279175,8.332876205444336,3.6860889196395874
1R0R_E_I,2,1,1,-7.372174501419067,-3.6062402725219727,7.372174501419067,3.6062402725219727,3.6860872507095337
1R0R_E_I,2,1,1,7.371458172798158,2.6088180541992188,7.371458172798158,2.6088180541992188,3.685729086399079
1R0R_E_I,3,3,1,11.055927395820618,5.5013427734375,11.055927395820618,5.5013427734375,3.685309131940206
1CHO_EFG_I,2,1,1,-7.370510697364807,-3.181987762451172,7.370510697364807,3.181987762451172,3.6852553486824036
1CHO_EFG_I,2,1,1,-7.370510697364807,-3.067230224609375,7.370510697364807,3.067230224609375,3.6852553486824036
1PPF_E_I,2,1,1,-7.369608700275421,-4.688983917236328,7.369608700275421,4.688983917236328,3.6848043501377106
1R0R_E_I,2,3,1,7.3670958280563354,3.5012054443359375,7.3670958280563354,3.5012054443359375,3.6835479140281677
3SGB_E_I,1,1,1,3.6829233169555664,3.9581260681152344,3.6829233169555664,3.9581260681152344,3.6829233169555664
3HFM_HL_Y,2,1,1,-7.365343600511551,-3.337797164916992,7.365343600511551,3.337797164916992,3.6826718002557755
1R0R_E_I,1,1,1,-3.682626724243165,-0.2223072052001953,3.682626724243165,0.2223072052001953,3.682626724243165
1PPF_E_I,1,1,1,3.6825082898139954,0.217336654663086,3.6825082898139954,0.217336654663086,3.6825082898139954
1CHO_EFG_I,2,1,1,-7.363713979721069,-5.67584228515625,7.363713979721069,5.67584228515625,3.6818569898605347
1PPF_E_I,2,1,1,7.363713711500168,6.329534530639648,7.363713711500168,6.329534530639648,3.681856855750084
1PPF_E_I,2,1,1,-7.363713711500168,-6.022974014282227,7.363713711500168,6.022974014282227,3.681856855750084
2FTL_E_I,2,1,1,-7.36366558074951,-4.950435638427734,7.36366558074951,4.950435638427734,3.681832790374755
2NYY_DC_A,2,1,1,7.362780079245566,6.32794189453125,7.362780079245566,6.32794189453125,3.681390039622783
1R0R_E_I,2,1,1,7.362542986869812,4.384004592895508,7.362542986869812,4.384004592895508,3.681271493434906
1PPF_E_I,1,1,1,3.6804362535476685,2.464031219482422,3.6804362535476685,2.464031219482422,3.6804362535476685
1R0R_E_I,3,3,1,11.04053819179535,5.806201934814453,11.04053819179535,5.806201934814453,3.6801793972651162
1BP3_A_B,1,2,1,3.679808735847473,-0.4796829223632812,3.679808735847473,0.4796829223632812,3.679808735847473
1R0R_E_I,2,1,1,7.356068968772889,2.913677215576172,7.356068968772889,2.913677215576172,3.6780344843864445
1PPF_E_I,2,1,1,-7.355893217027187,-5.828909873962402,7.355893217027187,5.828909873962402,3.6779466085135937
3SGB_E_I,2,1,1,7.355852246284485,7.373538970947266,7.355852246284485,7.373538970947266,3.6779261231422424
3SGB_E_I,2,1,1,7.35340341925621,6.525447845458984,7.35340341925621,6.525447845458984,3.676701709628105
3SGB_E_I,2,1,1,-7.35340341925621,-6.650127410888672,7.35340341925621,6.650127410888672,3.676701709628105
1CHO_EFG_I,2,1,1,7.351592183113098,-0.11832237243652344,7.351592183113098,0.11832237243652344,3.675796091556549
1R0R_E_I,2,1,1,-7.349866032600403,-7.269132614135742,7.349866032600403,7.269132614135742,3.6749330163002014
1PPF_E_I,2,1,1,7.349662810564041,5.605953216552734,7.349662810564041,5.605953216552734,3.6748314052820206
3SGB_E_I,2,1,1,-7.34898042678833,-7.4117889404296875,7.34898042678833,7.4117889404296875,3.674490213394165
1BRS_A_D,2,1,1,7.348968967795372,3.501708984375,7.348968967795372,3.501708984375,3.674484483897686
1CBW_FGH_I,1,1,1,3.6735339562098184,2.079241434733073,3.6735339562098184,2.079241434733073,3.6735339562098184
1PPF_E_I,2,1,1,-7.346414625644684,-7.265199661254883,7.346414625644684,7.265199661254883,3.673207312822342
1PPF_E_I,2,1,1,-7.346414625644684,-6.865562438964844,7.346414625644684,6.865562438964844,3.673207312822342
1PPF_E_I,2,1,1,-7.346414625644684,-8.39311408996582,7.346414625644684,8.39311408996582,3.673207312822342
1CHO_EFG_I,2,1,1,-7.345414876937866,-2.9321327209472656,7.345414876937866,2.9321327209472656,3.672707438468933
1PPF_E_I,2,1,1,7.3442463874816895,3.339362144470215,7.3442463874816895,3.339362144470215,3.6721231937408447
3SGB_E_I,1,1,1,-3.672063946723938,-3.8953819274902344,3.672063946723938,3.8953819274902344,3.672063946723938
1PPF_E_I,2,1,1,-7.343856856226921,0.8288574218750002,7.343856856226921,0.8288574218750002,3.6719284281134605
3SGB_E_I,2,1,1,-7.343806147575378,-6.221565246582031,7.343806147575378,6.221565246582031,3.671903073787689
1R0R_E_I,2,1,1,-7.343084961175919,-6.792572021484375,7.343084961175919,6.792572021484375,3.6715424805879593
1R0R_E_I,2,1,1,7.343084961175919,7.43138313293457,7.343084961175919,7.43138313293457,3.6715424805879593
1R0R_E_I,2,1,1,7.343084961175919,6.116426467895508,7.343084961175919,6.116426467895508,3.6715424805879593
3SGB_E_I,2,1,1,-7.3414599895477295,-6.813701629638672,7.3414599895477295,6.813701629638672,3.6707299947738647
1PPF_E_I,1,1,1,3.6698877811431885,-0.2078094482421875,3.6698877811431885,0.2078094482421875,3.6698877811431885
1R0R_E_I,1,1,1,-3.6697125509381294,-0.7310199737548828,3.6697125509381294,0.7310199737548828,3.6697125509381294
1CHO_EFG_I,2,1,1,-7.339054718613625,-5.248348236083984,7.339054718613625,5.248348236083984,3.6695273593068123
3SGB_E_I,2,1,1,7.338676571846008,7.042091369628906,7.338676571846008,7.042091369628906,3.669338285923004
1PPF_E_I,2,1,1,7.3384093046188354,3.8419580459594727,7.3384093046188354,3.8419580459594727,3.6692046523094177
1PPF_E_I,2,1,1,-7.336128786206245,2.2407760620117188,7.336128786206245,2.2407760620117188,3.6680643931031227
1PPF_E_I,2,1,1,7.336128786206245,-2.732339859008789,7.336128786206245,2.732339859008789,3.6680643931031227
1PPF_E_I,2,1,1,-7.336128786206245,1.0047569274902346,7.336128786206245,1.0047569274902346,3.6680643931031227
1R0R_E_I,2,1,1,7.334771364927292,5.736522674560547,7.334771364927292,5.736522674560547,3.667385682463646
3SGB_E_I,2,1,1,-7.3347713351249695,-6.271820068359375,7.3347713351249695,6.271820068359375,3.6673856675624847
3SGB_E_I,1,1,1,3.6671062707901,1.9741287231445312,3.6671062707901,1.9741287231445312,3.6671062707901
1PPF_E_I,2,2,2,7.332379102706909,2.6395111083984375,7.332379102706909,2.6395111083984375,3.6661895513534546
1CHO_EFG_I,2,1,1,7.331918835639954,3.2015342712402344,7.331918835639954,3.2015342712402344,3.665959417819977
1CHO_EFG_I,2,1,1,-7.331918835639954,-2.7403488159179688,7.331918835639954,2.7403488159179688,3.665959417819977
1PPF_E_I,2,1,1,7.331918716430664,2.208375930786133,7.331918716430664,2.208375930786133,3.665959358215332
1PPF_E_I,2,1,1,7.331918716430664,2.359378814697265,7.331918716430664,2.359378814697265,3.665959358215332
1CHO_EFG_I,1,1,1,3.6655123233795166,0.5881423950195312,3.6655123233795166,0.5881423950195312,3.6655123233795166
1PPF_E_I,1,1,1,3.665512323379516,-0.19565200805664062,3.665512323379516,0.19565200805664062,3.665512323379516
2FTL_E_I,2,1,1,-7.330383300781252,-10.355998992919922,7.330383300781252,10.355998992919922,3.665191650390626
1R0R_E_I,2,2,1,7.3299983739852905,3.996786117553711,7.3299983739852905,3.996786117553711,3.6649991869926453
1PPF_E_I,2,1,1,-7.329832017421722,-1.4810199737548828,7.329832017421722,1.4810199737548828,3.664916008710861
1CHO_EFG_I,2,1,1,7.329060316085815,3.6828842163085933,7.329060316085815,3.6828842163085933,3.6645301580429077
1PPF_E_I,2,1,1,7.327611833810806,5.114484786987305,7.327611833810806,5.114484786987305,3.663805916905403
1PPF_E_I,2,1,1,7.327611833810806,6.149328231811523,7.327611833810806,6.149328231811523,3.663805916905403
1PPF_E_I,2,1,1,7.323549717664719,-2.2986488342285156,7.323549717664719,2.2986488342285156,3.6617748588323593
3HFM_HL_Y,2,1,1,-7.32283878326416,-2.953828811645508,7.32283878326416,2.953828811645508,3.66141939163208
3HFM_HL_Y,2,1,1,-7.32283878326416,-2.4227352142333984,7.32283878326416,2.4227352142333984,3.66141939163208
1PPF_E_I,2,1,1,-7.32218724489212,-2.5749034881591797,7.32218724489212,2.5749034881591797,3.66109362244606
1CHO_EFG_I,1,1,1,-3.660708904266358,-1.474618911743164,3.660708904266358,1.474618911743164,3.660708904266358
1CHO_EFG_I,1,1,1,-3.660708904266358,-2.2428226470947266,3.660708904266358,2.2428226470947266,3.660708904266358
1BRS_A_D,2,1,1,7.321169599890709,1.2504463195800781,7.321169599890709,1.2504463195800781,3.6605847999453545
1R0R_E_I,2,1,1,-7.319443881511688,-2.7690792083740234,7.319443881511688,2.7690792083740234,3.659721940755844
1CHO_EFG_I,2,1,1,-7.319443827494979,-6.307689666748047,7.319443827494979,6.307689666748047,3.6597219137474895
1JRH_LH_I,2,1,1,7.318576455116272,0.8498649597167969,7.318576455116272,0.8498649597167969,3.659288227558136
1R0R_E_I,2,1,2,-7.317901656031609,0.03314685821533203,7.317901656031609,0.03314685821533203,3.6589508280158043
3SGB_E_I,2,1,1,7.315936326980591,7.050571441650391,7.315936326980591,7.050571441650391,3.6579681634902954
1CHO_EFG_I,2,1,1,-7.314017802476883,-5.321311950683594,7.314017802476883,5.321311950683594,3.6570089012384415
1CHO_EFG_I,2,1,1,-7.314017802476883,-6.570934295654297,7.314017802476883,6.570934295654297,3.6570089012384415
1R0R_E_I,2,1,1,7.3119343519210815,3.107481002807617,7.3119343519210815,3.107481002807617,3.6559671759605408
1CHO_EFG_I,1,1,1,-3.6553975343704224,-0.7829208374023438,3.6553975343704224,0.7829208374023438,3.6553975343704224
1PPF_E_I,2,2,1,7.310003770515323,4.025466918945312,7.310003770515323,4.025466918945312,3.6550018852576613
1PPF_E_I,2,1,1,7.309495389461517,-0.7017402648925781,7.309495389461517,0.7017402648925781,3.6547476947307587
3SGB_E_I,2,1,1,7.309438586235046,9.644454956054688,7.309438586235046,9.644454956054688,3.654719293117523
1PPF_E_I,2,1,1,7.308799102902412,-1.4372768402099612,7.308799102902412,1.4372768402099612,3.654399551451206
1PPF_E_I,2,1,1,-7.30867063999176,-2.907562255859375,7.30867063999176,2.907562255859375,3.65433531999588
1CHO_EFG_I,1,1,1,-3.6542454063892365,-3.8063488006591797,3.6542454063892365,3.8063488006591797,3.6542454063892365
2NYY_DC_A,2,1,1,7.307093665003776,5.676242828369141,7.307093665003776,5.676242828369141,3.653546832501888
1CHO_EFG_I,2,1,1,-7.305823922157288,-3.335884094238281,7.305823922157288,3.335884094238281,3.652911961078644
1CHO_EFG_I,2,1,1,-7.305823922157288,-3.4506416320800777,7.305823922157288,3.4506416320800777,3.652911961078644
2NYY_DC_A,2,1,1,7.300283797085284,6.360567092895508,7.300283797085284,6.360567092895508,3.650141898542642
1R0R_E_I,2,1,1,-7.295733459293842,-5.348918914794922,7.295733459293842,5.348918914794922,3.647866729646921
3SGB_E_I,2,1,1,-7.295733422040939,-6.953815460205078,7.295733422040939,6.953815460205078,3.6478667110204697
1PPF_E_I,2,1,1,-7.295687675476074,-2.1779212951660156,7.295687675476074,2.1779212951660156,3.647843837738037
1PPF_E_I,2,1,1,7.295687675476074,2.328924179077148,7.295687675476074,2.328924179077148,3.647843837738037
1PPF_E_I,2,1,1,-7.294406861066818,1.129253387451172,7.294406861066818,1.129253387451172,3.647203430533409
1PPF_E_I,2,1,1,-7.294406861066818,0.8226928710937502,7.294406861066818,0.8226928710937502,3.647203430533409
1R0R_E_I,2,1,1,7.293340086936951,7.459672927856445,7.293340086936951,7.459672927856445,3.6466700434684753
1CHO_EFG_I,2,1,1,7.292223691940308,5.833230972290039,7.292223691940308,5.833230972290039,3.646111845970154
1JTG_A_B,1,2,1,3.6457754969596863,-0.2282142639160156,3.6457754969596863,0.2282142639160156,3.6457754969596863
1PPF_E_I,1,1,1,3.6457027196884155,1.4136924743652344,3.6457027196884155,1.4136924743652344,3.6457027196884155
1R0R_E_I,2,2,1,7.291237682104111,4.644864082336426,7.291237682104111,4.644864082336426,3.6456188410520554
1CHO_EFG_I,2,1,1,-7.289410591125488,-2.534435272216797,7.289410591125488,2.534435272216797,3.644705295562744
1CHO_EFG_I,2,1,1,-7.289410591125488,-6.4184722900390625,7.289410591125488,6.4184722900390625,3.644705295562744
1PPF_E_I,2,3,5,-7.28738671541214,-2.166933059692383,7.28738671541214,2.166933059692383,3.64369335770607
1PPF_E_I,2,1,1,-7.286586366593838,1.3233175277709963,7.286586366593838,1.3233175277709963,3.643293183296919
1R0R_E_I,2,1,2,-7.285493016242981,-3.540485382080078,7.285493016242981,3.540485382080078,3.6427465081214905
3S9D_A_B,1,1,2,-3.642491261164347,-0.6134230295817057,3.642491261164347,0.6134230295817057,3.642491261164347
1PPF_E_I,2,1,1,7.284010618925095,6.450551986694336,7.284010618925095,6.450551986694336,3.6420053094625473
1PPF_E_I,2,1,1,7.284010618925095,4.452127456665039,7.284010618925095,4.452127456665039,3.6420053094625473
1PPF_E_I,2,1,1,-7.282528936862946,-1.5722332000732422,7.282528936862946,1.5722332000732422,3.641264468431473
1PPF_E_I,2,1,1,7.282528936862946,2.5384178161621094,7.282528936862946,2.5384178161621094,3.641264468431473
1R0R_E_I,2,1,1,-7.2809117436409,-0.2210369110107422,7.2809117436409,0.2210369110107422,3.64045587182045
1CHO_EFG_I,2,1,1,-7.280728101730347,-3.2007865905761714,7.280728101730347,3.2007865905761714,3.6403640508651733
1PPF_E_I,2,1,1,-7.2803559601306915,1.5462741851806643,7.2803559601306915,1.5462741851806643,3.6401779800653458
1PPF_E_I,1,1,1,-3.640117645263672,-0.03902626037597656,3.640117645263672,0.03902626037597656,3.640117645263672
1PPF_E_I,2,1,1,-7.278104245662689,-2.3015975952148438,7.278104245662689,2.3015975952148438,3.6390521228313446
1PPF_E_I,2,1,1,-7.278104245662689,-2.990751266479492,7.278104245662689,2.990751266479492,3.6390521228313446
1PPF_E_I,2,1,1,-7.2771075963974,-7.473062515258789,7.2771075963974,7.473062515258789,3.6385537981987
1PPF_E_I,2,1,1,-7.2771075963974,-6.744527816772461,7.2771075963974,6.744527816772461,3.6385537981987
1R0R_E_I,2,1,1,7.277070552110672,7.778299331665039,7.277070552110672,7.778299331665039,3.638535276055336
1PPF_E_I,2,1,1,7.27663379907608,-0.7101402282714844,7.27663379907608,0.7101402282714844,3.63831689953804
