Unnamed: 0,Name,Mutation,ddG,ddG_pred,#Pdb,num_mutation_sites,split,accession_code
0,3QIB_ABP_CD,['QA57A'],0.2648344039916992,0.4379768371582031,3QIB_ABP_CD,1,split_0,3QIB_ABP_CD_QA57A_1905
1,3NCC_A_B,['AB188H'],-1.056810736656189,-1.7935409545898438,3NCC_A_B,1,split_0,3NCC_A_B_AB188H_786
2,1PPF_E_I,['LI18K'],5.736492156982422,3.230876922607422,1PPF_E_I,1,split_0,1PPF_E_I_LI18K_620
3,2JEL_LH_P,['SP64T'],4.092513084411621,-0.5735435485839844,2JEL_LH_P,1,split_0,2JEL_LH_P_SP64T_227
4,1R0R_E_I,['YI15M'],3.1389987468719482,1.2652931213378906,1R0R_E_I,1,split_0,1R0R_E_I_YI15M_793
5,1A22_A_B,['NB31A'],-0.44104522466659546,0.4368305206298828,1A22_A_B,1,split_0,1A22_A_B_NB31A_444
6,1PPF_E_I,"['AI15D', 'LI18A', 'YI20D']",8.737914085388184,7.422119140625,1PPF_E_I,3,split_0,"1PPF_E_I_AI15D,LI18A,YI20D_1214"
7,4OFY_A_D,['LD42A'],2.567861795425415,0.71038818359375,4OFY_A_D,1,split_0,4OFY_A_D_LD42A_1984
8,3S9D_A_B,['KA102A'],0.27845457196235657,0.40729522705078125,3S9D_A_B,1,split_0,3S9D_A_B_KA102A_1601
9,2A9K_A_B,['EB65A'],3.0309817790985107,0.3810577392578125,2A9K_A_B,1,split_0,2A9K_A_B_EB65A_132
10,3S9D_A_B,['LA23A'],3.93766713142395,0.4520130157470703,3S9D_A_B,1,split_0,3S9D_A_B_LA23A_1702
11,1R0R_E_I,['AI10G'],1.111736536026001,1.6559295654296875,1R0R_E_I,1,split_0,1R0R_E_I_AI10G_670
12,1LFD_A_B,['RA7A'],1.1360437870025635,2.2992782592773438,1LFD_A_B,1,split_0,1LFD_A_B_RA7A_171
13,4BFI_A_B,['KB99E'],2.317685842514038,0.4427680969238281,4BFI_A_B,1,split_0,4BFI_A_B_KB99E_1598
14,3S9D_A_B,['SA18A'],-0.08478038012981415,0.1949748992919922,3S9D_A_B,1,split_0,3S9D_A_B_SA18A_1623
15,1R0R_E_I,['RI16F'],0.44681063294410706,1.1552238464355469,1R0R_E_I,1,split_0,1R0R_E_I_RI16F_838
16,3S9D_A_B,"['MB35V', 'LA19A']",4.316718578338623,0.7999858856201172,3S9D_A_B,2,split_0,"3S9D_A_B_MB35V,LA19A_1870"
17,1PPF_E_I,"['EI10D', 'YI11H', 'AI15V', 'TI17S', 'RI21M', 'NI28S', 'GI32S', 'NI36D']",0.2953702211380005,3.592731475830078,1PPF_E_I,8,split_0,"1PPF_E_I_EI10D,YI11H,AI15V,TI17S,RI21M,NI28S,GI32S,NI36D_1183"
18,1R0R_E_I,['AI10W'],0.20706579089164734,-2.0607242584228516,1R0R_E_I,1,split_0,1R0R_E_I_AI10W_688
19,4I77_HL_Z,['WH52F'],2.821359395980835,0.8926925659179688,4I77_HL_Z,1,split_0,4I77_HL_Z_WH52F_1397
20,3SE3_B_A,"['YB43H', 'NB44E', 'SB47Q', 'KB56A']",2.634376287460327,0.31768035888671875,3SE3_B_A,4,split_0,"3SE3_B_A_YB43H,NB44E,SB47Q,KB56A_1657"
21,1IAR_A_B,['RA53Q'],0.8357636332511902,0.042667388916015625,1IAR_A_B,1,split_0,1IAR_A_B_RA53Q_49
22,2BNR_ABC_DE,['CC9V'],-0.5019832849502563,-0.7025871276855469,2BNR_ABC_DE,1,split_0,2BNR_ABC_DE_CC9V_1146
23,3S9D_A_B,['TB64A'],0.25581035017967224,0.3984642028808594,3S9D_A_B,1,split_0,3S9D_A_B_TB64A_1764
24,1R0R_E_I,['AI10M'],-1.7396219968795776,-0.4210796356201172,1R0R_E_I,1,split_0,1R0R_E_I_AI10M_678
25,3SE3_B_A,['YA148A'],0.4106564223766327,1.0043182373046875,3SE3_B_A,1,split_0,3SE3_B_A_YA148A_1794
26,3HFM_HL_Y,['YH58A'],1.649124264717102,2.0631332397460938,3HFM_HL_Y,1,split_0,3HFM_HL_Y_YH58A_929
27,1R0R_E_I,['GI27K'],2.935408115386963,2.107423782348633,1R0R_E_I,1,split_0,1R0R_E_I_GI27K_947
28,1R0R_E_I,['GI27R'],3.4711196422576904,2.499164581298828,1R0R_E_I,1,split_0,1R0R_E_I_GI27R_952
29,3S9D_A_B,['TA65A'],0.17043781280517578,0.4315204620361328,3S9D_A_B,1,split_0,3S9D_A_B_TA65A_1677
30,2BNR_ABC_DE,['RA65A'],1.8063724040985107,1.12823486328125,2BNR_ABC_DE,1,split_0,2BNR_ABC_DE_RA65A_1126
31,4OZG_ABJ_GH,['QH48A'],0.8051583766937256,0.42677879333496094,4OZG_ABJ_GH,1,split_0,4OZG_ABJ_GH_QH48A_1992
32,1B2U_A_D,['AA27K'],-5.046028137207031,-4.975580215454102,1B2U_A_D,1,split_0,1B2U_A_D_AA27K_14
33,4BFI_A_B,['SB17D'],0.030783649533987045,-0.3600292205810547,4BFI_A_B,1,split_0,4BFI_A_B_SB17D_1600
34,1PPF_E_I,['NI36Q'],0.3829234838485718,-0.03090667724609375,1PPF_E_I,1,split_0,1PPF_E_I_NI36Q_963
35,1PPF_E_I,"['LI18M', 'YI20Q']",5.8396077156066895,2.6502342224121094,1PPF_E_I,2,split_0,"1PPF_E_I_LI18M,YI20Q_1218"
36,1LFD_A_B,['NA16A'],0.6701434850692749,-0.03441810607910156,1LFD_A_B,1,split_0,1LFD_A_B_NA16A_2126
37,3S9D_A_B,['VB69A'],2.317685842514038,0.2756233215332031,3S9D_A_B,1,split_0,3S9D_A_B_VB69A_1768
38,1PPF_E_I,['RI21F'],-0.98124760389328,1.1660823822021484,1PPF_E_I,1,split_0,1PPF_E_I_RI21F_815
39,2NYY_DC_A,['KA875A'],0.2930837571620941,0.6035385131835938,2NYY_DC_A,1,split_0,2NYY_DC_A_KA875A_1486
40,1LFD_A_B,['HA40A'],1.0004743337631226,0.6949882507324219,1LFD_A_B,1,split_0,1LFD_A_B_HA40A_2116
41,1PPF_E_I,['RI21T'],-0.01834363117814064,1.086761474609375,1PPF_E_I,1,split_0,1PPF_E_I_RI21T_804
42,3S9D_A_B,"['MB35V', 'LA8A']",4.42743444442749,0.3968372344970703,3S9D_A_B,2,split_0,"3S9D_A_B_MB35V,LA8A_1869"
43,1A22_A_B,['SB83A'],0.274082213640213,0.019084930419921875,1A22_A_B,1,split_0,1A22_A_B_SB83A_367
44,1PPF_E_I,"['LI18I', 'GI32D']",2.5231902599334717,6.291326522827148,1PPF_E_I,2,split_0,"1PPF_E_I_LI18I,GI32D_1213"
45,1A22_A_B,['LA73A'],-0.2063549906015396,0.3041858673095703,1A22_A_B,1,split_0,1A22_A_B_LA73A_527
46,3S9D_A_B,['MA119A'],2.289372205734253,0.7029762268066406,3S9D_A_B,1,split_0,3S9D_A_B_MA119A_1644
47,1R0R_E_I,"['DI2N', 'EI5D', 'AI10V', 'TI12S', 'EI14L', 'RI16M', 'VI37A', 'EI38D']",-0.9173604846000671,2.2398757934570312,1R0R_E_I,8,split_0,"1R0R_E_I_DI2N,EI5D,AI10V,TI12S,EI14L,RI16M,VI37A,EI38D_1173"
48,1PPF_E_I,"['LI18M', 'SI51N']",1.25759756565094,0.374359130859375,1PPF_E_I,2,split_0,"1PPF_E_I_LI18M,SI51N_1216"
49,3SE4_B_C,['HC68A'],-0.6102371215820312,0.6750679016113281,3SE4_B_C,1,split_0,3SE4_B_C_HC68A_1780
50,4I77_HL_Z,['YH100A'],0.0,2.0186500549316406,4I77_HL_Z,1,split_0,4I77_HL_Z_YH100A_1379
51,3S9D_A_B,['DA28A'],0.25324004888534546,0.5866127014160156,3S9D_A_B,1,split_0,3S9D_A_B_DA28A_1634
52,1PPF_E_I,['LI18H'],6.471245765686035,2.434833526611328,1PPF_E_I,1,split_0,1PPF_E_I_LI18H_623
53,2G2U_A_B,['RB160A'],0.6697938442230225,1.9132003784179688,2G2U_A_B,1,split_0,2G2U_A_B_RB160A_389
54,1A22_A_B,['NA63A'],0.3143717646598816,0.1962738037109375,1A22_A_B,1,split_0,1A22_A_B_NA63A_334
55,2VLQ_A_B,['AB86F'],-3.880681037902832,-1.1107521057128906,2VLQ_A_B,1,split_0,2VLQ_A_B_AB86F_122
56,1R0R_E_I,"['EI5D', 'LI13V', 'RI16M', 'EI38D']",2.3825201988220215,4.695772171020508,1R0R_E_I,4,split_0,"1R0R_E_I_EI5D,LI13V,RI16M,EI38D_1132"
57,1R0R_E_I,['EI14D'],0.25873422622680664,0.5673294067382812,1R0R_E_I,1,split_0,1R0R_E_I_EI14D_757
58,3S9D_A_B,"['IB90A', 'SA123A']",3.256808280944824,0.7245292663574219,3S9D_A_B,2,split_0,"3S9D_A_B_IB90A,SA123A_1845"
59,2C5D_AB_CD,"['FA209A', 'FB209A']",1.0615314245224,1.2417984008789062,2C5D_AB_CD,2,split_0,"2C5D_AB_CD_FA209A,FB209A_2176"
60,1A4Y_A_B,"['RB5A', 'YA434A', 'DA435A']",10.1070556640625,7.325704574584961,1A4Y_A_B,3,split_0,"1A4Y_A_B_RB5A,YA434A,DA435A_657"
61,3HFM_HL_Y,['KY97D'],6.771455764770508,1.8547439575195312,3HFM_HL_Y,1,split_0,3HFM_HL_Y_KY97D_961
62,1TM1_E_I,['MI40A'],1.0276678800582886,1.471282958984375,1TM1_E_I,1,split_0,1TM1_E_I_MI40A_26
63,3HFM_HL_Y,['DY101R'],2.1230628490448,0.09441947937011719,3HFM_HL_Y,1,split_0,3HFM_HL_Y_DY101R_935
64,1R0R_E_I,['EI14K'],2.7119977474212646,2.082834243774414,1R0R_E_I,1,split_0,1R0R_E_I_EI14K_758
65,3S9D_A_B,['IB34A'],1.774827480316162,0.4029083251953125,3S9D_A_B,1,split_0,3S9D_A_B_IB34A_1754
66,1R0R_E_I,['AI10C'],-0.4834676682949066,-0.38518524169921875,1R0R_E_I,1,split_0,1R0R_E_I_AI10C_672
67,1R0R_E_I,"['EI5D', 'TI12S', 'EI14D', 'RI16M', 'NI23S', 'GI27S', 'EI38D', 'GI49E']",1.29815673828125,4.731014251708984,1R0R_E_I,8,split_0,"1R0R_E_I_EI5D,TI12S,EI14D,RI16M,NI23S,GI27S,EI38D,GI49E_1170"
68,1R0R_E_I,['LI13C'],-1.3463069200515747,1.9183349609375,1R0R_E_I,1,split_0,1R0R_E_I_LI13C_635
69,1R0R_E_I,['NI31I'],0.31460878252983093,0.24455833435058594,1R0R_E_I,1,split_0,1R0R_E_I_NI31I_982
70,3S9D_A_B,"['HB65A', 'LA19A']",3.056492567062378,1.3759288787841797,3S9D_A_B,2,split_0,"3S9D_A_B_HB65A,LA19A_1888"
71,1LFD_A_B,['EA44K'],-0.10145895183086395,0.014369964599609375,1LFD_A_B,1,split_0,1LFD_A_B_EA44K_160
72,3W2D_A_HL,['KA67N'],4.624007701873779,0.26386260986328125,3W2D_A_HL,1,split_0,3W2D_A_HL_KA67N_1590
73,1R0R_E_I,"['AI10T', 'LI13M']",0.25873422622680664,0.04256439208984375,1R0R_E_I,2,split_0,"1R0R_E_I_AI10T,LI13M_1156"
74,3SE3_B_A,"['YB43A', 'NB44E', 'SB47Q']",1.8576297760009766,0.6279354095458984,3SE3_B_A,3,split_0,"3SE3_B_A_YB43A,NB44E,SB47Q_1649"
75,2G2U_A_B,['SB35A'],-0.9508990049362183,0.00868988037109375,2G2U_A_B,1,split_0,2G2U_A_B_SB35A_370
76,2NYY_DC_A,['FA925A'],4.087754726409912,2.9016571044921875,2NYY_DC_A,1,split_0,2NYY_DC_A_FA925A_1493
77,3HFM_HL_Y,"['YH50A', 'RY21A']",7.944808006286621,5.147495269775391,3HFM_HL_Y,2,split_0,"3HFM_HL_Y_YH50A,RY21A_912"
78,3SE4_B_C,['MC38V'],1.165419578552246,-0.05098915100097656,3SE4_B_C,1,split_0,3SE4_B_C_MC38V_1778
79,1MHP_HL_A,['SL90T'],2.317685842514038,0.26287269592285156,1MHP_HL_A,1,split_0,1MHP_HL_A_SL90T_1470
80,3NCB_A_B,['AA167H'],-1.669722080230713,-1.2140350341796875,3NCB_A_B,1,split_0,3NCB_A_B_AA167H_768
81,1R0R_E_I,['YI15T'],5.474548816680908,3.196239471435547,1R0R_E_I,1,split_0,1R0R_E_I_YI15T_789
82,1LFD_A_B,['NA79K'],-0.4014550745487213,0.21877288818359375,1LFD_A_B,1,split_0,1LFD_A_B_NA79K_162
83,3SF4_A_D,['NA264R'],1.2257654666900635,0.030687332153320312,3SF4_A_D,1,split_0,3SF4_A_D_NA264R_1259
84,3S9D_A_B,['IA17A'],-0.13220183551311493,0.4499397277832031,3S9D_A_B,1,split_0,3S9D_A_B_IA17A_1622
85,1JTD_A_B,['NB12A'],1.3017500638961792,1.698272705078125,1JTD_A_B,1,split_0,1JTD_A_B_NB12A_2259
86,1R0R_E_I,['EI14Q'],1.2821743488311768,0.7643966674804688,1R0R_E_I,1,split_0,1R0R_E_I_EI14Q_759
87,1PPF_E_I,['AI15L'],0.01779268868267536,-0.11252593994140625,1PPF_E_I,1,split_0,1PPF_E_I_AI15L_653
88,4UYP_A_D,"['ID51S', 'ID16N']",1.9741711616516113,1.3732490539550781,4UYP_A_D,2,split_0,"4UYP_A_D_ID51S,ID16N_1405"
89,1R0R_E_I,['PI9C'],-0.9866675138473511,-0.35634803771972656,1R0R_E_I,1,split_0,1R0R_E_I_PI9C_863
90,1KTZ_A_B,['LB3A'],1.8249237537384033,0.6996688842773438,1KTZ_A_B,1,split_0,1KTZ_A_B_LB3A_245
91,3HFM_HL_Y,['RY21G'],2.5760552883148193,0.7492141723632812,3HFM_HL_Y,1,split_0,3HFM_HL_Y_RY21G_950
92,1EMV_A_B,"['QA15E', 'LA16F', 'TA18K', 'TA19K', 'NA22R', 'DA24E', 'TA25G', 'SA26A', 'SA27T', 'SA63E', 'NA67K', 'TA68E', 'VA69I', 'QA71E']",2.8566248416900635,-0.8048725128173828,1EMV_A_B,14,split_0,"1EMV_A_B_QA15E,LA16F,TA18K,TA19K,NA22R,DA24E,TA25G,SA26A,SA27T,SA63E,NA67K,TA68E,VA69I,QA71E_135"
93,4YEB_A_B,['FB131A'],2.4174656867980957,1.5242900848388672,4YEB_A_B,1,split_0,4YEB_A_B_FB131A_1677
94,4HRN_A_D,['SD43A'],0.8030821084976196,0.07764625549316406,4HRN_A_D,1,split_0,4HRN_A_D_SD43A_1563
95,1MHP_HL_A,['GH54T'],1.164687991142273,0.054912567138671875,1MHP_HL_A,1,split_0,1MHP_HL_A_GH54T_1479
96,1C1Y_A_B,['KB11E'],0.8910936117172241,0.5485057830810547,1C1Y_A_B,1,split_0,1C1Y_A_B_KB11E_1795
97,3HFM_HL_Y,['RY21K'],1.619389295578003,0.09594535827636719,3HFM_HL_Y,1,split_0,3HFM_HL_Y_RY21K_945
98,1A22_A_B,['EB130A'],-0.07911093533039093,0.07842826843261719,1A22_A_B,1,split_0,1A22_A_B_EB130A_423
99,3N85_A_LH,['SH50G'],0.48788952827453613,-0.07352256774902344,3N85_A_LH,1,split_0,3N85_A_LH_SH50G_1271
100,1R0R_E_I,['PI9I'],1.7416746616363525,-0.031238555908203125,1R0R_E_I,1,split_0,1R0R_E_I_PI9I_867
101,1R0R_E_I,['KI8Q'],-0.5308891534805298,-0.1070404052734375,1R0R_E_I,1,split_0,1R0R_E_I_KI8Q_910
102,1PPF_E_I,['EI19Q'],0.660430908203125,0.6790561676025391,1PPF_E_I,1,split_0,1PPF_E_I_EI19Q_736
103,1A22_A_B,['TB149A'],0.20430143177509308,0.36609649658203125,1A22_A_B,1,split_0,1A22_A_B_TB149A_386
104,4JPK_HL_A,['SA41G'],2.152658462524414,0.016666412353515625,4JPK_HL_A,1,split_0,4JPK_HL_A_SA41G_1889
105,3S9D_A_B,['SA21A'],0.0,0.12059211730957031,3S9D_A_B,1,split_0,3S9D_A_B_SA21A_1590
106,1EMV_A_B,['TB87A'],0.15850576758384705,0.3240699768066406,1EMV_A_B,1,split_0,1EMV_A_B_TB87A_155
107,1R0R_E_I,"['EI5D', 'AI10V', 'YI15E', 'RI16M', 'EI38D']",2.864560604095459,3.3270187377929688,1R0R_E_I,5,split_0,"1R0R_E_I_EI5D,AI10V,YI15E,RI16M,EI38D_1171"
108,4JFE_ABC_DE,['AC7I'],-6.429625511169434,-3.9878711700439453,4JFE_ABC_DE,1,split_0,4JFE_ABC_DE_AC7I_1071
109,1IAR_A_B,['WA91A'],0.7295286655426025,0.51220703125,1IAR_A_B,1,split_0,1IAR_A_B_WA91A_65
110,1R0R_E_I,['EI14G'],2.7119977474212646,2.4283218383789062,1R0R_E_I,1,split_0,1R0R_E_I_EI14G_746
111,3SE4_B_C,"['KB134A', 'EC69A']",1.9022706747055054,1.3366374969482422,3SE4_B_C,2,split_0,"3SE4_B_C_KB134A,EC69A_1813"
112,1A22_A_B,"['SB57A', 'SB61A']",-0.5695899724960327,0.4871959686279297,1A22_A_B,2,split_0,"1A22_A_B_SB57A,SB61A_392"
113,1A4Y_A_B,"['KB40G', 'YA434F']",6.665417194366455,0.6885757446289062,1A4Y_A_B,2,split_0,"1A4Y_A_B_KB40G,YA434F_660"
114,3SE4_B_A,['TA166A'],-0.5428582429885864,0.5593967437744141,3SE4_B_A,1,split_0,3SE4_B_A_TA166A_1992
115,3S9D_A_B,['LA124A'],1.3641711473464966,0.5440235137939453,3S9D_A_B,1,split_0,3S9D_A_B_LA124A_1723
116,1R0R_E_I,['GI27V'],1.933820366859436,1.6039085388183594,1R0R_E_I,1,split_0,1R0R_E_I_GI27V_939
117,1A22_A_B,['IA168A'],0.5897433161735535,0.29923248291015625,1A22_A_B,1,split_0,1A22_A_B_IA168A_536
118,3SE3_B_A,"['YB43H', 'NB44E', 'SB47Q', 'QB76A']",2.409689426422119,-0.4154472351074219,3SE3_B_A,4,split_0,"3SE3_B_A_YB43H,NB44E,SB47Q,QB76A_1738"
119,3NCB_A_B,['AA167H'],-1.7124065160751343,-1.2140274047851562,3NCB_A_B,1,split_0,3NCB_A_B_AA167H_778
120,2JEL_LH_P,['EP70A'],2.728342294692993,0.8352012634277344,2JEL_LH_P,1,split_0,2JEL_LH_P_EP70A_232
121,1LFD_A_B,['KA35A'],0.30178165435791016,0.9569377899169922,1LFD_A_B,1,split_0,1LFD_A_B_KA35A_2113
122,2BTF_A_P,['FP59A'],1.5957406759262085,0.9010829925537109,2BTF_A_P,1,split_0,2BTF_A_P_FP59A_127
123,2NYY_DC_A,['HC34R'],0.10161182284355164,0.5304107666015625,2NYY_DC_A,1,split_0,2NYY_DC_A_HC34R_1512
124,4NZW_A_B,['EB49A'],0.3254689872264862,0.3133125305175781,4NZW_A_B,1,split_0,4NZW_A_B_EB49A_1972
125,1R0R_E_I,"['RI16M', 'KI24Q', 'GI27S', 'EI38D']",1.111736536026001,2.0642547607421875,1R0R_E_I,4,split_0,"1R0R_E_I_RI16M,KI24Q,GI27S,EI38D_1125"
126,1EAW_A_B,['IA26A'],-0.8225061297416687,-0.06658363342285156,1EAW_A_B,1,split_0,1EAW_A_B_IA26A_239
127,1EFN_A_B,"['TA13H', 'EA14H']",0.9839035272598267,-0.579833984375,1EFN_A_B,2,split_0,"1EFN_A_B_TA13H,EA14H_69"
128,1A22_A_B,['QB89A'],-0.030388813465833664,0.08356666564941406,1A22_A_B,1,split_0,1A22_A_B_QB89A_461
129,1A22_A_B,"['SB57A', 'SB61A', 'EB79A', 'KB80A', 'QB121A', 'KB122A', 'VB126A']",-1.4000883102416992,2.745084762573242,1A22_A_B,7,split_0,"1A22_A_B_SB57A,SB61A,EB79A,KB80A,QB121A,KB122A,VB126A_398"
130,1PPF_E_I,['TI17A'],2.894247055053711,2.648193359375,1PPF_E_I,1,split_0,1PPF_E_I_TI17A_1240
131,1A4Y_A_B,['WA261A'],0.10065702348947525,1.0377044677734375,1A4Y_A_B,1,split_0,1A4Y_A_B_WA261A_633
132,1MHP_HL_A,['FH99W'],0.0,-1.1078605651855469,1MHP_HL_A,1,split_0,1MHP_HL_A_FH99W_1495
133,1PPF_E_I,['LI18F'],5.169495582580566,-0.8655624389648438,1PPF_E_I,1,split_0,1PPF_E_I_LI18F_624
134,1MHP_HL_A,"['TH33I', 'SH52T', 'GH53Q', 'GH54F']",1.2558754682540894,0.6008453369140625,1MHP_HL_A,4,split_0,"1MHP_HL_A_TH33I,SH52T,GH53Q,GH54F_1513"
135,3UIG_A_P,['DA67A'],2.039231300354004,0.8497657775878906,3UIG_A_P,1,split_0,3UIG_A_P_DA67A_1352
136,3S9D_A_B,['WB87A'],1.546341061592102,1.275247573852539,3S9D_A_B,1,split_0,3S9D_A_B_WB87A_1857
137,3HFM_HL_Y,['YH53A'],3.1981747150421143,0.6941814422607422,3HFM_HL_Y,1,split_0,3HFM_HL_Y_YH53A_921
138,1MHP_HL_A,"['KH64E', 'SL27Q', 'NL51Y']",-1.0857164859771729,-0.9507961273193359,1MHP_HL_A,3,split_0,"1MHP_HL_A_KH64E,SL27Q,NL51Y_1518"
139,4OFY_A_D,['RD96A'],3.4212069511413574,0.0319976806640625,4OFY_A_D,1,split_0,4OFY_A_D_RD96A_1986
140,3S9D_A_B,"['HB65A', 'LA124A']",2.939418077468872,1.3408355712890625,3S9D_A_B,2,split_0,"3S9D_A_B_HB65A,LA124A_1891"
141,1A22_A_B,"['NB31A', 'TB32A', 'QB33A', 'EB34A']",-0.13657419383525848,0.5036792755126953,1A22_A_B,4,split_0,"1A22_A_B_NB31A,TB32A,QB33A,EB34A_390"
142,1EMV_A_B,['EA40A'],0.658144474029541,1.4088134765625,1EMV_A_B,1,split_0,1EMV_A_B_EA40A_180
143,3SE3_B_A,"['YB43H', 'NB44E', 'SB47Q', 'EB82A']",2.700028419494629,-0.03244781494140625,3SE3_B_A,4,split_0,"3SE3_B_A_YB43H,NB44E,SB47Q,EB82A_1668"
144,1R0R_E_I,['KI8N'],-0.3908401131629944,-0.031749725341796875,1R0R_E_I,1,split_0,1R0R_E_I_KI8N_908
145,3S9D_A_B,['LA8A'],1.3641711473464966,0.40290069580078125,3S9D_A_B,1,split_0,3S9D_A_B_LA8A_1693
146,1PPF_E_I,['KI13H'],1.014561414718628,-0.055004119873046875,1PPF_E_I,1,split_0,1PPF_E_I_KI13H_889
147,1R0R_E_I,"['EI5D', 'AI10V', 'TI12S', 'RI16M', 'NI23S', 'GI27N', 'NI31D', 'SI46G']",0.48534274101257324,3.1524124145507812,1R0R_E_I,8,split_0,"1R0R_E_I_EI5D,AI10V,TI12S,RI16M,NI23S,GI27N,NI31D,SI46G_1120"
148,3HFM_HL_Y,"['DH32N', 'KY97A']",4.893741130828857,1.7546520233154297,3HFM_HL_Y,2,split_0,"3HFM_HL_Y_DH32N,KY97A_904"
149,1R0R_E_I,"['EI5D', 'AI10V', 'TI12S', 'RI16M', 'NI23S', 'GI27S', 'VI37A', 'EI38D']",-0.050451911985874176,2.7917022705078125,1R0R_E_I,8,split_0,"1R0R_E_I_EI5D,AI10V,TI12S,RI16M,NI23S,GI27S,VI37A,EI38D_1123"
150,1R0R_E_I,"['LI13M', 'NI31D', 'SI46N']",-0.3073604106903076,0.2563323974609375,1R0R_E_I,3,split_0,"1R0R_E_I_LI13M,NI31D,SI46N_1153"
151,1LFD_A_B,"['RA7A', 'EB37A']",2.0166759490966797,2.4630069732666016,1LFD_A_B,2,split_0,"1LFD_A_B_RA7A,EB37A_2160"
152,1R0R_E_I,"['AI10R', 'TI12K', 'LI13R']",9.287432670593262,5.385129928588867,1R0R_E_I,3,split_0,"1R0R_E_I_AI10R,TI12K,LI13R_1198"
153,1A22_A_B,"['EB79A', 'KB80A']",-0.34476056694984436,0.6814193725585938,1A22_A_B,2,split_0,"1A22_A_B_EB79A,KB80A_393"
154,1R0R_E_I,['YI15P'],6.6544342041015625,7.468435287475586,1R0R_E_I,1,split_0,1R0R_E_I_YI15P_790
155,1PPF_E_I,['RI21I'],-0.8112831711769104,0.8626003265380859,1PPF_E_I,1,split_0,1PPF_E_I_RI21I_807
156,1EMV_A_B,['DA49A'],5.918128490447998,3.7792091369628906,1EMV_A_B,1,split_0,1EMV_A_B_DA49A_188
157,1A22_A_B,['EA163A'],-0.8954659700393677,1.9952316284179688,1A22_A_B,1,split_0,1A22_A_B_EA163A_532
158,5UFE_A_B,['GA12D'],-1.2214624881744385,-0.9963722229003906,5UFE_A_B,1,split_0,5UFE_A_B_GA12D_2397
159,3S9D_A_B,['LA23V'],2.6412787437438965,0.11644172668457031,3S9D_A_B,1,split_0,3S9D_A_B_LA23V_1627
160,1TM1_E_I,['MI40Y'],0.05646670609712601,0.9380931854248047,1TM1_E_I,1,split_0,1TM1_E_I_MI40Y_28
161,3SE3_B_A,['FA223A'],1.4973200559616089,0.034519195556640625,3SE3_B_A,1,split_0,3SE3_B_A_FA223A_1797
162,3SE4_B_C,['EC69A'],1.3641711473464966,0.47547149658203125,3SE4_B_C,1,split_0,3SE4_B_C_EC69A_1781
163,1PPF_E_I,['YI20S'],3.6438136100769043,2.5772361755371094,1PPF_E_I,1,split_0,1PPF_E_I_YI20S_763
164,1KNE_A_P,"['DA40I', 'TP2K']",0.5897433161735535,-0.824798583984375,1KNE_A_P,2,split_0,"1KNE_A_P_DA40I,TP2K_2084"
165,1KNE_A_P,['TP2F'],0.0962846651673317,-0.27744293212890625,1KNE_A_P,1,split_0,1KNE_A_P_TP2F_2056
166,2JEL_LH_P,['QP71E'],2.728342294692993,-0.13189697265625,2JEL_LH_P,1,split_0,2JEL_LH_P_QP71E_233
167,1MHP_HL_A,['GH100F'],0.5740829110145569,-0.6313037872314453,1MHP_HL_A,1,split_0,1MHP_HL_A_GH100F_1441
168,1EAW_A_B,['FA89A'],0.7285935878753662,1.6233253479003906,1EAW_A_B,1,split_0,1EAW_A_B_FA89A_248
169,3S9D_A_B,['AA116G'],2.077467203140259,-0.12423324584960938,3S9D_A_B,1,split_0,3S9D_A_B_AA116G_1642
170,1A4Y_A_B,['YA437F'],0.2452607899904251,1.201669692993164,1A4Y_A_B,1,split_0,1A4Y_A_B_YA437F_652
171,1PPF_E_I,['KI13W'],0.8311648964881897,0.47083473205566406,1PPF_E_I,1,split_0,1PPF_E_I_KI13W_893
172,1A22_A_B,['YB54A'],0.19934363663196564,0.7765693664550781,1A22_A_B,1,split_0,1A22_A_B_YB54A_440
173,1PPF_E_I,"['EI10D', 'AI15V', 'TI17S', 'RI21M', 'NI28S', 'GI32N', 'NI36D', 'SI51G']",1.014561414718628,2.0297203063964844,1PPF_E_I,8,split_0,"1PPF_E_I_EI10D,AI15V,TI17S,RI21M,NI28S,GI32N,NI36D,SI51G_1185"
174,1R0R_E_I,['AI10Q'],1.8109817504882812,0.01238250732421875,1R0R_E_I,1,split_0,1R0R_E_I_AI10Q_682
175,1EMV_A_B,['DA58A'],0.5113134384155273,1.0811004638671875,1EMV_A_B,1,split_0,1EMV_A_B_DA58A_194
176,3M62_A_B,['IB43A'],2.8837804794311523,0.7467002868652344,3M62_A_B,1,split_0,3M62_A_B_IB43A_1299
177,3S9D_A_B,"['EB66A', 'AA116G']",5.041269302368164,0.1010284423828125,3S9D_A_B,2,split_0,"3S9D_A_B_EB66A,AA116G_1881"
178,1PPF_E_I,['TI17S'],1.504980206489563,1.7792625427246094,1PPF_E_I,1,split_0,1PPF_E_I_TI17S_687
179,1A22_A_B,['RA156A'],-0.15893353521823883,2.2950057983398438,1A22_A_B,1,split_0,1A22_A_B_RA156A_528
180,3SE3_B_A,"['YB43A', 'NB44E', 'SB47Q']",1.9775469303131104,0.6279220581054688,3SE3_B_A,3,split_0,"3SE3_B_A_YB43A,NB44E,SB47Q_1747"
181,1R0R_E_I,['EI14W'],1.8495138883590698,1.6428375244140625,1R0R_E_I,1,split_0,1R0R_E_I_EI14W_764
182,3NCC_A_B,['AB188H'],-2.2499032020568848,-1.7935504913330078,3NCC_A_B,1,split_0,3NCC_A_B_AB188H_793
183,1PPF_E_I,['KI13N'],0.660430908203125,-0.05168342590332031,1PPF_E_I,1,split_0,1PPF_E_I_KI13N_885
184,3HFM_HL_Y,['DY101N'],1.3409347534179688,0.5480270385742188,3HFM_HL_Y,1,split_0,3HFM_HL_Y_DY101N_932
185,1EMV_A_B,"['QA15E', 'LA16F', 'TA18K', 'TA19K', 'NA22R', 'DA24E', 'TA25G', 'SA26A', 'SA27T', 'SA46D', 'KA55R', 'EA56D', 'GA57D', 'DA58R', 'DA59E', 'SA63E', 'NA67K', 'TA68E', 'VA69I', 'QA71E']",1.704028606414795,-1.4516677856445312,1EMV_A_B,20,split_0,"1EMV_A_B_QA15E,LA16F,TA18K,TA19K,NA22R,DA24E,TA25G,SA26A,SA27T,SA46D,KA55R,EA56D,GA57D,DA58R,DA59E,SA63E,NA67K,TA68E,VA69I,QA71E_137"
186,4BFI_A_B,['FB95D'],2.728342294692993,0.4974250793457031,4BFI_A_B,1,split_0,4BFI_A_B_FB95D_1596
187,1LFD_A_B,['VB29A'],0.4777107834815979,0.7919864654541016,1LFD_A_B,1,split_0,1LFD_A_B_VB29A_2136
188,3SE4_B_A,['RA226A'],0.30293580889701843,0.06671714782714844,3SE4_B_A,1,split_0,3SE4_B_A_RA226A_1994
189,1MHP_HL_A,"['TH33E', 'GH53Q']",1.6682031154632568,0.1294097900390625,1MHP_HL_A,2,split_0,"1MHP_HL_A_TH33E,GH53Q_1511"
190,1E50_A_B,['YA55A'],0.9449900388717651,1.8839092254638672,1E50_A_B,1,split_0,1E50_A_B_YA55A_2008
191,4CPA_A_I,['VI37G'],3.734722137451172,0.7373638153076172,4CPA_A_I,1,split_0,4CPA_A_I_VI37G_282
192,3VR6_ABCDEF_GH,"['VD385A', 'VE385A', 'VF388A', 'RG134A', 'RG135A']",1.1313122510910034,2.7062911987304688,3VR6_ABCDEF_GH,5,split_0,"3VR6_ABCDEF_GH_VD385A,VE385A,VF388A,RG134A,RG135A_2037"
193,3SE3_B_A,"['YB43H', 'NB44E', 'SB47Q', 'KB69A']",2.4257025718688965,-0.09027862548828125,3SE3_B_A,4,split_0,"3SE3_B_A_YB43H,NB44E,SB47Q,KB69A_1735"
194,5UFE_A_B,['QB25R'],0.29242265224456787,0.4377460479736328,5UFE_A_B,1,split_0,5UFE_A_B_QB25R_2401
195,1R0R_E_I,['NI31T'],0.5696492195129395,-0.3488121032714844,1R0R_E_I,1,split_0,1R0R_E_I_NI31T_979
196,1FSS_A_B,['KB32R'],1.0825053453445435,0.3162384033203125,1FSS_A_B,1,split_0,1FSS_A_B_KB32R_1310
197,1JTD_A_B,['DB14A'],1.5081050395965576,1.5435028076171875,1JTD_A_B,1,split_0,1JTD_A_B_DB14A_2260
198,1A22_A_B,['EB50A'],0.17779755592346191,0.6896495819091797,1A22_A_B,1,split_0,1A22_A_B_EB50A_417
199,1TM1_E_I,['EI41A'],3.054218292236328,2.9952316284179688,1TM1_E_I,1,split_0,1TM1_E_I_EI41A_18
200,3S9D_A_B,"['IB90A', 'LA124A']",3.3467459678649902,1.0904254913330078,3S9D_A_B,2,split_0,"3S9D_A_B_IB90A,LA124A_1846"
201,4PWX_AB_CD,['RC23A'],1.729231834411621,0.93951416015625,4PWX_AB_CD,1,split_0,4PWX_AB_CD_RC23A_2054
202,1IAR_A_B,['FA82D'],-0.5806068181991577,0.5306644439697266,1IAR_A_B,1,split_0,1IAR_A_B_FA82D_57
203,1PPF_E_I,['AI15Q'],0.2497744858264923,0.02154541015625,1PPF_E_I,1,split_0,1PPF_E_I_AI15Q_659
204,3W2D_A_HL,['KA67R'],-0.42831185460090637,0.063934326171875,3W2D_A_HL,1,split_0,3W2D_A_HL_KA67R_1589
205,1R0R_E_I,['AI10K'],3.072984218597412,1.826934814453125,1R0R_E_I,1,split_0,1R0R_E_I_AI10K_681
206,3HFM_HL_Y,['DY101A'],1.2087328433990479,1.197713851928711,3HFM_HL_Y,1,split_0,3HFM_HL_Y_DY101A_931
207,2C5D_AB_CD,"['AA126V', 'AB126V']",0.7588918209075928,-0.5054950714111328,2C5D_AB_CD,2,split_0,"2C5D_AB_CD_AA126V,AB126V_2164"
208,2G2U_A_B,['WB112A'],0.9587345719337463,2.3775386810302734,2G2U_A_B,1,split_0,2G2U_A_B_WB112A_381
209,2BNR_ABC_DE,['HA74A'],0.9753251671791077,0.9217090606689453,2BNR_ABC_DE,1,split_0,2BNR_ABC_DE_HA74A_1134
210,1A4Y_A_B,['YA434F'],0.557857871055603,0.09625625610351562,1A4Y_A_B,1,split_0,1A4Y_A_B_YA434F_651
211,1PPF_E_I,"['KI13T', 'PI14E', 'AI15Y', 'LI18G', 'RI21M', 'GI32P', 'NI36V']",1.769350290298462,3.2794113159179688,1PPF_E_I,7,split_0,"1PPF_E_I_KI13T,PI14E,AI15Y,LI18G,RI21M,GI32P,NI36V_1881"
212,1PPF_E_I,['NI36V'],0.34582212567329407,0.22681427001953125,1PPF_E_I,1,split_0,1PPF_E_I_NI36V_955
213,3SE3_B_A,"['YB43H', 'NB44E', 'SB47Q', 'FB50A']",2.790170431137085,0.6147594451904297,3SE3_B_A,4,split_0,"3SE3_B_A_YB43H,NB44E,SB47Q,FB50A_1653"
214,3S9D_A_B,"['DB91A', 'RA115A']",3.6723010540008545,0.855072021484375,3S9D_A_B,2,split_0,"3S9D_A_B_DB91A,RA115A_1849"
215,4RS1_A_B,['LA95A'],2.365586757659912,0.6237907409667969,4RS1_A_B,1,split_0,4RS1_A_B_LA95A_2228
216,1R0R_E_I,['KI8R'],0.13621847331523895,-0.6366996765136719,1R0R_E_I,1,split_0,1R0R_E_I_KI8R_914
217,4PWX_AB_CD,['YC15A'],0.7546097040176392,0.6739635467529297,4PWX_AB_CD,1,split_0,4PWX_AB_CD_YC15A_2049
218,3HFM_HL_Y,['DY101E'],2.2935006618499756,0.07009696960449219,3HFM_HL_Y,1,split_0,3HFM_HL_Y_DY101E_969
219,1PPF_E_I,['LI18D'],7.61348819732666,6.044519424438477,1PPF_E_I,1,split_0,1PPF_E_I_LI18D_619
220,1PPF_E_I,['LI18G'],3.3328986167907715,4.705995559692383,1PPF_E_I,1,split_0,1PPF_E_I_LI18G_609
221,1MHP_HL_A,['GH100S'],0.5579972267150879,0.24120521545410156,1MHP_HL_A,1,split_0,1MHP_HL_A_GH100S_1499
222,4JFF_ABC_DE,['EC1A'],7.32283878326416,5.063249588012695,4JFF_ABC_DE,1,split_0,4JFF_ABC_DE_EC1A_1231
223,4Y61_A_B,['RB86A'],-0.1930532306432724,0.65106201171875,4Y61_A_B,1,split_0,4Y61_A_B_RB86A_1672
224,1MAH_A_F,['YA121Q'],2.7729830741882324,0.4944801330566406,1MAH_A_F,1,split_0,1MAH_A_F_YA121Q_139
225,3S9D_A_B,"['TB33A', 'AA116G']",4.351393222808838,0.3709144592285156,3S9D_A_B,2,split_0,"3S9D_A_B_TB33A,AA116G_1821"
226,1R0R_E_I,['TI12R'],3.345353603363037,2.011110305786133,1R0R_E_I,1,split_0,1R0R_E_I_TI12R_724
227,1PPF_E_I,['NI36G'],-0.5715383291244507,-0.6688499450683594,1PPF_E_I,1,split_0,1PPF_E_I_NI36G_951
228,3N06_A_B,['AA14H'],0.14770087599754333,0.0082244873046875,3N06_A_B,1,split_0,3N06_A_B_AA14H_484
229,1LFD_A_B,"['MA17K', 'DA38K', 'DA45K', 'DA81K']",-0.9017500281333923,-0.015913009643554688,1LFD_A_B,4,split_0,"1LFD_A_B_MA17K,DA38K,DA45K,DA81K_168"
230,2C5D_AB_CD,"['LA324A', 'LB324A']",2.0344724655151367,1.6626739501953125,2C5D_AB_CD,2,split_0,"2C5D_AB_CD_LA324A,LB324A_2178"
231,1JTD_A_B,['YB75A'],0.4804372191429138,2.283060073852539,1JTD_A_B,1,split_0,1JTD_A_B_YB75A_2267
232,1PPF_E_I,['EI19M'],1.1487152576446533,1.1309680938720703,1PPF_E_I,1,split_0,1PPF_E_I_EI19M_732
233,5M2O_A_B,"['NA71A', 'HA117A']",2.286818265914917,1.6315326690673828,5M2O_A_B,2,split_0,"5M2O_A_B_NA71A,HA117A_1880"
234,1LFD_A_B,['IA5A'],1.8241292238235474,0.6487083435058594,1LFD_A_B,1,split_0,1LFD_A_B_IA5A_2123
235,4OFY_A_D,"['QA34A', 'FA40A']",4.140706539154053,1.0183353424072266,4OFY_A_D,2,split_0,"4OFY_A_D_QA34A,FA40A_1981"
236,3S9D_A_B,['AA116M'],1.0582308769226074,-0.5608482360839844,3S9D_A_B,1,split_0,3S9D_A_B_AA116M_1643
237,1KTZ_A_B,['FB86A'],0.9322267174720764,0.5068244934082031,1KTZ_A_B,1,split_0,1KTZ_A_B_FB86A_264
238,3KBH_A_E,['SE54A'],1.8573336601257324,0.13820648193359375,3KBH_A_E,1,split_0,3KBH_A_E_SE54A_1839
239,1R0R_E_I,"['LI13M', 'LI18V', 'KI24I', 'EI38K']",-0.8384865522384644,0.6440849304199219,1R0R_E_I,4,split_0,"1R0R_E_I_LI13M,LI18V,KI24I,EI38K_1151"
240,4I77_HL_Z,['WH52A'],2.114776611328125,2.327760696411133,4I77_HL_Z,1,split_0,4I77_HL_Z_WH52A_1386
241,1EMV_A_B,['VA32A'],2.5794503688812256,0.8463115692138672,1EMV_A_B,1,split_0,1EMV_A_B_VA32A_174
242,3SE3_B_A,['RA226A'],0.4106564223766327,0.2004222869873047,3SE3_B_A,1,split_0,3SE3_B_A_RA226A_1798
243,1A22_A_B,['SB174A'],0.033863615244627,0.5552158355712891,1A22_A_B,1,split_0,1A22_A_B_SB174A_380
244,1A4Y_A_B,['YA434A'],3.2620151042938232,3.9401702880859375,1A4Y_A_B,1,split_0,1A4Y_A_B_YA434A_624
245,3BX1_A_C,['AC86T'],1.8372485637664795,-1.0806465148925781,3BX1_A_C,1,split_0,3BX1_A_C_AC86T_1557
246,1PPF_E_I,['PI14R'],-0.13764554262161255,0.5600090026855469,1PPF_E_I,1,split_0,1PPF_E_I_PI14R_853
247,1MHP_HL_A,['SH35A'],1.5733891725540161,0.9936447143554688,1MHP_HL_A,1,split_0,1MHP_HL_A_SH35A_1494
248,1PPF_E_I,"['AI15R', 'LI18R']",7.327796459197998,3.9129409790039062,1PPF_E_I,2,split_0,"1PPF_E_I_AI15R,LI18R_989"
249,1GL1_A_I,"['KI30M', 'AI31G']",-0.13220183551311493,0.8256797790527344,1GL1_A_I,2,split_0,"1GL1_A_I_KI30M,AI31G_271"
250,2JEL_LH_P,['QP4K'],1.3641711473464966,-0.16189002990722656,2JEL_LH_P,1,split_0,2JEL_LH_P_QP4K_205
251,3QIB_ABP_CD,['EB67A'],1.8214198350906372,0.6839714050292969,3QIB_ABP_CD,1,split_0,3QIB_ABP_CD_EB67A_1915
252,1A22_A_B,['RA156A'],0.27845457196235657,2.295013427734375,1A22_A_B,1,split_0,1A22_A_B_RA156A_339
253,1KNE_A_P,"['AA3L', 'TP2I']",0.06589584797620773,-0.9954929351806641,1KNE_A_P,2,split_0,"1KNE_A_P_AA3L,TP2I_2070"
254,1A22_A_B,['FA10A'],1.0497993230819702,-0.2749595642089844,1A22_A_B,1,split_0,1A22_A_B_FA10A_505
255,1IAR_A_B,['NA15A'],-0.033863615244627,0.10774040222167969,1IAR_A_B,1,split_0,1IAR_A_B_NA15A_43
256,1TM1_E_I,['MI40K'],1.0935636758804321,1.386129379272461,1TM1_E_I,1,split_0,1TM1_E_I_MI40K_27
257,3SEK_B_C,['FC47A'],2.2293894290924072,2.231924057006836,3SEK_B_C,1,split_0,3SEK_B_C_FC47A_1323
258,2G2U_A_B,"['EB73M', 'FB142A']",0.3220660388469696,1.5946636199951172,2G2U_A_B,2,split_0,"2G2U_A_B_EB73M,FB142A_410"
259,1LFD_A_B,"['SA20A', 'EB37A']",2.208296537399292,1.057241439819336,1LFD_A_B,2,split_0,"1LFD_A_B_SA20A,EB37A_2164"
260,1E50_A_B,['DA8A'],-0.23009097576141357,1.800313949584961,1E50_A_B,1,split_0,1E50_A_B_DA8A_2017
261,4I77_HL_Z,['NL95A'],0.9991104006767273,0.1477489471435547,4I77_HL_Z,1,split_0,4I77_HL_Z_NL95A_1401
262,1EAW_A_B,['DA46A'],-0.1716310679912567,0.3015766143798828,1EAW_A_B,1,split_0,1EAW_A_B_DA46A_241
263,3S9D_A_B,['DA28A'],0.2402186095714569,0.5865993499755859,3S9D_A_B,1,split_0,3S9D_A_B_DA28A_1596
264,1EMV_A_B,['PA54A'],1.24284029006958,1.3619232177734375,1EMV_A_B,1,split_0,1EMV_A_B_PA54A_193
265,1KTZ_A_B,['HB55A'],0.29562830924987793,0.5257034301757812,1KTZ_A_B,1,split_0,1KTZ_A_B_HB55A_263
266,1FSS_A_B,['TB8V'],-0.5380995869636536,0.8001365661621094,1FSS_A_B,1,split_0,1FSS_A_B_TB8V_1321
267,3SE3_B_A,"['YB43H', 'NB44E', 'SB47Q', 'LB89A']",2.8981871604919434,0.6451473236083984,3SE3_B_A,4,split_0,"3SE3_B_A_YB43H,NB44E,SB47Q,LB89A_1742"
268,4UYP_A_D,"['ND52I', 'SD15I']",3.8372950553894043,2.3547325134277344,4UYP_A_D,2,split_0,"4UYP_A_D_ND52I,SD15I_1406"
269,1LFD_A_B,"['HA40A', 'SB39A']",0.5011252760887146,1.9080009460449219,1LFD_A_B,2,split_0,"1LFD_A_B_HA40A,SB39A_2152"
270,1PPF_E_I,['TI17E'],3.074164390563965,4.096721649169922,1PPF_E_I,1,split_0,1PPF_E_I_TI17E_1234
271,1IAR_A_B,['KA77A'],0.15374791622161865,0.22663497924804688,1IAR_A_B,1,split_0,1IAR_A_B_KA77A_50
272,2BNR_ABC_DE,['KA68A'],0.005528363399207592,0.7121448516845703,2BNR_ABC_DE,1,split_0,2BNR_ABC_DE_KA68A_1129
273,1R0R_E_I,['KI8I'],1.1239525079727173,-0.2883014678955078,1R0R_E_I,1,split_0,1R0R_E_I_KI8I_906
274,3M62_A_B,['FB7A'],0.9959673881530762,1.3397560119628906,3M62_A_B,1,split_0,3M62_A_B_FB7A_1297
275,2NYY_DC_A,['EA892A'],2.85959529876709,2.1576061248779297,2NYY_DC_A,1,split_0,2NYY_DC_A_EA892A_1491
276,4RS1_A_B,['NA89A'],1.2900179624557495,1.319894790649414,4RS1_A_B,1,split_0,4RS1_A_B_NA89A_2238
277,1LFD_A_B,"['MA17K', 'DA38K', 'DA45K']",-1.9596909284591675,0.06781578063964844,1LFD_A_B,3,split_0,"1LFD_A_B_MA17K,DA38K,DA45K_192"
278,2SIC_E_I,['MI67D'],0.7515320777893066,2.020151138305664,2SIC_E_I,1,split_0,2SIC_E_I_MI67D_5
279,1JTD_A_B,['LB53A'],0.6671075820922852,0.3246726989746094,1JTD_A_B,1,split_0,1JTD_A_B_LB53A_2265
280,1C1Y_A_B,['QB12A'],1.5808899402618408,0.3932476043701172,1C1Y_A_B,1,split_0,1C1Y_A_B_QB12A_1799
281,3HFM_HL_Y,['GY102V'],0.5507054328918457,-0.25419044494628906,3HFM_HL_Y,1,split_0,3HFM_HL_Y_GY102V_976
282,1A22_A_B,['PA59A'],0.3839247226715088,0.4942493438720703,1A22_A_B,1,split_0,1A22_A_B_PA59A_517
283,4RS1_A_B,['KA91E'],0.12519049644470215,0.019929885864257812,4RS1_A_B,1,split_0,4RS1_A_B_KA91E_2242
284,1R0R_E_I,"['EI5G', 'KI8Q', 'TI12S', 'RI16V', 'LI18F', 'GI27S', 'NI31D', 'VI37A', 'EI38D']",0.0,3.0423812866210938,1R0R_E_I,9,split_0,"1R0R_E_I_EI5G,KI8Q,TI12S,RI16V,LI18F,GI27S,NI31D,VI37A,EI38D_1169"
285,4BFI_A_B,['LB91A'],1.3072104454040527,0.6680965423583984,4BFI_A_B,1,split_0,4BFI_A_B_LB91A_1594
286,4BFI_A_B,['QB26K'],-0.21983741223812103,0.13554763793945312,4BFI_A_B,1,split_0,4BFI_A_B_QB26K_1601
287,1PPF_E_I,['TI17W'],2.195336103439331,2.5221481323242188,1PPF_E_I,1,split_0,1PPF_E_I_TI17W_703
288,1PPF_E_I,['LI18P'],6.147148609161377,7.5016021728515625,1PPF_E_I,1,split_0,1PPF_E_I_LI18P_615
289,4OFY_A_D,['QD86A'],4.645328998565674,0.19688796997070312,4OFY_A_D,1,split_0,4OFY_A_D_QD86A_1985
290,1KTZ_A_B,['EB95Q'],1.6271791458129883,-0.18036651611328125,1KTZ_A_B,1,split_0,1KTZ_A_B_EB95Q_259
291,1PPF_E_I,['GI32S'],0.9154713153839111,0.4925880432128906,1PPF_E_I,1,split_0,1PPF_E_I_GI32S_914
292,1EAW_A_B,['QA218A'],0.1442377269268036,0.36163330078125,1EAW_A_B,1,split_0,1EAW_A_B_QA218A_262
293,3S9D_A_B,"['HB65A', 'LA8A']",4.016777992248535,0.9464588165283203,3S9D_A_B,2,split_0,"3S9D_A_B_HB65A,LA8A_1887"
294,1PPF_E_I,['TI17H'],1.6936486959457397,2.717914581298828,1PPF_E_I,1,split_0,1PPF_E_I_TI17H_699
295,2GYK_A_B,['AA49D'],-5.918128490447998,-3.5154895782470703,2GYK_A_B,1,split_0,2GYK_A_B_AA49D_198
296,4UYP_A_D,"['AD18F', 'AD54F', 'SD15I', 'ID16N']",4.680967330932617,1.155416488647461,4UYP_A_D,4,split_0,"4UYP_A_D_AD18F,AD54F,SD15I,ID16N_1407"
297,1R0R_E_I,['GI27W'],1.4012725353240967,2.3567771911621094,1R0R_E_I,1,split_0,1R0R_E_I_GI27W_954
298,1E50_A_B,['NA51A'],2.4327139854431152,0.42755699157714844,1E50_A_B,1,split_0,1E50_A_B_NA51A_2007
299,1A4Y_A_B,['RB31A'],0.2505223751068115,0.25096893310546875,1A4Y_A_B,1,split_0,1A4Y_A_B_RB31A_646
300,1A4Y_A_B,['WA263A'],1.171373963356018,1.7192516326904297,1A4Y_A_B,1,split_0,1A4Y_A_B_WA263A_634
301,1KNE_A_P,"['DA40T', 'TP2K']",0.7270746231079102,-0.7059955596923828,1KNE_A_P,2,split_0,"1KNE_A_P_DA40T,TP2K_2094"
302,3HFM_HL_Y,['DY101Q'],2.241950750350952,0.31250762939453125,3HFM_HL_Y,1,split_0,3HFM_HL_Y_DY101Q_970
303,1PPF_E_I,['PI14S'],-0.5715383291244507,0.05968475341796875,1PPF_E_I,1,split_0,1PPF_E_I_PI14S_839
304,3S9D_A_B,['FA20A'],0.7132960557937622,0.4866371154785156,3S9D_A_B,1,split_0,3S9D_A_B_FA20A_1701
305,1KTZ_A_B,['TB27A'],1.5135467052459717,0.6830101013183594,1KTZ_A_B,1,split_0,1KTZ_A_B_TB27A_251
306,3S9D_A_B,"['DB91A', 'LA124A']",3.02142596244812,1.0264472961425781,3S9D_A_B,2,split_0,"3S9D_A_B_DB91A,LA124A_1851"
307,2JEL_LH_P,['SP46C'],0.0,0.25913238525390625,2JEL_LH_P,1,split_0,2JEL_LH_P_SP46C_223
308,1PPF_E_I,"['EI10D', 'LI18V', 'RI21M', 'EI43D']",0.03846171498298645,4.104360580444336,1PPF_E_I,4,split_0,"1PPF_E_I_EI10D,LI18V,RI21M,EI43D_1195"
309,3S9D_A_B,"['IB90A', 'LA8A']",3.740473985671997,0.8015537261962891,3S9D_A_B,2,split_0,"3S9D_A_B_IB90A,LA8A_1838"
310,3SE3_B_A,"['YB43H', 'NB44E', 'SB47Q', 'DB57A']",2.4998557567596436,0.17686080932617188,3SE3_B_A,4,split_0,"3SE3_B_A_YB43H,NB44E,SB47Q,DB57A_1731"
311,1PPF_E_I,['GI32V'],2.553067922592163,1.2259387969970703,1PPF_E_I,1,split_0,1PPF_E_I_GI32V_916
312,1R0R_E_I,['LI13M'],-0.5162599682807922,0.3275108337402344,1R0R_E_I,1,split_0,1R0R_E_I_LI13M_1141
313,1MHP_HL_A,"['TH50V', 'SL27Q', 'NL51Y']",-1.20074462890625,-0.48531532287597656,1MHP_HL_A,3,split_0,"1MHP_HL_A_TH50V,SL27Q,NL51Y_1447"
314,1KTZ_A_B,['VB38A'],0.6479637026786804,0.37088966369628906,1KTZ_A_B,1,split_0,1KTZ_A_B_VB38A_261
315,2BNR_ABC_DE,['TA80A'],0.5354059338569641,0.3295173645019531,2BNR_ABC_DE,1,split_0,2BNR_ABC_DE_TA80A_1137
316,3NCB_A_B,['AA167H'],-2.2118194103240967,-1.2140274047851562,3NCB_A_B,1,split_0,3NCB_A_B_AA167H_784
317,4UYP_A_D,"['SD15I', 'ID16N']",-0.2552182078361511,1.4007759094238281,4UYP_A_D,2,split_0,"4UYP_A_D_SD15I,ID16N_1402"
318,1LFD_A_B,['KA19A'],1.7991840839385986,1.4997062683105469,1LFD_A_B,1,split_0,1LFD_A_B_KA19A_2111
319,2G2U_A_B,['SB39A'],-0.9561419486999512,0.027111053466796875,2G2U_A_B,1,split_0,2G2U_A_B_SB39A_372
320,1R0R_E_I,['KI8S'],-0.3073604106903076,-1.4954643249511719,1R0R_E_I,1,split_0,1R0R_E_I_KI8S_900
321,4PWX_AB_CD,['KC1A'],0.46811968088150024,0.44669342041015625,4PWX_AB_CD,1,split_0,4PWX_AB_CD_KC1A_2047
322,4PWX_AB_CD,['HC19A'],-0.3482353687286377,1.1858749389648438,4PWX_AB_CD,1,split_0,4PWX_AB_CD_HC19A_2052
323,3QIB_ABP_CD,['DB74A'],0.8629055023193359,0.39605712890625,3QIB_ABP_CD,1,split_0,3QIB_ABP_CD_DB74A_1917
324,1A22_A_B,['SB15A'],-0.01499958522617817,0.05964851379394531,1A22_A_B,1,split_0,1A22_A_B_SB15A_442
325,1R0R_E_I,['NI31E'],-0.20501308143138885,1.286581039428711,1R0R_E_I,1,split_0,1R0R_E_I_NI31E_987
326,1B2U_A_D,"['AA27K', 'AD36D']",-9.549198150634766,-8.123455047607422,1B2U_A_D,2,split_0,"1B2U_A_D_AA27K,AD36D_16"
327,3NCB_A_B,['AA167H'],-1.481518030166626,-1.2140331268310547,3NCB_A_B,1,split_0,3NCB_A_B_AA167H_770
328,3BX1_A_C,['FC84V'],0.4106564223766327,0.3859710693359375,3BX1_A_C,1,split_0,3BX1_A_C_FC84V_1555
329,3HFM_HL_Y,"['WH98F', 'YY20A']",6.231808662414551,1.9240856170654297,3HFM_HL_Y,2,split_0,"3HFM_HL_Y_WH98F,YY20A_899"
330,2JEL_LH_P,['EP66K'],4.092513084411621,-0.08743858337402344,2JEL_LH_P,1,split_0,2JEL_LH_P_EP66K_228
331,3S9D_A_B,['HB65A'],0.6307899951934814,0.6580715179443359,3S9D_A_B,1,split_0,3S9D_A_B_HB65A_1614
332,1A22_A_B,['SB57A'],-0.05472675710916519,0.2318553924560547,1A22_A_B,1,split_0,1A22_A_B_SB57A_359
333,4CPA_A_I,['VI37I'],0.19934363663196564,-0.09353256225585938,4CPA_A_I,1,split_0,4CPA_A_I_VI37I_285
334,3S9D_A_B,"['AA43H', 'AA44E', 'AA47Q']",0.0,-0.3260040283203125,3S9D_A_B,3,split_0,"3S9D_A_B_AA43H,AA44E,AA47Q_1691"
335,2JEL_LH_P,['TP62A'],0.0,0.29571533203125,2JEL_LH_P,1,split_0,2JEL_LH_P_TP62A_226
336,1EMV_A_B,['LA34A'],0.9071285128593445,1.494119644165039,1EMV_A_B,1,split_0,1EMV_A_B_LA34A_176
337,1R0R_E_I,"['EI5D', 'AI10V', 'TI12S', 'RI16M', 'NI23S', 'GI27S', 'NI31D', 'VI36F', 'EI38D', 'TI44S']",0.037101373076438904,2.719928741455078,1R0R_E_I,10,split_0,"1R0R_E_I_EI5D,AI10V,TI12S,RI16M,NI23S,GI27S,NI31D,VI36F,EI38D,TI44S_1139"
338,3HFM_HL_Y,"['YL50F', 'YY20A']",6.226447105407715,2.0490055084228516,3HFM_HL_Y,2,split_0,"3HFM_HL_Y_YL50F,YY20A_892"
339,3HFM_HL_Y,['YL50A'],4.55963659286499,2.2378616333007812,3HFM_HL_Y,1,split_0,3HFM_HL_Y_YL50A_887
340,4HRN_A_D,['FD47A'],2.4605627059936523,0.550018310546875,4HRN_A_D,1,split_0,4HRN_A_D_FD47A_1565
341,1IAR_A_B,['EA19A'],-0.31995680928230286,0.04828643798828125,1IAR_A_B,1,split_0,1IAR_A_B_EA19A_47
342,1LFD_A_B,['RB41A'],0.7661910653114319,0.4112586975097656,1LFD_A_B,1,split_0,1LFD_A_B_RB41A_2142
343,1R0R_E_I,['TI12Y'],-0.8788283467292786,2.562284469604492,1R0R_E_I,1,split_0,1R0R_E_I_TI12Y_725
344,1KTZ_A_B,['RA13A'],1.481581449508667,0.9024314880371094,1KTZ_A_B,1,split_0,1KTZ_A_B_RA13A_243
345,1A22_A_B,['DA160A'],0.7909240126609802,0.16394805908203125,1A22_A_B,1,split_0,1A22_A_B_DA160A_341
346,1R0R_E_I,"['KI8S', 'PI9D', 'AI10Y']",-1.929858684539795,-3.6718883514404297,1R0R_E_I,3,split_0,"1R0R_E_I_KI8S,PI9D,AI10Y_1424"
347,1PPF_E_I,['YI20L'],1.3749107122421265,0.8571987152099609,1PPF_E_I,1,split_0,1PPF_E_I_YI20L_768
348,3W2D_A_HL,['YA45F'],0.8783374428749084,0.3526458740234375,3W2D_A_HL,1,split_0,3W2D_A_HL_YA45F_1587
349,1A22_A_B,['EB128A'],0.08280224353075027,-0.3621635437011719,1A22_A_B,1,split_0,1A22_A_B_EB128A_422
350,1JTD_A_B,['QA73A'],0.5186731815338135,0.5819511413574219,1JTD_A_B,1,split_0,1JTD_A_B_QA73A_1941
351,1MHP_HL_A,"['TH50V', 'GH102S']",1.6682031154632568,-0.015932083129882812,1MHP_HL_A,2,split_0,"1MHP_HL_A_TH50V,GH102S_1504"
352,1A22_A_B,"['SA57T', 'TA60A', 'SA62T', 'NA63G', 'RA64K', 'EA65D', 'TA67A', 'KA70R', 'NA72D', 'LA73V']",1.6805893182754517,1.3154754638671875,1A22_A_B,10,split_0,"1A22_A_B_SA57T,TA60A,SA62T,NA63G,RA64K,EA65D,TA67A,KA70R,NA72D,LA73V_559"
353,1JTD_A_B,['DB132A'],-0.5490620136260986,1.9470748901367188,1JTD_A_B,1,split_0,1JTD_A_B_DB132A_2272
354,2I26_N_L,['SN60R'],-0.6264405846595764,-0.388336181640625,2I26_N_L,1,split_0,2I26_N_L_SN60R_79
355,1A22_A_B,['TB150A'],-0.12265188246965408,0.4661293029785156,1A22_A_B,1,split_0,1A22_A_B_TB150A_493
356,2JEL_LH_P,['KP27E'],0.0,0.9077987670898438,2JEL_LH_P,1,split_0,2JEL_LH_P_KP27E_216
357,1A22_A_B,['EB34A'],-0.07911093533039093,0.2500724792480469,1A22_A_B,1,split_0,1A22_A_B_EB34A_413
358,1PPF_E_I,['YI20P'],5.367161273956299,7.742851257324219,1PPF_E_I,1,split_0,1PPF_E_I_YI20P_767
359,1PPF_E_I,['TI17S'],1.5567675828933716,1.7792491912841797,1PPF_E_I,1,split_0,1PPF_E_I_TI17S_1236
360,1A22_A_B,"['FA54H', 'SA55T', 'EA56S', 'IA58L', 'PA59A', 'SA62E', 'NA63D', 'RA64K', 'EA66Q', 'TA67A', 'KA70M', 'SA71N', 'NA72Q', 'LA73K', 'EA74D']",2.4967727661132812,0.3627586364746094,1A22_A_B,15,split_0,"1A22_A_B_FA54H,SA55T,EA56S,IA58L,PA59A,SA62E,NA63D,RA64K,EA66Q,TA67A,KA70M,SA71N,NA72Q,LA73K,EA74D_560"
361,1H9D_A_B,['LB93A'],0.9402005672454834,1.4739017486572266,1H9D_A_B,1,split_0,1H9D_A_B_LB93A_516
362,2BTF_A_P,['VP60E'],0.9787291884422302,0.32386016845703125,2BTF_A_P,1,split_0,2BTF_A_P_VP60E_128
363,3S9D_A_B,['IB90A'],1.6426256895065308,0.6240329742431641,3S9D_A_B,1,split_0,3S9D_A_B_IB90A_1837
364,3VR6_ABCDEF_GH,['LG28N'],0.30999940633773804,0.5667762756347656,3VR6_ABCDEF_GH,1,split_0,3VR6_ABCDEF_GH_LG28N_2026
365,2G2U_A_B,['FB142A'],0.2758272886276245,1.6715164184570312,2G2U_A_B,1,split_0,2G2U_A_B_FB142A_384
366,1EMV_A_B,['SA48A'],2.188220500946045,1.216848373413086,1EMV_A_B,1,split_0,1EMV_A_B_SA48A_187
367,3S9D_A_B,['KB37A'],0.6940276622772217,0.5737419128417969,3S9D_A_B,1,split_0,3S9D_A_B_KB37A_1758
368,1FSS_A_B,['HB29R'],-1.057721495628357,-0.35631561279296875,1FSS_A_B,1,split_0,1FSS_A_B_HB29R_1325
369,1FSS_A_B,"['TB8V', 'TB9N', 'RB11K', 'HB29R']",-0.39184683561325073,1.9007949829101562,1FSS_A_B,4,split_0,"1FSS_A_B_TB8V,TB9N,RB11K,HB29R_1327"
370,3SE4_B_A,['FA223A'],1.3641711473464966,0.3819713592529297,3SE4_B_A,1,split_0,3SE4_B_A_FA223A_1993
371,3HFM_HL_Y,"['YL96A', 'RY21A']",5.759324073791504,2.108898162841797,3HFM_HL_Y,2,split_0,"3HFM_HL_Y_YL96A,RY21A_915"
372,1PPF_E_I,"['AI15T', 'LI18M']",-1.4927713871002197,0.010723114013671875,1PPF_E_I,2,split_0,"1PPF_E_I_AI15T,LI18M_1211"
373,1PPF_E_I,['GI32I'],4.372321128845215,2.0868282318115234,1PPF_E_I,1,split_0,1PPF_E_I_GI32I_920
374,4RS1_A_B,['SB205A'],0.6159898042678833,0.10659027099609375,4RS1_A_B,1,split_0,4RS1_A_B_SB205A_2219
375,2C5D_AB_CD,"['RA32E', 'KA34E', 'RB32E', 'KA34E']",3.9603114128112793,1.4999847412109375,2C5D_AB_CD,4,split_0,"2C5D_AB_CD_RA32E,KA34E,RB32E,KA34E_2163"
376,5UFE_A_B,['GA12D'],-1.3788002729415894,-0.996368408203125,5UFE_A_B,1,split_0,5UFE_A_B_GA12D_2398
377,1R0R_E_I,['GI27E'],1.98118257522583,2.3130569458007812,1R0R_E_I,1,split_0,1R0R_E_I_GI27E_949
378,1R0R_E_I,['KI8F'],-0.7945218682289124,-0.09749603271484375,1R0R_E_I,1,split_0,1R0R_E_I_KI8F_913
379,2G2U_A_B,"['EB73M', 'SB130K']",-2.809424638748169,-1.0251712799072266,2G2U_A_B,2,split_0,"2G2U_A_B_EB73M,SB130K_402"
380,1LFD_A_B,['EB62A'],0.19088996946811676,0.9726295471191406,1LFD_A_B,1,split_0,1LFD_A_B_EB62A_2143
381,5M2O_A_B,['QB25A'],1.144911289215088,0.6849746704101562,5M2O_A_B,1,split_0,5M2O_A_B_QB25A_1867
382,1R0R_E_I,['TI12E'],3.2136850357055664,3.922222137451172,1R0R_E_I,1,split_0,1R0R_E_I_TI12E_721
383,3SE3_B_A,"['YB43H', 'NB44E', 'SB47Q', 'TB72A']",2.801797866821289,0.2593269348144531,3SE3_B_A,4,split_0,"3SE3_B_A_YB43H,NB44E,SB47Q,TB72A_1737"
384,1PPF_E_I,['EI19S'],1.8462116718292236,1.7451629638671875,1PPF_E_I,1,split_0,1PPF_E_I_EI19S_725
385,3NCC_A_B,['AB188H'],-1.92812979221344,-1.7935523986816406,3NCC_A_B,1,split_0,3NCC_A_B_AB188H_788
386,1FSS_A_B,['MB33L'],0.9630449414253235,0.9590606689453125,1FSS_A_B,1,split_0,1FSS_A_B_MB33L_1312
387,1A22_A_B,['SA62A'],0.6391429305076599,0.6835002899169922,1A22_A_B,1,split_0,1A22_A_B_SA62A_518
388,3SE3_B_A,"['YB43H', 'NB44E', 'SB47Q', 'TB65A']",2.297600746154785,0.3918647766113281,3SE3_B_A,4,split_0,"3SE3_B_A_YB43H,NB44E,SB47Q,TB65A_1660"
389,5M2O_A_B,['SB18A'],0.047044701874256134,0.38787841796875,5M2O_A_B,1,split_0,5M2O_A_B_SB18A_1865
390,1A22_A_B,"['DB107A', 'RB111A', 'EB113A']",0.3143717646598816,1.1743698120117188,1A22_A_B,3,split_0,"1A22_A_B_DB107A,RB111A,EB113A_403"
391,1PPF_E_I,['PI14H'],-1.7655086517333984,0.36920928955078125,1PPF_E_I,1,split_0,1PPF_E_I_PI14H_851
392,3SE3_B_A,['DA117A'],0.5428582429885864,-0.20706558227539062,3SE3_B_A,1,split_0,3SE3_B_A_DA117A_1791
393,1LFD_A_B,['EA44K'],-0.28459402918815613,0.014390945434570312,1LFD_A_B,1,split_0,1LFD_A_B_EA44K_185
394,1R0R_E_I,"['EI5D', 'AI10V', 'TI12S', 'RI16M', 'NI23S', 'GI27S', 'NI31D', 'EI38D']",0.11502811312675476,3.118877410888672,1R0R_E_I,8,split_0,"1R0R_E_I_EI5D,AI10V,TI12S,RI16M,NI23S,GI27S,NI31D,EI38D_1138"
395,1A22_A_B,"['QA22N', 'FA25S', 'DA26E', 'QA29S', 'EA30Q', 'EA33K']",-0.09423819184303284,1.68426513671875,1A22_A_B,6,split_0,"1A22_A_B_QA22N,FA25S,DA26E,QA29S,EA30Q,EA33K_555"
396,1R0R_E_I,['KI8G'],-0.8384865522384644,0.5959110260009766,1R0R_E_I,1,split_0,1R0R_E_I_KI8G_898
397,3QIB_ABP_CD,['QB62A'],1.7639565467834473,0.1804656982421875,3QIB_ABP_CD,1,split_0,3QIB_ABP_CD_QB62A_1913
398,1A22_A_B,"['FA25A', 'YA42A', 'QA46A']",0.19052284955978394,1.4186935424804688,1A22_A_B,3,split_0,"1A22_A_B_FA25A,YA42A,QA46A_462"
399,3S9D_A_B,['MA9A'],0.12424934655427933,0.03644561767578125,3S9D_A_B,1,split_0,3S9D_A_B_MA9A_1619
400,3S9D_A_B,['RA15A'],0.17043781280517578,0.25942230224609375,3S9D_A_B,1,split_0,3S9D_A_B_RA15A_1620
401,1MHP_HL_A,['NL51K'],0.6578043699264526,-0.10028839111328125,1MHP_HL_A,1,split_0,1MHP_HL_A_NL51K_1456
402,3S9D_A_B,['RA96A'],0.3482353687286377,0.5135307312011719,3S9D_A_B,1,split_0,3S9D_A_B_RA96A_1599
403,3S9D_A_B,['MB35V'],1.8240691423416138,0.07432365417480469,3S9D_A_B,1,split_0,3S9D_A_B_MB35V_1756
404,4JFF_ABC_DE,['GC4A'],6.518215656280518,5.2104339599609375,4JFF_ABC_DE,1,split_0,4JFF_ABC_DE_GC4A_1232
405,1PPF_E_I,"['KI13S', 'PI14D', 'AI15Y']",-0.12497672438621521,-1.6547718048095703,1PPF_E_I,3,split_0,"1PPF_E_I_KI13S,PI14D,AI15Y_1882"
406,1A22_A_B,['RA64K'],-0.3143717646598816,0.04050445556640625,1A22_A_B,1,split_0,1A22_A_B_RA64K_548
407,1FY8_E_I,['DE168N'],0.17043781280517578,0.09844779968261719,1FY8_E_I,1,split_0,1FY8_E_I_DE168N_1008
408,3SE3_B_A,"['YB43H', 'NB44E', 'SB47Q', 'YB71A']",3.0482640266418457,0.8290214538574219,3SE3_B_A,4,split_0,"3SE3_B_A_YB43H,NB44E,SB47Q,YB71A_1736"
409,3SE3_B_A,"['YB43H', 'NB44E', 'SB47Q', 'KB103A']",2.6815128326416016,0.5161609649658203,3SE3_B_A,4,split_0,"3SE3_B_A_YB43H,NB44E,SB47Q,KB103A_1746"
410,1A22_A_B,['EA65A'],-0.4730774760246277,0.26842498779296875,1A22_A_B,1,split_0,1A22_A_B_EA65A_336
411,1PPF_E_I,['TI17V'],1.4817438125610352,1.9021854400634766,1PPF_E_I,1,split_0,1PPF_E_I_TI17V_689
412,1FSS_A_B,['NB47R'],-0.5349057912826538,-0.1700592041015625,1FSS_A_B,1,split_0,1FSS_A_B_NB47R_1319
413,3SE4_B_C,['PB27A'],-0.17043781280517578,0.15849685668945312,3SE4_B_C,1,split_0,3SE4_B_C_PB27A_1802
414,1MHP_HL_A,['KH64Q'],0.0,0.12219047546386719,1MHP_HL_A,1,split_0,1MHP_HL_A_KH64Q_1463
415,3S9D_A_B,['AB67M'],-0.16781052947044373,-0.5282554626464844,3S9D_A_B,1,split_0,3S9D_A_B_AB67M_1767
416,1A4Y_A_B,"['RB5A', 'YA434A', 'YA437A']",8.531571388244629,7.364381790161133,1A4Y_A_B,3,split_0,"1A4Y_A_B_RB5A,YA434A,YA437A_658"
417,1PPF_E_I,['KI13S'],0.46085023880004883,-1.1739006042480469,1PPF_E_I,1,split_0,1PPF_E_I_KI13S_877
418,1TM1_E_I,['TI39A'],2.5723960399627686,3.2104225158691406,1TM1_E_I,1,split_0,1TM1_E_I_TI39A_9
419,1PPF_E_I,['YI20C'],3.4516680240631104,2.3422813415527344,1PPF_E_I,1,split_0,1PPF_E_I_YI20C_764
420,1A22_A_B,['DA26A'],-0.21131277084350586,0.17435455322265625,1A22_A_B,1,split_0,1A22_A_B_DA26A_324
421,1A22_A_B,['SB57A'],-0.327854186296463,0.23184967041015625,1A22_A_B,1,split_0,1A22_A_B_SB57A_450
422,1KNE_A_P,"['DA40K', 'TP2I']",0.0,-0.1477489471435547,1KNE_A_P,2,split_0,"1KNE_A_P_DA40K,TP2I_2090"
423,3LB6_A_C,['IA10A'],3.7231316566467285,0.6096439361572266,3LB6_A_C,1,split_0,3LB6_A_C_IA10A_1818
424,2QJB_AB_C,"['HC11G', 'EC15D', 'TC30A', 'MC31I']",-0.8850788474082947,-0.5424594879150391,2QJB_AB_C,4,split_0,"2QJB_AB_C_HC11G,EC15D,TC30A,MC31I_309"
425,1PPF_E_I,['YI20H'],2.452770709991455,1.2519111633300781,1PPF_E_I,1,split_0,1PPF_E_I_YI20H_1217
426,1R0R_E_I,['NI31A'],-0.03315281495451927,-0.2982940673828125,1R0R_E_I,1,split_0,1R0R_E_I_NI31A_975
427,1EMV_A_B,['FB86A'],3.880681037902832,1.1250495910644531,1EMV_A_B,1,split_0,1EMV_A_B_FB86A_154
428,1E50_A_B,['NB99A'],1.407914400100708,0.7781391143798828,1E50_A_B,1,split_0,1E50_A_B_NB99A_2025
429,1EMV_A_B,['SA61A'],0.8704198002815247,0.23169517517089844,1EMV_A_B,1,split_0,1EMV_A_B_SA61A_195
430,1PPF_E_I,"['AI15V', 'TI17S', 'LI18P', 'RI21M', 'NI28S', 'GI32N', 'NI36D', 'NI39S', 'SI51G']",7.373743534088135,8.131336212158203,1PPF_E_I,9,split_0,"1PPF_E_I_AI15V,TI17S,LI18P,RI21M,NI28S,GI32N,NI36D,NI39S,SI51G_1184"
431,4PWX_AB_CD,['QA205A'],1.0139576196670532,-0.2711029052734375,4PWX_AB_CD,1,split_0,4PWX_AB_CD_QA205A_2037
432,3HFM_HL_Y,['QL53A'],0.9535146951675415,0.24879074096679688,3HFM_HL_Y,1,split_0,3HFM_HL_Y_QL53A_913
433,3HFM_HL_Y,['SH31A'],0.17043781280517578,0.3613853454589844,3HFM_HL_Y,1,split_0,3HFM_HL_Y_SH31A_910
434,3SE3_B_A,['FA81A'],0.4106564223766327,0.8779563903808594,3SE3_B_A,1,split_0,3SE3_B_A_FA81A_1787
435,1M9E_A_D,['AD76H'],-1.009981393814087,-1.2902507781982422,1M9E_A_D,1,split_0,1M9E_A_D_AD76H_77
436,1PPF_E_I,['GI32C'],1.1791040897369385,2.043498992919922,1PPF_E_I,1,split_0,1PPF_E_I_GI32C_915
437,1A22_A_B,['TB36A'],0.20430143177509308,0.7172641754150391,1A22_A_B,1,split_0,1A22_A_B_TB36A_383
438,1A22_A_B,['FB55S'],-0.13220183551311493,1.2824211120605469,1A22_A_B,1,split_0,1A22_A_B_FB55S_399
439,1A22_A_B,['VA174A'],0.8793615102767944,0.0877532958984375,1A22_A_B,1,split_0,1A22_A_B_VA174A_542
440,3SE3_B_A,"['YB43H', 'NB44E', 'SB47Q', 'VB85A']",2.488123655319214,0.05326080322265625,3SE3_B_A,4,split_0,"3SE3_B_A_YB43H,NB44E,SB47Q,VB85A_1669"
441,1A22_A_B,"['PA48A', 'TA50A', 'SA51A', 'LA52F']",0.6024847030639648,0.21787071228027344,1A22_A_B,4,split_0,"1A22_A_B_PA48A,TA50A,SA51A,LA52F_557"
442,1PPF_E_I,"['RI21M', 'KI29Q', 'GI32S', 'EI43D']",0.07138418406248093,1.7735252380371094,1PPF_E_I,4,split_0,"1PPF_E_I_RI21M,KI29Q,GI32S,EI43D_1190"
443,4PWX_AB_CD,['QC20A'],-0.17779755592346191,0.9260330200195312,4PWX_AB_CD,1,split_0,4PWX_AB_CD_QC20A_2053
444,4PWX_AB_CD,['EC17A'],-0.6847386360168457,0.5050411224365234,4PWX_AB_CD,1,split_0,4PWX_AB_CD_EC17A_2051
445,1LFD_A_B,['KA19A'],3.074397563934326,1.4997234344482422,1LFD_A_B,1,split_0,1LFD_A_B_KA19A_2129
446,5E9D_AB_CDE,"['GD27E', 'TD90Q', 'VE49D', 'AE98E']",-2.6363978385925293,-0.1616077423095703,5E9D_AB_CDE,4,split_0,"5E9D_AB_CDE_GD27E,TD90Q,VE49D,AE98E_1057"
447,4JFE_ABC_DE,"['AC7I', 'GC4A']",0.08859037607908249,-0.7742843627929688,4JFE_ABC_DE,2,split_0,"4JFE_ABC_DE_AC7I,GC4A_1073"
448,1PPF_E_I,['TI17L'],2.279642343521118,2.3983116149902344,1PPF_E_I,1,split_0,1PPF_E_I_TI17L_691
449,1R0R_E_I,['PI9N'],-0.9173604846000671,0.014242172241210938,1R0R_E_I,1,split_0,1R0R_E_I_PI9N_869
450,3S9D_A_B,['LA23V'],2.232905387878418,0.1164398193359375,3S9D_A_B,1,split_0,3S9D_A_B_LA23V_1703
451,1PPF_E_I,['YI20T'],5.055346965789795,3.321229934692383,1PPF_E_I,1,split_0,1PPF_E_I_YI20T_766
452,1EMV_A_B,['SA26A'],0.17317432165145874,0.6581325531005859,1EMV_A_B,1,split_0,1EMV_A_B_SA26A_168
453,2BNR_ABC_DE,['TA163A'],0.4586472809314728,0.3310813903808594,2BNR_ABC_DE,1,split_0,2BNR_ABC_DE_TA163A_1145
454,4NM8_ABCDEF_HL,['QB34T'],2.2935006618499756,0.2603797912597656,4NM8_ABCDEF_HL,1,split_0,4NM8_ABCDEF_HL_QB34T_1617
455,3HFM_HL_Y,['KY97G'],6.433435440063477,2.098674774169922,3HFM_HL_Y,1,split_0,3HFM_HL_Y_KY97G_959
456,1LFD_A_B,['MA17K'],-0.9208399057388306,0.30864715576171875,1LFD_A_B,1,split_0,1LFD_A_B_MA17K_175
457,2NYY_DC_A,['KD29R'],0.07190047949552536,0.10455322265625,2NYY_DC_A,1,split_0,2NYY_DC_A_KD29R_1505
458,2SIC_E_I,['MI67I'],1.6043896675109863,0.77447509765625,2SIC_E_I,1,split_0,2SIC_E_I_MI67I_13
459,1LFD_A_B,"['YA18A', 'SB39A']",3.938493251800537,1.088571548461914,1LFD_A_B,2,split_0,"1LFD_A_B_YA18A,SB39A_2168"
460,3HFM_HL_Y,['RY73A'],-0.33154547214508057,0.4406414031982422,3HFM_HL_Y,1,split_0,3HFM_HL_Y_RY73A_981
461,3S9D_A_B,"['IB34A', 'RA120A']",5.001758098602295,1.7351646423339844,3S9D_A_B,2,split_0,"3S9D_A_B_IB34A,RA120A_1829"
462,1MHP_HL_A,['NL51Y'],0.0,-0.163177490234375,1MHP_HL_A,1,split_0,1MHP_HL_A_NL51Y_1469
463,1A22_A_B,"['QA46H', 'NA47D', 'PA48S', 'QA49E', 'LA52F']",1.1820012331008911,-0.2836112976074219,1A22_A_B,5,split_0,"1A22_A_B_QA46H,NA47D,PA48S,QA49E,LA52F_556"
464,1R0R_E_I,['EI14M'],1.5712368488311768,1.3959636688232422,1R0R_E_I,1,split_0,1R0R_E_I_EI14M_755
465,3S9D_A_B,['LA19A'],0.8954659700393677,0.7730979919433594,3S9D_A_B,1,split_0,3S9D_A_B_LA19A_1700
466,1PPF_E_I,['EI19H'],0.6904641389846802,0.8528251647949219,1PPF_E_I,1,split_0,1PPF_E_I_EI19H_737
467,1A22_A_B,['SA71A'],0.4106564223766327,0.11562156677246094,1A22_A_B,1,split_0,1A22_A_B_SA71A_526
468,1TM1_E_I,"['TI39A', 'EI41A']",3.3903958797454834,4.8997039794921875,1TM1_E_I,2,split_0,"1TM1_E_I_TI39A,EI41A_11"
469,1R0R_E_I,['AI10H'],1.774827480316162,-1.2831649780273438,1R0R_E_I,1,split_0,1R0R_E_I_AI10H_684
470,1PPF_E_I,"['LI18M', 'HI52R']",1.4817438125610352,-0.09564208984375,1PPF_E_I,2,split_0,"1PPF_E_I_LI18M,HI52R_1215"
471,1R0R_E_I,['RI16M'],0.44681063294410706,0.5674247741699219,1R0R_E_I,1,split_0,1R0R_E_I_RI16M_831
472,3S9D_A_B,['SA123A'],1.0997674465179443,0.27907562255859375,3S9D_A_B,1,split_0,3S9D_A_B_SA123A_1867
473,1R0R_E_I,['TI12C'],0.8131969571113586,2.289752960205078,1R0R_E_I,1,split_0,1R0R_E_I_TI12C_711
474,3S9D_A_B,['KA105A'],0.05646670609712601,0.2807197570800781,3S9D_A_B,1,split_0,3S9D_A_B_KA105A_1604
475,3HFM_HL_Y,['IY98A'],0.0,1.0838680267333984,3HFM_HL_Y,1,split_0,3HFM_HL_Y_IY98A_986
476,3HH2_AB_C,['FC52A'],1.2728441953659058,0.060150146484375,3HH2_AB_C,1,split_0,3HH2_AB_C_FC52A_1362
477,1A22_A_B,['EB12A'],1.6927218437194824,0.6160964965820312,1A22_A_B,1,split_0,1A22_A_B_EB12A_351
478,1KNE_A_P,"['AA3F', 'TP2I']",0.5897433161735535,-1.4833869934082031,1KNE_A_P,2,split_0,"1KNE_A_P_AA3F,TP2I_2060"
479,1KNE_A_P,"['AA3T', 'TP2I']",0.6024847030639648,-0.4634227752685547,1KNE_A_P,2,split_0,"1KNE_A_P_AA3T,TP2I_2075"
480,1A22_A_B,"['YA111V', 'LA113I', 'KA115E', 'DA116Q', 'EA118K', 'EA119R', 'QA122E', 'TA123G', 'GA126L', 'RA127I', 'EA129S']",0.25172290205955505,0.09904861450195312,1A22_A_B,11,split_0,"1A22_A_B_YA111V,LA113I,KA115E,DA116Q,EA118K,EA119R,QA122E,TA123G,GA126L,RA127I,EA129S_564"
481,1LFD_A_B,['LA10K'],-0.015469599515199661,0.19994544982910156,1LFD_A_B,1,split_0,1LFD_A_B_LA10K_173
482,3HFM_HL_Y,['KY97M'],1.0935636758804321,1.293426513671875,3HFM_HL_Y,1,split_0,3HFM_HL_Y_KY97M_908
483,1EMV_A_B,['VA66A'],1.8566750288009644,1.100576400756836,1EMV_A_B,1,split_0,1EMV_A_B_VA66A_196
484,1XGQ_AB_C,['VB33F'],-2.9093847274780273,-2.4037437438964844,1XGQ_AB_C,1,split_0,1XGQ_AB_C_VB33F_1341
485,3VR6_ABCDEF_GH,['LG29N'],0.6750600934028625,0.36971473693847656,3VR6_ABCDEF_GH,1,split_0,3VR6_ABCDEF_GH_LG29N_2027
486,1KTZ_A_B,['IB29A'],1.3702386617660522,0.20349502563476562,1KTZ_A_B,1,split_0,1KTZ_A_B_IB29A_254
487,1A22_A_B,['QB121A'],0.017173724249005318,0.4456825256347656,1A22_A_B,1,split_0,1A22_A_B_QB121A_372
488,1PPF_E_I,['PI14C'],-2.005016565322876,-0.5900249481201172,1PPF_E_I,1,split_0,1PPF_E_I_PI14C_840
489,1FSS_A_B,['MB33Y'],1.395359992980957,0.45771217346191406,1FSS_A_B,1,split_0,1FSS_A_B_MB33Y_1314
490,1PPF_E_I,['EI19T'],1.504980206489563,1.6175479888916016,1PPF_E_I,1,split_0,1PPF_E_I_EI19T_728
491,3S9D_A_B,['QA33A'],0.019426396116614342,0.47753143310546875,3S9D_A_B,1,split_0,3S9D_A_B_QA33A_1635
492,1LFD_A_B,['SA20A'],0.8008137345314026,0.5554084777832031,1LFD_A_B,1,split_0,1LFD_A_B_SA20A_2112
493,1R0R_E_I,"['EI5D', 'AI10V', 'TI12S', 'RI16M', 'NI23S', 'GI27S', 'EI38D']",0.20706579089164734,3.2183609008789062,1R0R_E_I,7,split_0,"1R0R_E_I_EI5D,AI10V,TI12S,RI16M,NI23S,GI27S,EI38D_1121"
494,3N85_A_LH,['WH30R'],-0.5542154908180237,0.6470718383789062,3N85_A_LH,1,split_0,3N85_A_LH_WH30R_1268
495,3F1S_A_B,['MA33A'],1.2389806509017944,0.2720832824707031,3F1S_A_B,1,split_0,3F1S_A_B_MA33A_2044
496,5M2O_A_B,['LB65A'],0.8506515026092529,0.4438819885253906,5M2O_A_B,1,split_0,5M2O_A_B_LB65A_1870
497,3HFM_HL_Y,['YY20A'],4.878217697143555,1.8135223388671875,3HFM_HL_Y,1,split_0,3HFM_HL_Y_YY20A_880
498,1EMV_A_B,['RB54A'],1.6664471626281738,0.9652843475341797,1EMV_A_B,1,split_0,1EMV_A_B_RB54A_147
499,2NYY_DC_A,['TA1035A'],1.6426256895065308,2.0894088745117188,2NYY_DC_A,1,split_0,2NYY_DC_A_TA1035A_1501
500,1A22_A_B,['QB33A'],0.0,0.3353843688964844,1A22_A_B,1,split_0,1A22_A_B_QB33A_355
501,1MHP_HL_A,['FH99Y'],0.7550068497657776,-0.3750724792480469,1MHP_HL_A,1,split_0,1MHP_HL_A_FH99Y_1510
502,3M62_A_B,['LA50A'],2.829263687133789,0.208587646484375,3M62_A_B,1,split_0,3M62_A_B_LA50A_1290
503,1PPF_E_I,['YI20Q'],4.6970696449279785,2.5819664001464844,1PPF_E_I,1,split_0,1PPF_E_I_YI20Q_774
504,2BNR_ABC_DE,['VA67A'],0.3928016424179077,0.6360149383544922,2BNR_ABC_DE,1,split_0,2BNR_ABC_DE_VA67A_1128
505,1R0R_E_I,['LI13H'],0.5696492195129395,2.6239681243896484,1R0R_E_I,1,split_0,1R0R_E_I_LI13H_646
506,1R0R_E_I,['AI10S'],1.7416746616363525,0.20998573303222656,1R0R_E_I,1,split_0,1R0R_E_I_AI10S_671
507,1PPF_E_I,['RI21A'],0.20805256068706512,1.1330680847167969,1PPF_E_I,1,split_0,1PPF_E_I_RI21A_800
508,2C5D_AB_CD,"['KA34E', 'KB34E']",1.9482202529907227,1.4873313903808594,2C5D_AB_CD,2,split_0,"2C5D_AB_CD_KA34E,KB34E_2162"
509,3HFM_HL_Y,['DY101S'],1.7124065160751343,0.8522872924804688,3HFM_HL_Y,1,split_0,3HFM_HL_Y_DY101S_933
510,1PPF_E_I,['KI13Q'],0.2497744858264923,-0.2850151062011719,1PPF_E_I,1,split_0,1PPF_E_I_KI13Q_887
511,3S9D_A_B,['YB32A'],1.30829656124115,0.8518581390380859,3S9D_A_B,1,split_0,3S9D_A_B_YB32A_1752
512,1FSS_A_B,['AB12S'],0.3246430456638336,0.4135551452636719,1FSS_A_B,1,split_0,1FSS_A_B_AB12S_1304
513,3KBH_A_E,['SE54T'],2.4906718730926514,-0.7282752990722656,3KBH_A_E,1,split_0,3KBH_A_E_SE54T_1840
514,4OZG_ABJ_GH,['YH101F'],0.5337899327278137,-0.1539306640625,4OZG_ABJ_GH,1,split_0,4OZG_ABJ_GH_YH101F_1998
515,1R0R_E_I,['GI27N'],1.2821743488311768,1.1693382263183594,1R0R_E_I,1,split_0,1R0R_E_I_GI27N_945
516,1PPF_E_I,['EI19N'],1.2126933336257935,1.280477523803711,1PPF_E_I,1,split_0,1PPF_E_I_EI19N_733
517,1S1Q_A_B,['VA41A'],0.6707527041435242,0.5204753875732422,1S1Q_A_B,1,split_0,1S1Q_A_B_VA41A_224
518,1PPF_E_I,"['EI10D', 'AI15V', 'TI17P', 'EI19D', 'RI21M', 'NI28S', 'GI32S', 'NI45S', 'SI51R']",3.3328986167907715,3.069782257080078,1PPF_E_I,9,split_0,"1PPF_E_I_EI10D,AI15V,TI17P,EI19D,RI21M,NI28S,GI32S,NI45S,SI51R_1181"
519,1A22_A_B,['WB35A'],0.5428582429885864,1.7794036865234375,1A22_A_B,1,split_0,1A22_A_B_WB35A_436
520,3NCC_A_B,['AB188H'],-2.2926394939422607,-1.7935447692871094,3NCC_A_B,1,split_0,3NCC_A_B_AB188H_791
521,1EMV_A_B,['TA42A'],0.304829865694046,1.2625083923339844,1EMV_A_B,1,split_0,1EMV_A_B_TA42A_181
522,1LFD_A_B,['YA18F'],1.0004743337631226,0.21663856506347656,1LFD_A_B,1,split_0,1LFD_A_B_YA18F_2110
523,1PPF_E_I,['TI17Y'],2.4808542728424072,2.7566184997558594,1PPF_E_I,1,split_0,1PPF_E_I_TI17Y_702
524,1E50_A_B,['TA103A'],2.185483932495117,1.3104629516601562,1E50_A_B,1,split_0,1E50_A_B_TA103A_2012
525,1R0R_E_I,"['AI10D', 'LI13A', 'YI15D']",8.94481372833252,6.919303894042969,1R0R_E_I,3,split_0,"1R0R_E_I_AI10D,LI13A,YI15D_1159"
526,1PPF_E_I,"['KI13S', 'PI14D', 'AI15Y', 'LI18G', 'EI19I', 'RI21K']",4.031302452087402,3.190286636352539,1PPF_E_I,6,split_0,"1PPF_E_I_KI13S,PI14D,AI15Y,LI18G,EI19I,RI21K_1883"
527,1MHP_HL_A,['KH64N'],-0.07257538288831711,-0.008251190185546875,1MHP_HL_A,1,split_0,1MHP_HL_A_KH64N_1434
528,1PPF_E_I,"['EI10D', 'AI15V', 'TI17S', 'YI20D', 'RI21M', 'NI28S', 'GI32S', 'EI43D']",7.481286525726318,5.26234245300293,1PPF_E_I,8,split_0,"1PPF_E_I_EI10D,AI15V,TI17S,YI20D,RI21M,NI28S,GI32S,EI43D_1199"
529,2BNR_ABC_DE,['EA63A'],0.33471086621284485,0.37909507751464844,2BNR_ABC_DE,1,split_0,2BNR_ABC_DE_EA63A_1124
530,3S9D_A_B,['HA27A'],0.6389058828353882,0.8340435028076172,3S9D_A_B,1,split_0,3S9D_A_B_HA27A_1708
531,1FSS_A_B,"['TB8V', 'TB9I']",0.4418452978134155,0.5052566528320312,1FSS_A_B,2,split_0,"1FSS_A_B_TB8V,TB9I_1301"
532,1PPF_E_I,['EI19R'],1.4817438125610352,1.6538200378417969,1PPF_E_I,1,split_0,1PPF_E_I_EI19R_739
533,1A22_A_B,['EB34A'],-0.09423819184303284,0.2500648498535156,1A22_A_B,1,split_0,1A22_A_B_EB34A_356
534,1EAW_A_B,['RA48A'],0.5876145362854004,-0.6863594055175781,1EAW_A_B,1,split_0,1EAW_A_B_RA48A_243
535,1KNE_A_P,"['AA3L', 'TP2F']",0.25172290205955505,-1.041360855102539,1KNE_A_P,2,split_0,"1KNE_A_P_AA3L,TP2F_2071"
536,2BNR_ABC_DE,['HA70A'],1.6957166194915771,1.2310543060302734,2BNR_ABC_DE,1,split_0,2BNR_ABC_DE_HA70A_1131
537,1A22_A_B,['TB32A'],0.07762795686721802,0.9549198150634766,1A22_A_B,1,split_0,1A22_A_B_TB32A_471
538,3N85_A_LH,['WH100F'],-0.015191908925771713,0.85687255859375,3N85_A_LH,1,split_0,3N85_A_LH_WH100F_1274
539,1R0R_E_I,"['LI13M', 'GI27D']",2.3932597637176514,1.7869091033935547,1R0R_E_I,2,split_0,"1R0R_E_I_LI13M,GI27D_1166"
540,1A22_A_B,['EB10A'],1.2319692373275757,0.5754928588867188,1A22_A_B,1,split_0,1A22_A_B_EB10A_408
541,1TM1_E_I,['RI46A'],3.756010055541992,2.755563735961914,1TM1_E_I,1,split_0,1TM1_E_I_RI46A_22
542,1EMV_A_B,['EA39A'],2.0840137004852295,2.9822330474853516,1EMV_A_B,1,split_0,1EMV_A_B_EA39A_179
543,3HFM_HL_Y,"['YL50A', 'KY97A']",7.32283878326416,3.375253677368164,3HFM_HL_Y,2,split_0,"3HFM_HL_Y_YL50A,KY97A_894"
544,1A22_A_B,['TB32A'],-0.44104522466659546,0.9549236297607422,1A22_A_B,1,split_0,1A22_A_B_TB32A_445
545,1H9D_A_B,['VB3A'],1.4024070501327515,0.9845123291015625,1H9D_A_B,1,split_0,1H9D_A_B_VB3A_513
546,1R0R_E_I,['GI27C'],1.4199045896530151,2.351064682006836,1R0R_E_I,1,split_0,1R0R_E_I_GI27C_938
547,1KTZ_A_B,['RA64K'],2.2014970779418945,0.09854507446289062,1KTZ_A_B,1,split_0,1KTZ_A_B_RA64K_242
548,1A22_A_B,['WB63A'],4.635371685028076,1.7436771392822266,1A22_A_B,1,split_0,1A22_A_B_WB63A_438
549,1PPF_E_I,"['LI18M', 'TI30S', 'GI32D']",4.176570892333984,2.4895057678222656,1PPF_E_I,3,split_0,"1PPF_E_I_LI18M,TI30S,GI32D_1212"
550,2CCL_A_B,"['AB48S', 'AB49T']",-0.07970309257507324,-0.7855224609375,2CCL_A_B,2,split_0,"2CCL_A_B_AB48S,AB49T_2289"
551,1R0R_E_I,"['TI12K', 'LI13R']",5.259514808654785,5.235300064086914,1R0R_E_I,2,split_0,"1R0R_E_I_TI12K,LI13R_1003"
552,1E50_A_B,['YA55A'],0.883733868598938,1.8839130401611328,1E50_A_B,1,split_0,1E50_A_B_YA55A_2020
553,3SE3_B_A,"['YB43H', 'NB44E', 'SB47Q']",2.4577348232269287,-0.07217979431152344,3SE3_B_A,3,split_0,"3SE3_B_A_YB43H,NB44E,SB47Q_1688"
554,3S9D_A_B,"['EB66A', 'RA115A']",4.6586079597473145,0.9580135345458984,3S9D_A_B,2,split_0,"3S9D_A_B_EB66A,RA115A_1880"
555,1LFD_A_B,['DA45K'],-0.9065632224082947,0.18456077575683594,1LFD_A_B,1,split_0,1LFD_A_B_DA45K_186
556,4OZG_ABJ_GH,['RH95A'],1.7440438270568848,1.0587348937988281,4OZG_ABJ_GH,1,split_0,4OZG_ABJ_GH_RH95A_1995
557,1R0R_E_I,['YI15L'],2.5751163959503174,0.9268112182617188,1R0R_E_I,1,split_0,1R0R_E_I_YI15L_791
558,3HFM_HL_Y,['YH50F'],1.5841330289840698,0.5547504425048828,3HFM_HL_Y,1,split_0,3HFM_HL_Y_YH50F_925
559,3VR6_ABCDEF_GH,"['VD385A', 'VE385A', 'VF388A']",0.6982964873313904,1.6071186065673828,3VR6_ABCDEF_GH,3,split_0,"3VR6_ABCDEF_GH_VD385A,VE385A,VF388A_2034"
560,3SEK_B_C,['LC48E'],4.215529441833496,3.154132843017578,3SEK_B_C,1,split_0,3SEK_B_C_LC48E_1321
561,3SE4_B_C,['KB134R'],-0.9746220707893372,-0.14255905151367188,3SE4_B_C,1,split_0,3SE4_B_C_KB134R_1807
562,1PPF_E_I,['AI15P'],1.9954591989517212,0.9522686004638672,1PPF_E_I,1,split_0,1PPF_E_I_AI15P_652
563,3HFM_HL_Y,['NY19Q'],-0.04250481724739075,0.1688060760498047,3HFM_HL_Y,1,split_0,3HFM_HL_Y_NY19Q_947
564,1LFD_A_B,['YA18F'],1.6315052509307861,0.21663475036621094,1LFD_A_B,1,split_0,1LFD_A_B_YA18F_2127
565,1LFD_A_B,['YA80K'],0.07719918340444565,1.1716079711914062,1LFD_A_B,1,split_0,1LFD_A_B_YA80K_188
566,1LFD_A_B,['EA44A'],-0.4014550745487213,0.056537628173828125,1LFD_A_B,1,split_0,1LFD_A_B_EA44A_159
567,4JFE_ABC_DE,"['AC7I', 'TC9A']",0.10482294857501984,-0.4477062225341797,4JFE_ABC_DE,2,split_0,"4JFE_ABC_DE_AC7I,TC9A_1076"
568,1A22_A_B,"['KA161A', 'FA165A']",3.7808284759521484,4.671573638916016,1A22_A_B,2,split_0,"1A22_A_B_KA161A,FA165A_569"
569,1PPF_E_I,['NI36L'],2.6471633911132812,1.1758346557617188,1PPF_E_I,1,split_0,1PPF_E_I_NI36L_958
570,1A22_A_B,"['RA127D', 'LA128V', 'EA129H']",0.31641823053359985,0.18666458129882812,1A22_A_B,3,split_0,"1A22_A_B_RA127D,LA128V,EA129H_565"
571,2NYY_DC_A,['RA1266A'],0.3016909658908844,0.4931831359863281,2NYY_DC_A,1,split_0,2NYY_DC_A_RA1266A_1503
572,1PPF_E_I,['NI36E'],-1.0183489322662354,1.3714866638183594,1PPF_E_I,1,split_0,1PPF_E_I_NI36E_964
573,1A4Y_A_B,['HB13A'],-0.2966853082180023,1.1436576843261719,1A4Y_A_B,1,split_0,1A4Y_A_B_HB13A_649
574,1A22_A_B,['RB11A'],2.1162474155426025,0.23899459838867188,1A22_A_B,1,split_0,1A22_A_B_RB11A_350
575,2C5D_AB_CD,"['EC30R', 'ED30R']",0.3026396632194519,0.5016441345214844,2C5D_AB_CD,2,split_0,"2C5D_AB_CD_EC30R,ED30R_2167"
576,1LFD_A_B,['EB37A'],1.1507562398910522,0.3748054504394531,1LFD_A_B,1,split_0,1LFD_A_B_EB37A_2137
577,1R0R_E_I,"['EI5D', 'AI10V', 'TI12P', 'EI14D', 'RI16M', 'NI23S', 'GI27S', 'NI40S', 'SI46R']",4.94042444229126,2.8827037811279297,1R0R_E_I,9,split_0,"1R0R_E_I_EI5D,AI10V,TI12P,EI14D,RI16M,NI23S,GI27S,NI40S,SI46R_1114"
578,1MHP_HL_A,['SL23R'],-0.06708604842424393,-1.3534622192382812,1MHP_HL_A,1,split_0,1MHP_HL_A_SL23R_1438
579,3SE3_B_A,"['YB43A', 'NB44A', 'SB47A']",0.4106564223766327,1.1742820739746094,3SE3_B_A,3,split_0,"3SE3_B_A_YB43A,NB44A,SB47A_1750"
580,1R0R_E_I,"['LI13M', 'TI44N', 'KI50T']",-0.8384865522384644,0.16787338256835938,1R0R_E_I,3,split_0,"1R0R_E_I_LI13M,TI44N,KI50T_1142"
581,3SE3_B_A,"['YB43H', 'NB44E', 'SB47Q', 'IB88A']",2.32709002494812,0.08690643310546875,3SE3_B_A,4,split_0,"3SE3_B_A_YB43H,NB44E,SB47Q,IB88A_1741"
582,3S9D_A_B,['EB66A'],2.412388563156128,0.173309326171875,3S9D_A_B,1,split_0,3S9D_A_B_EB66A_1766
583,1R0R_E_I,['PI9D'],-2.5212764739990234,-0.6741466522216797,1R0R_E_I,1,split_0,1R0R_E_I_PI9D_870
584,3SE3_B_A,"['YB43H', 'NB44E', 'SB47Q', 'TB55A']",2.8525915145874023,0.3833465576171875,3SE3_B_A,4,split_0,"3SE3_B_A_YB43H,NB44E,SB47Q,TB55A_1656"
585,1PPF_E_I,"['EI10D', 'AI15V', 'TI17S', 'RI21M', 'NI28S', 'GI32S', 'VI42A', 'EI43D']",1.6139456033706665,2.6685638427734375,1PPF_E_I,8,split_0,"1PPF_E_I_EI10D,AI15V,TI17S,RI21M,NI28S,GI32S,VI42A,EI43D_1188"
586,1R0R_E_I,['TI12V'],0.937170147895813,1.842325210571289,1R0R_E_I,1,split_0,1R0R_E_I_TI12V_712
587,1CT4_E_I,['VI13L'],-3.0342824459075928,-2.825359344482422,1CT4_E_I,1,split_0,1CT4_E_I_VI13L_1016
588,2BNR_ABC_DE,['QA72A'],-0.0962846651673317,-0.3568763732910156,2BNR_ABC_DE,1,split_0,2BNR_ABC_DE_QA72A_1132
589,1C1Y_A_B,['KB30A'],1.312620997428894,2.0520591735839844,1C1Y_A_B,1,split_0,1C1Y_A_B_KB30A_1801
590,1R0R_E_I,['PI9L'],1.1842538118362427,-0.07857513427734375,1R0R_E_I,1,split_0,1R0R_E_I_PI9L_866
591,2JEL_LH_P,['TP7S'],0.0,0.49582862854003906,2JEL_LH_P,1,split_0,2JEL_LH_P_TP7S_210
592,3N06_A_B,['AA14H'],0.1678786277770996,0.00821685791015625,3N06_A_B,1,split_0,3N06_A_B_AA14H_487
593,1A22_A_B,['RB172A'],0.274082213640213,0.12291145324707031,1A22_A_B,1,split_0,1A22_A_B_RB172A_378
594,3SEK_B_C,['LC44E'],4.455748081207275,4.252229690551758,3SEK_B_C,1,split_0,3SEK_B_C_LC44E_1319
595,5E9D_AB_CDE,['TD90Q'],-0.5739302635192871,0.06451606750488281,5E9D_AB_CDE,1,split_0,5E9D_AB_CDE_TD90Q_1044
596,3SE3_B_A,"['YB43H', 'NB44E', 'SB47Q', 'YB75A']",3.1270294189453125,0.8064308166503906,3SE3_B_A,4,split_0,"3SE3_B_A_YB43H,NB44E,SB47Q,YB75A_1665"
597,3S9D_A_B,['SA54A'],0.0,-0.029621124267578125,3S9D_A_B,1,split_0,3S9D_A_B_SA54A_1673
598,3S9D_A_B,['RA26A'],6.2779974937438965,0.7255191802978516,3S9D_A_B,1,split_0,3S9D_A_B_RA26A_1706
599,1MHP_HL_A,['NL29Y'],1.9084217548370361,-0.1369915008544922,1MHP_HL_A,1,split_0,1MHP_HL_A_NL29Y_1467
600,2BNR_ABC_DE,['VA152A'],0.9033095836639404,0.3146018981933594,2BNR_ABC_DE,1,split_0,2BNR_ABC_DE_VA152A_1142
601,4RS1_A_B,['EA25K'],2.1401376724243164,-0.10421562194824219,4RS1_A_B,1,split_0,4RS1_A_B_EA25K_2221
602,1EMV_A_B,['TA25A'],0.7284601926803589,0.6001434326171875,1EMV_A_B,1,split_0,1EMV_A_B_TA25A_167
603,4I77_HL_Z,['WH52A'],2.9105122089385986,2.3277435302734375,4I77_HL_Z,1,split_0,4I77_HL_Z_WH52A_1398
604,1R0R_E_I,['RI16I'],0.20706579089164734,0.7733650207519531,1R0R_E_I,1,split_0,1R0R_E_I_RI16I_830
605,1A22_A_B,['FB55S'],0.050096191465854645,1.2824115753173828,1A22_A_B,1,split_0,1A22_A_B_FB55S_384
606,1LFD_A_B,"['DA38K', 'DA43K', 'EA44K']",-1.5574382543563843,-0.19814109802246094,1LFD_A_B,3,split_0,"1LFD_A_B_DA38K,DA43K,EA44K_194"
607,1R0R_E_I,['EI14A'],2.0894362926483154,1.4580364227294922,1R0R_E_I,1,split_0,1R0R_E_I_EI14A_747
608,1R0R_E_I,['GI27V'],1.98118257522583,1.6039161682128906,1R0R_E_I,1,split_0,1R0R_E_I_GI27V_1183
609,1R0R_E_I,['PI9R'],1.10240638256073,0.19868850708007812,1R0R_E_I,1,split_0,1R0R_E_I_PI9R_876
610,1A22_A_B,['PA61A'],1.2093250751495361,0.2050647735595703,1A22_A_B,1,split_0,1A22_A_B_PA61A_332
611,1PPF_E_I,['YI20R'],4.372321128845215,2.2378311157226562,1PPF_E_I,1,split_0,1PPF_E_I_YI20R_778
612,1A22_A_B,['LA6A'],0.6391429305076599,1.21466064453125,1A22_A_B,1,split_0,1A22_A_B_LA6A_501
613,3S9D_A_B,['FA20A'],0.5186731815338135,0.4866485595703125,3S9D_A_B,1,split_0,3S9D_A_B_FA20A_1589
614,1MHP_HL_A,"['LH60D', 'KH64E']",-0.14186398684978485,-0.16730690002441406,1MHP_HL_A,2,split_0,"1MHP_HL_A_LH60D,KH64E_1446"
615,1IAR_A_B,['NA15D'],-0.07806696742773056,-0.13680458068847656,1IAR_A_B,1,split_0,1IAR_A_B_NA15D_44
616,3N06_A_B,['AA14H'],0.09132687747478485,0.00821685791015625,3N06_A_B,1,split_0,3N06_A_B_AA14H_483
617,1R0R_E_I,['NI31G'],0.28546592593193054,-0.33017730712890625,1R0R_E_I,1,split_0,1R0R_E_I_NI31G_974
618,1EAW_A_B,['NA90A'],0.3080978989601135,0.5770931243896484,1EAW_A_B,1,split_0,1EAW_A_B_NA90A_249
619,2JEL_LH_P,['TP34N'],6.820855617523193,0.4027061462402344,2JEL_LH_P,1,split_0,2JEL_LH_P_TP34N_217
620,1LFD_A_B,['KA39A'],1.1793076992034912,1.2509689331054688,1LFD_A_B,1,split_0,1LFD_A_B_KA39A_180
621,1JTD_A_B,['DB129A'],0.9608744382858276,0.8366546630859375,1JTD_A_B,1,split_0,1JTD_A_B_DB129A_2270
622,3HFM_HL_Y,['NL31E'],5.709924697875977,0.6270027160644531,3HFM_HL_Y,1,split_0,3HFM_HL_Y_NL31E_886
623,1PPF_E_I,['AI15V'],0.20805256068706512,-0.2788543701171875,1PPF_E_I,1,split_0,1PPF_E_I_AI15V_650
624,1R0R_E_I,['AI10T'],1.2681235074996948,-0.062122344970703125,1R0R_E_I,1,split_0,1R0R_E_I_AI10T_674
625,1R0R_E_I,['LI13A'],0.31460878252983093,4.1627197265625,1R0R_E_I,1,split_0,1R0R_E_I_LI13A_633
626,3S9D_A_B,['TA72A'],0.17043781280517578,0.16892051696777344,3S9D_A_B,1,split_0,3S9D_A_B_TA72A_1681
627,4NM8_ABCDEF_HL,['QB34R'],2.9276857376098633,-0.038898468017578125,4NM8_ABCDEF_HL,1,split_0,4NM8_ABCDEF_HL_QB34R_1618
628,3SE3_B_A,"['YB43H', 'NB44E', 'SB47Q', 'SB54A']",2.6049611568450928,0.04427528381347656,3SE3_B_A,4,split_0,"3SE3_B_A_YB43H,NB44E,SB47Q,SB54A_1728"
629,1KNE_A_P,['AA3T'],-0.3767928183078766,-0.3760948181152344,1KNE_A_P,1,split_0,1KNE_A_P_AA3T_2073
630,3BTW_E_I,['WI13K'],-8.664118766784668,-7.758001327514648,3BTW_E_I,1,split_0,3BTW_E_I_WI13K_994
631,3S9D_A_B,"['IB34A', 'LA124A']",3.561387062072754,1.1808242797851562,3S9D_A_B,2,split_0,"3S9D_A_B_IB34A,LA124A_1831"
632,1R0R_E_I,"['KI8T', 'PI9E', 'AI10Y', 'LI13G', 'RI16M', 'GI27P', 'NI31V']",2.416813850402832,2.9179534912109375,1R0R_E_I,7,split_0,"1R0R_E_I_KI8T,PI9E,AI10Y,LI13G,RI16M,GI27P,NI31V_1423"
633,3M62_A_B,['GA102A'],1.2648917436599731,-0.24115562438964844,3M62_A_B,1,split_0,3M62_A_B_GA102A_1294
634,1KNE_A_P,"['DA40I', 'TP2F']",1.0953950881958008,-0.1884174346923828,1KNE_A_P,2,split_0,"1KNE_A_P_DA40I,TP2F_2086"
635,3M62_A_B,['QB50A'],1.0544360876083374,0.6044826507568359,3M62_A_B,1,split_0,3M62_A_B_QB50A_1302
636,1R0R_E_I,['NI31Q'],-0.27443793416023254,0.3059043884277344,1R0R_E_I,1,split_0,1R0R_E_I_NI31Q_986
637,3SE3_B_A,"['YB43H', 'NB44E', 'SB47Q', 'NB79A']",2.8856005668640137,0.15924835205078125,3SE3_B_A,4,split_0,"3SE3_B_A_YB43H,NB44E,SB47Q,NB79A_1739"
638,1A22_A_B,['WB39A'],0.166723370552063,0.9172763824462891,1A22_A_B,1,split_0,1A22_A_B_WB39A_437
639,4I77_HL_Z,['YL32F'],0.0,-0.05944633483886719,4I77_HL_Z,1,split_0,4I77_HL_Z_YL32F_1387
640,3AAA_AB_C,['KA248A'],2.488123655319214,0.9475727081298828,3AAA_AB_C,1,split_0,3AAA_AB_C_KA248A_1232
641,1A4Y_A_B,['KA320A'],-0.30999940633773804,1.3053112030029297,1A4Y_A_B,1,split_0,1A4Y_A_B_KA320A_638
642,1KTZ_A_B,['IB26A'],1.8964810371398926,0.6697425842285156,1KTZ_A_B,1,split_0,1KTZ_A_B_IB26A_250
643,1IAR_A_B,['RA85E'],1.2246094942092896,0.19399642944335938,1IAR_A_B,1,split_0,1IAR_A_B_RA85E_61
644,2G2U_A_B,"['EB73M', 'FB142W', 'YB143F']",-1.1080924272537231,-0.08603096008300781,2G2U_A_B,3,split_0,"2G2U_A_B_EB73M,FB142W,YB143F_396"
645,1PPF_E_I,['KI13F'],0.9628335237503052,-0.03140449523925781,1PPF_E_I,1,split_0,1PPF_E_I_KI13F_890
646,1A22_A_B,['PB9A'],0.259645015001297,-0.1065216064453125,1A22_A_B,1,split_0,1A22_A_B_PB9A_441
647,3HFM_HL_Y,['RY21Q'],2.555265426635742,0.2871818542480469,3HFM_HL_Y,1,split_0,3HFM_HL_Y_RY21Q_954
648,2JEL_LH_P,['RP17K'],0.0,0.07309341430664062,2JEL_LH_P,1,split_0,2JEL_LH_P_RP17K_214
649,1PPF_E_I,['GI32A'],0.23538224399089813,0.2156085968017578,1PPF_E_I,1,split_0,1PPF_E_I_GI32A_913
650,1R0R_E_I,"['LI13M', 'HI47R', 'KI50E']",-0.9173604846000671,-0.28044891357421875,1R0R_E_I,3,split_0,"1R0R_E_I_LI13M,HI47R,KI50E_1162"
651,3S9D_A_B,"['MB35V', 'AA116G']",5.300297737121582,-0.014604568481445312,3S9D_A_B,2,split_0,"3S9D_A_B_MB35V,AA116G_1873"
652,3S9D_A_B,['AA116G'],2.161298990249634,-0.12424087524414062,3S9D_A_B,1,split_0,3S9D_A_B_AA116G_1864
653,1EMV_A_B,['SB77A'],-0.2329934984445572,0.17426681518554688,1EMV_A_B,1,split_0,1EMV_A_B_SB77A_151
654,1PPF_E_I,['LI18T'],0.9154713153839111,3.538970947265625,1PPF_E_I,1,split_0,1PPF_E_I_LI18T_614
655,1MHP_HL_A,"['SL90R', 'NL29E']",2.728342294692993,0.8839797973632812,1MHP_HL_A,2,split_0,"1MHP_HL_A_SL90R,NL29E_1474"
656,1SGN_E_I,['NI13L'],-3.3998169898986816,-3.5528793334960938,1SGN_E_I,1,split_0,1SGN_E_I_NI13L_996
657,1IAR_A_B,['QA78A'],0.1248420923948288,0.1386871337890625,1IAR_A_B,1,split_0,1IAR_A_B_QA78A_52
658,1PPF_E_I,['EI19G'],2.120649576187134,2.3410778045654297,1PPF_E_I,1,split_0,1PPF_E_I_EI19G_723
659,1R0R_E_I,['EI14V'],0.0947713777422905,1.1011962890625,1R0R_E_I,1,split_0,1R0R_E_I_EI14V_750
660,2NYY_DC_A,['NA890A'],0.8968583345413208,1.4638538360595703,2NYY_DC_A,1,split_0,2NYY_DC_A_NA890A_1489
661,1EAW_A_B,['IA45A'],-0.19435805082321167,0.7309532165527344,1EAW_A_B,1,split_0,1EAW_A_B_IA45A_240
662,1A22_A_B,['RB11A'],2.1780316829681396,0.23900794982910156,1A22_A_B,1,split_0,1A22_A_B_RB11A_468
663,2G2U_A_B,['SB71A'],-0.5122073292732239,0.4191436767578125,2G2U_A_B,1,split_0,2G2U_A_B_SB71A_378
664,2G2U_A_B,"['EB73M', 'KB74A', 'FB142A']",1.4830588102340698,2.4005775451660156,2G2U_A_B,3,split_0,"2G2U_A_B_EB73M,KB74A,FB142A_411"
665,3S9D_A_B,['IB90A'],1.7124065160751343,0.6240158081054688,3S9D_A_B,1,split_0,3S9D_A_B_IB90A_1858
666,3H9S_ABC_DE,['AA150P'],0.16316837072372437,1.2074222564697266,3H9S_ABC_DE,1,split_0,3H9S_ABC_DE_AA150P_1237
667,1LFD_A_B,['NA41K'],-1.1683279275894165,-0.3730792999267578,1LFD_A_B,1,split_0,1LFD_A_B_NA41K_181
668,1PPF_E_I,['EI19A'],1.2032891511917114,1.4050445556640625,1PPF_E_I,1,split_0,1PPF_E_I_EI19A_724
669,3S9D_A_B,"['IB90A', 'RA115A']",3.525470018386841,0.8366050720214844,3S9D_A_B,2,split_0,"3S9D_A_B_IB90A,RA115A_1842"
670,1KNE_A_P,"['AA3T', 'TP2K']",-0.3143717646598816,-1.0870952606201172,1KNE_A_P,2,split_0,"1KNE_A_P_AA3T,TP2K_2074"
671,3S9D_A_B,"['IB34A', 'RA115A']",4.271187782287598,0.9071331024169922,3S9D_A_B,2,split_0,"3S9D_A_B_IB34A,RA115A_1826"
672,1KNE_A_P,['TP2K'],-0.3143717646598816,-0.900115966796875,1KNE_A_P,1,split_0,1KNE_A_P_TP2K_2054
673,1R0R_E_I,"['EI5D', 'AI10V', 'YI15D', 'RI16M', 'KI24I', 'GI27H', 'NI31Y', 'VI37A', 'EI38H', 'LI45F']",5.68878698348999,3.353229522705078,1R0R_E_I,10,split_0,"1R0R_E_I_EI5D,AI10V,YI15D,RI16M,KI24I,GI27H,NI31Y,VI37A,EI38H,LI45F_1174"
674,3HFM_HL_Y,['WH98A'],5.513151168823242,4.028266906738281,3HFM_HL_Y,1,split_0,3HFM_HL_Y_WH98A_900
675,1PPF_E_I,['EI19F'],1.3641711473464966,1.7883491516113281,1PPF_E_I,1,split_0,1PPF_E_I_EI19F_738
676,1MHP_HL_A,['GH100M'],0.10217975825071335,-0.22034072875976562,1MHP_HL_A,1,split_0,1MHP_HL_A_GH100M_1437
677,1A22_A_B,['LA9A'],-0.03591717779636383,0.7837371826171875,1A22_A_B,1,split_0,1A22_A_B_LA9A_504
678,1R0R_E_I,['KI8E'],-0.11043988913297653,0.3434295654296875,1R0R_E_I,1,split_0,1R0R_E_I_KI8E_911
679,3NCB_A_B,['AA167H'],-2.455331325531006,-1.2140274047851562,3NCB_A_B,1,split_0,3NCB_A_B_AA167H_782
680,4OFY_A_D,['QA85A'],1.7332348823547363,0.3284568786621094,4OFY_A_D,1,split_0,4OFY_A_D_QA85A_1978
681,4I77_HL_Z,['YH103A'],2.5998315811157227,1.438873291015625,4I77_HL_Z,1,split_0,4I77_HL_Z_YH103A_1395
682,1R0R_E_I,['PI9S'],0.13621847331523895,-0.03872489929199219,1R0R_E_I,1,split_0,1R0R_E_I_PI9S_862
683,3S9D_A_B,"['TB33A', 'SA123A']",3.063263416290283,0.8412895202636719,3S9D_A_B,2,split_0,"3S9D_A_B_TB33A,SA123A_1824"
684,1A22_A_B,['CA171A'],1.019410490989685,-0.024728775024414062,1A22_A_B,1,split_0,1A22_A_B_CA171A_539
685,1A22_A_B,"['DB78A', 'EB79A', 'KB80A']",0.20982979238033295,1.4128875732421875,1A22_A_B,3,split_0,"1A22_A_B_DB78A,EB79A,KB80A_402"
686,4I77_HL_Z,['YH100A'],0.0,2.0186500549316406,4I77_HL_Z,1,split_0,4I77_HL_Z_YH100A_1391
687,3S9D_A_B,['KA105A'],0.19509665668010712,0.28072357177734375,3S9D_A_B,1,split_0,3S9D_A_B_KA105A_1716
688,3S9D_A_B,['RA96A'],0.2833712100982666,0.5135269165039062,3S9D_A_B,1,split_0,3S9D_A_B_RA96A_1712
689,1R0R_E_I,"['EI5D', 'KI8R', 'AI10D', 'RI16M', 'EI38D']",5.7712931632995605,0.113800048828125,1R0R_E_I,5,split_0,"1R0R_E_I_EI5D,KI8R,AI10D,RI16M,EI38D_1127"
690,1A22_A_B,"['EB138A', 'KB140A', 'KB142A', 'DB145A']",0.1202327087521553,1.0585479736328125,1A22_A_B,4,split_0,"1A22_A_B_EB138A,KB140A,KB142A,DB145A_405"
691,3SE3_B_A,"['YB43H', 'NB44A', 'SB47Q']",1.5067094564437866,0.3133049011230469,3SE3_B_A,3,split_0,"3SE3_B_A_YB43H,NB44A,SB47Q_1748"
692,5CYK_A_B,['EB52R'],-2.6803719997406006,-2.3245887756347656,5CYK_A_B,1,split_0,5CYK_A_B_EB52R_2200
693,3M62_A_B,['RA98A'],0.7886925935745239,-0.3896312713623047,3M62_A_B,1,split_0,3M62_A_B_RA98A_1293
694,1A4Y_A_B,['EA344A'],0.178609699010849,1.1081981658935547,1A4Y_A_B,1,split_0,1A4Y_A_B_EA344A_639
695,1A22_A_B,['KA161A'],1.5432579517364502,2.521944046020508,1A22_A_B,1,split_0,1A22_A_B_KA161A_531
696,3QIB_ABP_CD,['AB71G'],2.204041004180908,-0.1943817138671875,3QIB_ABP_CD,1,split_0,3QIB_ABP_CD_AB71G_1916
697,1R0R_E_I,['EI14L'],0.5696492195129395,1.4467220306396484,1R0R_E_I,1,split_0,1R0R_E_I_EI14L_753
698,1A22_A_B,['DB85A'],0.9824205040931702,0.09929656982421875,1A22_A_B,1,split_0,1A22_A_B_DB85A_419
699,3AAA_AB_C,['KA248E'],3.4500420093536377,0.6746597290039062,3AAA_AB_C,1,split_0,3AAA_AB_C_KA248E_1233
700,3HFM_HL_Y,['WY63A'],0.31932955980300903,1.5077781677246094,3HFM_HL_Y,1,split_0,3HFM_HL_Y_WY63A_980
701,3HFM_HL_Y,['RY21E'],2.6155667304992676,0.4576911926269531,3HFM_HL_Y,1,split_0,3HFM_HL_Y_RY21E_953
702,1R0R_E_I,['NI31K'],1.1476536989212036,0.9399223327636719,1R0R_E_I,1,split_0,1R0R_E_I_NI31K_985
703,1FSS_A_B,['MB33Q'],1.5725946426391602,1.4968109130859375,1FSS_A_B,1,split_0,1FSS_A_B_MB33Q_1313
704,1R0R_E_I,['KI8T'],0.8897486925125122,-0.38152122497558594,1R0R_E_I,1,split_0,1R0R_E_I_KI8T_903
705,1R0R_E_I,['NI31C'],0.5696492195129395,0.07967948913574219,1R0R_E_I,1,split_0,1R0R_E_I_NI31C_977
706,1PPF_E_I,['KI13L'],0.401555597782135,-0.2596435546875,1PPF_E_I,1,split_0,1PPF_E_I_KI13L_882
707,1TM1_E_I,"['RI48A', 'RI46A']",5.0519232749938965,5.621368408203125,1TM1_E_I,2,split_0,"1TM1_E_I_RI48A,RI46A_7"
708,1R0R_E_I,['GI27M'],2.1565780639648438,2.0757408142089844,1R0R_E_I,1,split_0,1R0R_E_I_GI27M_944
709,1PPF_E_I,['AI15M'],-0.40133756399154663,-0.34952545166015625,1PPF_E_I,1,split_0,1PPF_E_I_AI15M_655
710,1A4Y_A_B,['IA459A'],0.6794324517250061,0.39935302734375,1A4Y_A_B,1,split_0,1A4Y_A_B_IA459A_630
711,1A22_A_B,['DB91A'],1.0857164859771729,0.5758953094482422,1A22_A_B,1,split_0,1A22_A_B_DB91A_421
712,1PPF_E_I,['GI32N'],1.6139456033706665,0.9418354034423828,1PPF_E_I,1,split_0,1PPF_E_I_GI32N_922
713,1R0R_E_I,['GI27P'],1.0800471305847168,0.543365478515625,1R0R_E_I,1,split_0,1R0R_E_I_GI27P_941
714,3HFM_HL_Y,['RY21A'],0.8213128447532654,0.5513687133789062,3HFM_HL_Y,1,split_0,3HFM_HL_Y_RY21A_951
715,2NYY_DC_A,"['VD36I', 'ED5Q']",-0.04939959943294525,-0.15747451782226562,2NYY_DC_A,2,split_0,"2NYY_DC_A_VD36I,ED5Q_1515"
716,3SE4_B_A,['NA227A'],0.0,0.12108230590820312,3SE4_B_A,1,split_0,3SE4_B_A_NA227A_1995
717,3SE3_B_A,"['YB43H', 'NB44E', 'SB47Q', 'KB69A']",2.3057167530059814,-0.09025764465332031,3SE3_B_A,4,split_0,"3SE3_B_A_YB43H,NB44E,SB47Q,KB69A_1662"
718,1R0R_E_I,"['LI13M', 'SI46N']",-0.49729984998703003,0.12567901611328125,1R0R_E_I,2,split_0,"1R0R_E_I_LI13M,SI46N_1163"
719,3S9D_A_B,['RA91K'],0.030783649533987045,0.0458221435546875,3S9D_A_B,1,split_0,3S9D_A_B_RA91K_1710
720,1PPF_E_I,['LI18A'],0.9628335237503052,3.761871337890625,1PPF_E_I,1,split_0,1PPF_E_I_LI18A_1242
721,2G2U_A_B,['YB53A'],2.3017444610595703,2.2076759338378906,2G2U_A_B,1,split_0,2G2U_A_B_YB53A_377
722,1LFD_A_B,['DB33A'],1.1007846593856812,1.1738204956054688,1LFD_A_B,1,split_0,1LFD_A_B_DB33A_2119
723,1XGQ_AB_C,['VB33I'],-1.108123779296875,-1.143167495727539,1XGQ_AB_C,1,split_0,1XGQ_AB_C_VB33I_1343
724,1JTD_A_B,['EA78A'],0.8407392501831055,0.6674270629882812,1JTD_A_B,1,split_0,1JTD_A_B_EA78A_1944
725,1R0R_E_I,['KI8C'],-0.6156694889068604,0.5687465667724609,1R0R_E_I,1,split_0,1R0R_E_I_KI8C_901
726,1LFD_A_B,['RA7A'],1.5992153882980347,2.2992820739746094,1LFD_A_B,1,split_0,1LFD_A_B_RA7A_146
727,1EMV_A_B,['PA45A'],0.4374687671661377,1.1233482360839844,1EMV_A_B,1,split_0,1EMV_A_B_PA45A_184
728,3HFM_HL_Y,"['NL31A', 'KY96A']",7.471730709075928,4.711921691894531,3HFM_HL_Y,2,split_0,"3HFM_HL_Y_NL31A,KY96A_884"
729,1PPF_E_I,"['EI10D', 'AI15V', 'EI19D', 'RI21M', 'KI29T', 'GI32S', 'EI43D', 'LI48I']",1.917059063911438,2.523571014404297,1PPF_E_I,8,split_0,"1PPF_E_I_EI10D,AI15V,EI19D,RI21M,KI29T,GI32S,EI43D,LI48I_1229"
730,1A22_A_B,"['DA11A', 'MA14V', 'HA18Q', 'RA19H', 'FA25A', 'QA29K', 'EA33R']",0.7471597194671631,4.031009674072266,1A22_A_B,7,split_0,"1A22_A_B_DA11A,MA14V,HA18Q,RA19H,FA25A,QA29K,EA33R_552"
731,1R0R_E_I,"['LI13M', 'SI46N', 'HI47R', 'KI50Q']",-0.6389058828353882,-0.03522300720214844,1R0R_E_I,4,split_0,"1R0R_E_I_LI13M,SI46N,HI47R,KI50Q_1160"
732,3F1S_A_B,['KA201C'],-1.5861589908599854,0.10196304321289062,3F1S_A_B,1,split_0,3F1S_A_B_KA201C_2053
733,3S9D_A_B,['SB63A'],0.3143717646598816,0.24547195434570312,3S9D_A_B,1,split_0,3S9D_A_B_SB63A_1613
734,3M62_A_B,['EA32A'],0.8297165632247925,0.8525848388671875,3M62_A_B,1,split_0,3M62_A_B_EA32A_1288
735,3SE4_B_C,['IC95A'],1.2093250751495361,0.7754535675048828,3SE4_B_C,1,split_0,3SE4_B_C_IC95A_1783
736,4I77_HL_Z,['DH54A'],2.124706268310547,0.9588031768798828,4I77_HL_Z,1,split_0,4I77_HL_Z_DH54A_1384
737,3S9D_A_B,"['AA43H', 'AA44E', 'AA47Q']",-0.01742631383240223,-0.32598876953125,3S9D_A_B,3,split_0,"3S9D_A_B_AA43H,AA44E,AA47Q_1686"
738,2BNR_ABC_DE,['HA151A'],0.5331518650054932,0.5046520233154297,2BNR_ABC_DE,1,split_0,2BNR_ABC_DE_HA151A_1141
739,4I77_HL_Z,['YH101F'],0.0,-0.12762069702148438,4I77_HL_Z,1,split_0,4I77_HL_Z_YH101F_1392
740,1PPF_E_I,['TI17I'],1.4817438125610352,1.8770980834960938,1PPF_E_I,1,split_0,1PPF_E_I_TI17I_692
741,1MHP_HL_A,['SL27Q'],-0.857230007648468,-0.3310356140136719,1MHP_HL_A,1,split_0,1MHP_HL_A_SL27Q_1466
742,3M62_A_B,['SB45A'],1.278739333152771,0.2374553680419922,3M62_A_B,1,split_0,3M62_A_B_SB45A_1300
743,3SE3_B_A,"['YB43A', 'NB44A', 'SB47A']",0.7697627544403076,1.1742839813232422,3SE3_B_A,3,split_0,"3SE3_B_A_YB43A,NB44A,SB47A_1690"
744,1PPF_E_I,['LI18E'],7.070630073547363,5.8707275390625,1PPF_E_I,1,split_0,1PPF_E_I_LI18E_1243
745,1R0R_E_I,['LI13T'],0.15976271033287048,3.576862335205078,1R0R_E_I,1,split_0,1R0R_E_I_LI13T_637
746,1EMV_A_B,['VA35A'],1.6646124124526978,1.533731460571289,1EMV_A_B,1,split_0,1EMV_A_B_VA35A_177
747,1JTD_A_B,['NA74A'],0.8012278079986572,0.19814300537109375,1JTD_A_B,1,split_0,1JTD_A_B_NA74A_1942
748,3NCB_A_B,['AA167H'],-0.26777946949005127,-1.2140274047851562,3NCB_A_B,1,split_0,3NCB_A_B_AA167H_775
749,3S9D_A_B,"['TB33A', 'MA119A']",4.463984966278076,0.882049560546875,3S9D_A_B,2,split_0,"3S9D_A_B_TB33A,MA119A_1822"
750,1A4Y_A_B,['RA457A'],-0.22398602962493896,0.3590583801269531,1A4Y_A_B,1,split_0,1A4Y_A_B_RA457A_629
751,3QIB_ABP_CD,['TP11N'],1.223834753036499,0.6145820617675781,3QIB_ABP_CD,1,split_0,3QIB_ABP_CD_TP11N_1927
752,4RS1_A_B,['QA79A'],0.4699510633945465,0.3575096130371094,4RS1_A_B,1,split_0,4RS1_A_B_QA79A_2224
753,5M2O_A_B,['KB32A'],1.0636261701583862,0.5616989135742188,5M2O_A_B,1,split_0,5M2O_A_B_KB32A_1868
754,4I77_HL_Z,['YH101A'],0.9415455460548401,1.0706844329833984,4I77_HL_Z,1,split_0,4I77_HL_Z_YH101A_1381
755,4YFD_A_B,['RA48A'],0.28495320677757263,0.8972034454345703,4YFD_A_B,1,split_0,4YFD_A_B_RA48A_2076
756,1R0R_E_I,['NI31Y'],0.182406947016716,0.6390933990478516,1R0R_E_I,1,split_0,1R0R_E_I_NI31Y_991
757,1R0R_E_I,['GI27L'],2.4107375144958496,2.0842227935791016,1R0R_E_I,1,split_0,1R0R_E_I_GI27L_942
758,1R0R_E_I,['GI27T'],1.6787798404693604,2.361255645751953,1R0R_E_I,1,split_0,1R0R_E_I_GI27T_940
759,4PWX_AB_CD,['DA250A'],1.1433788537979126,1.0532512664794922,4PWX_AB_CD,1,split_0,4PWX_AB_CD_DA250A_2040
760,2NYY_DC_A,['QA887A'],0.5245682597160339,0.05524253845214844,2NYY_DC_A,1,split_0,2NYY_DC_A_QA887A_1487
761,2A9K_A_B,['GB55D'],2.317685842514038,-0.6183032989501953,2A9K_A_B,1,split_0,2A9K_A_B_GB55D_131
762,3HFM_HL_Y,['DY101Q'],1.9302657842636108,0.3125,3HFM_HL_Y,1,split_0,3HFM_HL_Y_DY101Q_934
763,3SE3_B_A,"['YB43H', 'NB44E', 'SB47Q', 'QB48A']",2.5499517917633057,0.10493087768554688,3SE3_B_A,4,split_0,"3SE3_B_A_YB43H,NB44E,SB47Q,QB48A_1725"
764,1A22_A_B,['IB120A'],2.1307570934295654,-0.020780563354492188,1A22_A_B,1,split_0,1A22_A_B_IB120A_371
765,1PPF_E_I,['YI20I'],3.931631326675415,2.371957778930664,1PPF_E_I,1,split_0,1PPF_E_I_YI20I_769
766,3N06_A_B,['AA14H'],-0.1230163499712944,0.008211135864257812,3N06_A_B,1,split_0,3N06_A_B_AA14H_490
767,5M2O_A_B,"['EA80A', 'HA117A']",2.5299770832061768,0.9138851165771484,5M2O_A_B,2,split_0,"5M2O_A_B_EA80A,HA117A_1883"
768,1LFD_A_B,['DA38A'],-0.6010016798973083,-0.36180877685546875,1LFD_A_B,1,split_0,1LFD_A_B_DA38A_153
769,1PPF_E_I,"['EI10D', 'AI15V', 'TI17S', 'RI21M', 'VI42A', 'EI43D']",1.2265255451202393,2.177021026611328,1PPF_E_I,6,split_0,"1PPF_E_I_EI10D,AI15V,TI17S,RI21M,VI42A,EI43D_1225"
770,1MHP_HL_A,['GH54Y'],0.0,-1.1405029296875,1MHP_HL_A,1,split_0,1MHP_HL_A_GH54Y_1508
771,1LFD_A_B,['NA14K'],0.39763498306274414,-0.08286666870117188,1LFD_A_B,1,split_0,1LFD_A_B_NA14K_149
772,1PPF_E_I,['PI14L'],-2.9233665466308594,-0.09109306335449219,1PPF_E_I,1,split_0,1PPF_E_I_PI14L_843
773,1A22_A_B,['EA56A'],0.8384865522384644,-0.07445907592773438,1A22_A_B,1,split_0,1A22_A_B_EA56A_514
774,4HRN_A_D,['VD44A'],2.811924457550049,0.2492237091064453,4HRN_A_D,1,split_0,4HRN_A_D_VD44A_1564
775,2G2U_A_B,['EB31A'],0.6508750319480896,0.9056396484375,2G2U_A_B,1,split_0,2G2U_A_B_EB31A_369
776,1MHP_HL_A,['WL89Q'],2.0767698287963867,0.9866714477539062,1MHP_HL_A,1,split_0,1MHP_HL_A_WL89Q_1489
777,1R0R_E_I,['YI15E'],4.618197917938232,3.081209182739258,1R0R_E_I,1,split_0,1R0R_E_I_YI15E_798
778,3VR6_ABCDEF_GH,"['RA476A', 'RB481A', 'RC471A', 'RG134A', 'RG135A']",1.3179826736450195,0.6981487274169922,3VR6_ABCDEF_GH,5,split_0,"3VR6_ABCDEF_GH_RA476A,RB481A,RC471A,RG134A,RG135A_2036"
779,2JEL_LH_P,['EP75R'],2.728342294692993,-0.02478790283203125,2JEL_LH_P,1,split_0,2JEL_LH_P_EP75R_236
780,1LFD_A_B,"['HA40A', 'DB33A']",2.201554298400879,1.9439201354980469,1LFD_A_B,2,split_0,"1LFD_A_B_HA40A,DB33A_2148"
781,1R0R_E_I,['AI10V'],-0.9866675138473511,-0.8229179382324219,1R0R_E_I,1,split_0,1R0R_E_I_AI10V_1189
782,3S9D_A_B,"['MB35V', 'RA120A']",6.066684722900391,1.2539691925048828,3S9D_A_B,2,split_0,"3S9D_A_B_MB35V,RA120A_1875"
783,1LFD_A_B,"['NA14A', 'EB37A']",1.919624924659729,0.4953937530517578,1LFD_A_B,2,split_0,"1LFD_A_B_NA14A,EB37A_2161"
784,1R0R_E_I,['YI15V'],3.5100741386413574,3.2539138793945312,1R0R_E_I,1,split_0,1R0R_E_I_YI15V_788
785,4I77_HL_Z,['YL32A'],1.567731499671936,0.5018901824951172,4I77_HL_Z,1,split_0,4I77_HL_Z_YL32A_1400
786,1B2U_A_D,['AD36D'],-4.168248653411865,-4.002250671386719,1B2U_A_D,1,split_0,1B2U_A_D_AD36D_15
787,2G2U_A_B,['GB141A'],-0.4138105809688568,0.916168212890625,2G2U_A_B,1,split_0,2G2U_A_B_GB141A_383
788,3BX1_A_C,['RC85G'],0.3555048108100891,0.9488067626953125,3BX1_A_C,1,split_0,3BX1_A_C_RC85G_1556
789,1JTD_A_B,['FB171A'],2.2007148265838623,2.0535316467285156,1JTD_A_B,1,split_0,1JTD_A_B_FB171A_2276
790,3S9D_A_B,['RA5A'],0.6218704581260681,0.8610172271728516,3S9D_A_B,1,split_0,3S9D_A_B_RA5A_1692
791,1PPF_E_I,"['EI10D', 'LI18V', 'RI21M', 'GI32D', 'EI43D']",1.4026328325271606,5.9173126220703125,1PPF_E_I,5,split_0,"1PPF_E_I_EI10D,LI18V,RI21M,GI32D,EI43D_1194"
792,1MAH_A_F,"['YA121Q', 'WA276R']",8.959454536437988,0.7929573059082031,1MAH_A_F,2,split_0,"1MAH_A_F_YA121Q,WA276R_143"
793,3HFM_HL_Y,['NL31A'],5.216465950012207,1.4189949035644531,3HFM_HL_Y,1,split_0,3HFM_HL_Y_NL31A_883
794,1PPF_E_I,['NI36C'],0.6045563817024231,-0.026029586791992188,1PPF_E_I,1,split_0,1PPF_E_I_NI36C_954
795,1PPF_E_I,['KI13T'],0.16590487957000732,-0.07024765014648438,1PPF_E_I,1,split_0,1PPF_E_I_KI13T_880
796,1R0R_E_I,['RI16D'],-0.17991724610328674,1.5032157897949219,1R0R_E_I,1,split_0,1R0R_E_I_RI16D_833
797,1PPF_E_I,['GI32R'],4.848991870880127,1.8356895446777344,1PPF_E_I,1,split_0,1PPF_E_I_GI32R_929
798,3N85_A_LH,['WL91F'],0.13965415954589844,0.92950439453125,3N85_A_LH,1,split_0,3N85_A_LH_WL91F_1265
799,1C1Y_A_B,['KB11M'],0.7132960557937622,0.34898948669433594,1C1Y_A_B,1,split_0,1C1Y_A_B_KB11M_1790
800,1KNE_A_P,"['AA3K', 'TP2F']",1.4692765474319458,-0.061916351318359375,1KNE_A_P,2,split_0,"1KNE_A_P_AA3K,TP2F_2066"
801,3S9D_A_B,"['DB91A', 'SA123A']",2.6789426803588867,0.5757942199707031,3S9D_A_B,2,split_0,"3S9D_A_B_DB91A,SA123A_1850"
802,4NM8_ABCDEF_HL,['IB18M'],0.10801676660776138,-0.037532806396484375,4NM8_ABCDEF_HL,1,split_0,4NM8_ABCDEF_HL_IB18M_1611
803,1EMV_A_B,"['FB86A', 'VA32A']",4.665832996368408,2.0835227966308594,1EMV_A_B,2,split_0,"1EMV_A_B_FB86A,VA32A_160"
804,1A22_A_B,['EA65A'],-0.3143717646598816,0.26842498779296875,1A22_A_B,1,split_0,1A22_A_B_EA65A_521
805,1R0R_E_I,['TI12M'],1.331018328666687,2.0991687774658203,1R0R_E_I,1,split_0,1R0R_E_I_TI12M_716
806,3S9D_A_B,['QA48A'],0.0,0.08813285827636719,3S9D_A_B,1,split_0,3S9D_A_B_QA48A_1670
807,1EMV_A_B,['IA51A'],0.8481252193450928,2.2154922485351562,1EMV_A_B,1,split_0,1EMV_A_B_IA51A_190
808,2BNR_ABC_DE,['AA69G'],1.8552099466323853,1.0603866577148438,2BNR_ABC_DE,1,split_0,2BNR_ABC_DE_AA69G_1130
809,1OHZ_A_B,"['SB11L', 'TB12L', 'SB45Q']",3.0067968368530273,-1.8435420989990234,1OHZ_A_B,3,split_0,"1OHZ_A_B_SB11L,TB12L,SB45Q_2288"
810,3S9D_A_B,['HB166A'],0.0,0.665771484375,3S9D_A_B,1,split_0,3S9D_A_B_HB166A_1775
811,3HFM_HL_Y,['DY101R'],2.4387240409851074,0.09442138671875,3HFM_HL_Y,1,split_0,3HFM_HL_Y_DY101R_973
812,3N85_A_LH,['SH32Y'],0.057148076593875885,-0.29134368896484375,3N85_A_LH,1,split_0,3N85_A_LH_SH32Y_1269
813,1R0R_E_I,['EI14N'],2.118342161178589,1.3065776824951172,1R0R_E_I,1,split_0,1R0R_E_I_EI14N_756
814,1R0R_E_I,"['EI5D', 'LI13M', 'RI16M', 'GI27D', 'EI38D']",2.0329103469848633,2.8843307495117188,1R0R_E_I,5,split_0,"1R0R_E_I_EI5D,LI13M,RI16M,GI27D,EI38D_1182"
815,1KNE_A_P,"['DA40I', 'TP2I']",0.614957869052887,-0.18810653686523438,1KNE_A_P,2,split_0,"1KNE_A_P_DA40I,TP2I_2085"
816,4RS1_A_B,['DA28A'],2.5922298431396484,0.2923240661621094,4RS1_A_B,1,split_0,4RS1_A_B_DA28A_2222
817,1LFD_A_B,['DB38A'],3.746721029281616,2.084239959716797,1LFD_A_B,1,split_0,1LFD_A_B_DB38A_2138
818,2NYY_DC_A,['ED5Q'],-0.2497744858264923,-0.33559417724609375,2NYY_DC_A,1,split_0,2NYY_DC_A_ED5Q_1514
819,1R0R_E_I,['TI12A'],1.1732311248779297,2.7929935455322266,1R0R_E_I,1,split_0,1R0R_E_I_TI12A_709
820,1PPF_E_I,['TI17Q'],1.968727469444275,2.412691116333008,1PPF_E_I,1,split_0,1PPF_E_I_TI17Q_697
821,2G2U_A_B,"['YB50A', 'YB143A']",-2.0757222175598145,1.2236309051513672,2G2U_A_B,2,split_0,"2G2U_A_B_YB50A,YB143A_392"
822,1A22_A_B,['YA153A'],0.3482353687286377,0.8005161285400391,1A22_A_B,1,split_0,1A22_A_B_YA153A_338
823,1KNE_A_P,"['AA3F', 'TP2L']",0.3929699659347534,-1.2830257415771484,1KNE_A_P,2,split_0,"1KNE_A_P_AA3F,TP2L_2062"
824,3QIB_ABP_CD,['TP11S'],1.075722575187683,0.41993141174316406,3QIB_ABP_CD,1,split_0,3QIB_ABP_CD_TP11S_1926
825,1IAR_A_B,['RA88A'],3.7547178268432617,0.19170570373535156,1IAR_A_B,1,split_0,1IAR_A_B_RA88A_63
826,4OZG_ABJ_GH,['FH94A'],1.4347845315933228,0.8235645294189453,4OZG_ABJ_GH,1,split_0,4OZG_ABJ_GH_FH94A_1994
827,1MHP_HL_A,"['KH64E', 'SL27Q', 'NL51Y']",-0.9535146951675415,-0.9507827758789062,1MHP_HL_A,3,split_0,"1MHP_HL_A_KH64E,SL27Q,NL51Y_1448"
828,3HFM_HL_Y,['DY101K'],1.9741711616516113,-0.045047760009765625,3HFM_HL_Y,1,split_0,3HFM_HL_Y_DY101K_938
829,1LFD_A_B,"['HA40A', 'VB29A']",1.919624924659729,1.2360610961914062,1LFD_A_B,2,split_0,"1LFD_A_B_HA40A,VB29A_2159"
830,1R0R_E_I,['NI31D'],0.5696492195129395,0.1733989715576172,1R0R_E_I,1,split_0,1R0R_E_I_NI31D_984
831,1JTD_A_B,['YB210A'],0.8243905305862427,0.7356185913085938,1JTD_A_B,1,split_0,1JTD_A_B_YB210A_2279
832,1TM1_E_I,['MI40F'],1.0276678800582886,1.4055919647216797,1TM1_E_I,1,split_0,1TM1_E_I_MI40F_29
833,1TM7_E_I,['YI40M'],-0.05646670609712601,-1.0089187622070312,1TM7_E_I,1,split_0,1TM7_E_I_YI40M_3
834,1MHP_HL_A,['LL48K'],0.924957275390625,0.5528221130371094,1MHP_HL_A,1,split_0,1MHP_HL_A_LL48K_1428
835,1R0R_E_I,['YI15D'],5.474548816680908,3.962919235229492,1R0R_E_I,1,split_0,1R0R_E_I_YI15D_1184
836,1SGD_E_I,['DI13L'],-5.66865873336792,-6.016609191894531,1SGD_E_I,1,split_0,1SGD_E_I_DI13L_1082
837,3SE4_B_C,['KB134R'],-0.8983960151672363,-0.1425647735595703,3SE4_B_C,1,split_0,3SE4_B_C_KB134R_1814
838,1A22_A_B,['EB34A'],-0.12265188246965408,0.25008392333984375,1A22_A_B,1,split_0,1A22_A_B_EB34A_473
839,3HFM_HL_Y,['RY21M'],2.0508084297180176,-0.1798725128173828,3HFM_HL_Y,1,split_0,3HFM_HL_Y_RY21M_956
840,1A22_A_B,['RB11A'],0.27845457196235657,0.23899269104003906,1A22_A_B,1,split_0,1A22_A_B_RB11A_409
841,1IAR_A_B,['RA81A'],0.4796239733695984,0.4737091064453125,1IAR_A_B,1,split_0,1IAR_A_B_RA81A_54
842,1LFD_A_B,"['KA35A', 'EB63A']",0.28575387597084045,1.3716487884521484,1LFD_A_B,2,split_0,"1LFD_A_B_KA35A,EB63A_2171"
843,1R0R_E_I,['YI15K'],5.512417793273926,2.5349597930908203,1R0R_E_I,1,split_0,1R0R_E_I_YI15K_796
844,1A4Y_A_B,['WB89A'],0.2402186095714569,0.5754051208496094,1A4Y_A_B,1,split_0,1A4Y_A_B_WB89A_632
845,5E9D_AB_CDE,"['GD27E', 'AE98Y']",-1.3104627132415771,-0.6094474792480469,5E9D_AB_CDE,2,split_0,"5E9D_AB_CDE_GD27E,AE98Y_1053"
846,4JPK_HL_A,['RA81T'],0.7590427398681641,-0.3477611541748047,4JPK_HL_A,1,split_0,4JPK_HL_A_RA81T_1891
847,1PPF_E_I,['LI18Y'],6.635788440704346,-1.1711273193359375,1PPF_E_I,1,split_0,1PPF_E_I_LI18Y_626
848,3S9D_A_B,['TB33A'],1.5196093320846558,0.4788932800292969,3S9D_A_B,1,split_0,3S9D_A_B_TB33A_1605
849,3S9D_A_B,"['TB33A', 'LA124A']",3.3123912811279297,0.7209911346435547,3S9D_A_B,2,split_0,"3S9D_A_B_TB33A,LA124A_1825"
850,1PPF_E_I,['LI18S'],3.0920286178588867,4.063617706298828,1PPF_E_I,1,split_0,1PPF_E_I_LI18S_611
851,1A22_A_B,['EA163A'],-0.9246088266372681,1.9952278137207031,1A22_A_B,1,split_0,1A22_A_B_EA163A_343
852,1A22_A_B,['QA69A'],-0.05472675710916519,-0.14937973022460938,1A22_A_B,1,split_0,1A22_A_B_QA69A_524
853,3HFM_HL_Y,['YH33F'],1.05401611328125,0.8930854797363281,3HFM_HL_Y,1,split_0,3HFM_HL_Y_YH33F_923
854,3VR6_ABCDEF_GH,"['LA477A', 'LB482A', 'LC472A', 'VA478A', 'VB483A', 'VC473A', 'RG134A', 'RG135A']",2.049800395965576,3.798215866088867,3VR6_ABCDEF_GH,8,split_0,"3VR6_ABCDEF_GH_LA477A,LB482A,LC472A,VA478A,VB483A,VC473A,RG134A,RG135A_2040"
855,1PPF_E_I,"['EI10D', 'TI17R', 'LI18M', 'RI21M', 'EI43D']",4.620742321014404,2.498929977416992,1PPF_E_I,5,split_0,"1PPF_E_I_EI10D,TI17R,LI18M,RI21M,EI43D_1196"
856,2JEL_LH_P,['EP70K'],4.092513084411621,0.3126106262207031,2JEL_LH_P,1,split_0,2JEL_LH_P_EP70K_231
857,1A22_A_B,['RA64A'],1.801238775253296,0.2553272247314453,1A22_A_B,1,split_0,1A22_A_B_RA64A_520
858,3SE3_B_A,['EA96A'],0.7130590677261353,0.5839309692382812,3SE3_B_A,1,split_0,3SE3_B_A_EA96A_1788
859,3S9D_A_B,['LA19A'],1.0241725444793701,0.7731132507324219,3S9D_A_B,1,split_0,3S9D_A_B_LA19A_1624
860,2C5D_AB_CD,"['RA32E', 'RB32E']",1.7124065160751343,0.6570873260498047,2C5D_AB_CD,2,split_0,"2C5D_AB_CD_RA32E,RB32E_2161"
861,3S9D_A_B,['SA18A'],-0.21131277084350586,0.19496536254882812,3S9D_A_B,1,split_0,3S9D_A_B_SA18A_1587
862,1R0R_E_I,"['EI5D', 'RI16M', 'EI38D']",0.4106564223766327,1.298095703125,1R0R_E_I,3,split_0,"1R0R_E_I_EI5D,RI16M,EI38D_1126"
863,1A22_A_B,['EB41A'],0.7830768823623657,0.5511894226074219,1A22_A_B,1,split_0,1A22_A_B_EB41A_416
864,3S9D_A_B,"['RA120A', 'EB66A']",3.602473735809326,1.2403545379638672,3S9D_A_B,2,split_0,"3S9D_A_B_RA120A,EB66A_1810"
865,3NCC_A_B,['AB188H'],0.44731462001800537,-1.793548583984375,3NCC_A_B,1,split_0,3NCC_A_B_AB188H_785
866,3LB6_A_C,['FA103A'],5.117306709289551,1.1646575927734375,3LB6_A_C,1,split_0,3LB6_A_C_FA103A_1821
867,3M62_A_B,['KB8A'],0.49712711572647095,0.7561435699462891,3M62_A_B,1,split_0,3M62_A_B_KB8A_1298
868,3VR6_ABCDEF_GH,['LG139N'],0.7095816135406494,0.3964214324951172,3VR6_ABCDEF_GH,1,split_0,3VR6_ABCDEF_GH_LG139N_2032
869,3S9D_A_B,['KA69A'],0.0,0.08579063415527344,3S9D_A_B,1,split_0,3S9D_A_B_KA69A_1679
870,1A22_A_B,['RA172A'],0.5428582429885864,0.4173927307128906,1A22_A_B,1,split_0,1A22_A_B_RA172A_348
871,2BNR_ABC_DE,['TA73A'],1.285060167312622,0.5474014282226562,2BNR_ABC_DE,1,split_0,2BNR_ABC_DE_TA73A_1133
872,1R0R_E_I,['KI8Y'],-0.6954318284988403,0.19930267333984375,1R0R_E_I,1,split_0,1R0R_E_I_KI8Y_915
873,3NCB_A_B,['AA167H'],-1.6149024963378906,-1.2140312194824219,3NCB_A_B,1,split_0,3NCB_A_B_AA167H_773
874,1R0R_E_I,['GI27H'],2.192495346069336,0.8517684936523438,1R0R_E_I,1,split_0,1R0R_E_I_GI27H_950
875,2SIC_E_I,['MI67K'],0.0,0.38051414489746094,2SIC_E_I,1,split_0,2SIC_E_I_MI67K_7
876,1A22_A_B,"['YA42A', 'QA46A']",0.2733250856399536,1.1605262756347656,1A22_A_B,2,split_0,"1A22_A_B_YA42A,QA46A_464"
877,3F1S_A_B,['KA201A'],-2.355921745300293,0.01222991943359375,3F1S_A_B,1,split_0,3F1S_A_B_KA201A_2052
878,4RS1_A_B,['EA88K'],0.336503267288208,-0.020954132080078125,4RS1_A_B,1,split_0,4RS1_A_B_EA88K_2236
879,1PPF_E_I,['RI21L'],-0.8585862517356873,0.9538135528564453,1PPF_E_I,1,split_0,1PPF_E_I_RI21L_806
880,3S9D_A_B,['EB39A'],0.19934363663196564,0.0842742919921875,3S9D_A_B,1,split_0,3S9D_A_B_EB39A_1610
881,1PPF_E_I,['GI32W'],1.6439788341522217,1.7654972076416016,1PPF_E_I,1,split_0,1PPF_E_I_GI32W_931
882,1IAR_A_B,['TA6D'],1.392728567123413,0.32146453857421875,1IAR_A_B,1,split_0,1IAR_A_B_TA6D_34
883,3S9D_A_B,"['HB65A', 'RA5A']",2.2143898010253906,0.9961585998535156,3S9D_A_B,2,split_0,"3S9D_A_B_HB65A,RA5A_1886"
884,1LFD_A_B,['KA35A'],0.574323296546936,0.9569282531738281,1LFD_A_B,1,split_0,1LFD_A_B_KA35A_2131
885,1FSS_A_B,['HB29R'],-1.4884204864501953,-0.3563194274902344,1FSS_A_B,1,split_0,1FSS_A_B_HB29R_1309
886,3HFM_HL_Y,['KY97M'],0.8012278079986572,1.2934417724609375,3HFM_HL_Y,1,split_0,3HFM_HL_Y_KY97M_963
887,1R0R_E_I,"['AI10V', 'TI12S', 'LI13P', 'RI16M', 'NI23S', 'GI27N', 'NI31D', 'NI34S', 'SI46G']",9.231593132019043,9.05099105834961,1R0R_E_I,9,split_0,"1R0R_E_I_AI10V,TI12S,LI13P,RI16M,NI23S,GI27N,NI31D,NI34S,SI46G_1119"
888,1LFD_A_B,['YB40A'],3.5545313358306885,2.681913375854492,1LFD_A_B,1,split_0,1LFD_A_B_YB40A_2141
889,1MHP_HL_A,['FH99W'],0.0,-1.10784912109375,1MHP_HL_A,1,split_0,1MHP_HL_A_FH99W_1443
890,2NYY_DC_A,['HA1036A'],7.3721842765808105,6.465120315551758,2NYY_DC_A,1,split_0,2NYY_DC_A_HA1036A_1502
891,1R0R_E_I,"['NI23S', 'GI27A']",1.2537312507629395,0.17449188232421875,1R0R_E_I,2,split_0,"1R0R_E_I_NI23S,GI27A_1143"
892,3VR6_ABCDEF_GH,"['RA476A', 'RB481A', 'RC471A']",-0.27845457196235657,-0.1112060546875,3VR6_ABCDEF_GH,3,split_0,"3VR6_ABCDEF_GH_RA476A,RB481A,RC471A_2033"
893,1LFD_A_B,"['MA17K', 'DA38K', 'DA45K', 'DA81K']",-1.7567819356918335,-0.01592254638671875,1LFD_A_B,4,split_0,"1LFD_A_B_MA17K,DA38K,DA45K,DA81K_193"
894,1PPF_E_I,['TI17V'],1.5435720682144165,1.9021797180175781,1PPF_E_I,1,split_0,1PPF_E_I_TI17V_1237
895,3SE3_B_A,"['YB43H', 'NB44E', 'SB47Q', 'QB48A']",2.432249069213867,0.10493850708007812,3SE3_B_A,4,split_0,"3SE3_B_A_YB43H,NB44E,SB47Q,QB48A_1652"
896,1MHP_HL_A,['GH53N'],1.2558754682540894,0.20606231689453125,1MHP_HL_A,1,split_0,1MHP_HL_A_GH53N_1507
897,3S9D_A_B,"['EB66A', 'RA120A']",3.6324572563171387,1.282217025756836,3S9D_A_B,2,split_0,"3S9D_A_B_EB66A,RA120A_1883"
898,2G2U_A_B,['WB150A'],1.7852216958999634,3.1126537322998047,2G2U_A_B,1,split_0,2G2U_A_B_WB150A_388
899,1A22_A_B,['SA173A'],-0.05472675710916519,0.2075042724609375,1A22_A_B,1,split_0,1A22_A_B_SA173A_541
900,3HFM_HL_Y,['YH33A'],6.037778854370117,3.196878433227539,3HFM_HL_Y,1,split_0,3HFM_HL_Y_YH33A_896
901,1LFD_A_B,['KA39A'],3.074397563934326,1.2509708404541016,1LFD_A_B,1,split_0,1LFD_A_B_KA39A_2133
902,1A22_A_B,['EB135A'],0.19934363663196564,0.11502647399902344,1A22_A_B,1,split_0,1A22_A_B_EB135A_425
903,1A22_A_B,['SB57A'],-0.12265188246965408,0.23184967041015625,1A22_A_B,1,split_0,1A22_A_B_SB57A_476
904,3QIB_ABP_CD,['AA64G'],0.6100000739097595,0.3418750762939453,3QIB_ABP_CD,1,split_0,3QIB_ABP_CD_AA64G_1907
905,1MHP_HL_A,['LL48K'],0.7982158660888672,0.5528297424316406,1MHP_HL_A,1,split_0,1MHP_HL_A_LL48K_1454
906,3S9D_A_B,['RA120A'],3.1845943927764893,0.8883781433105469,3S9D_A_B,1,split_0,3S9D_A_B_RA120A_1866
907,3QIB_ABP_CD,['EB57A'],0.0,-0.230438232421875,3QIB_ABP_CD,1,split_0,3QIB_ABP_CD_EB57A_1911
908,1R0R_E_I,['PI9Y'],0.8574670553207397,-0.400390625,1R0R_E_I,1,split_0,1R0R_E_I_PI9Y_877
909,3SF4_A_D,['WD8A'],3.0738284587860107,0.9996623992919922,3SF4_A_D,1,split_0,3SF4_A_D_WD8A_1260
910,1R0R_E_I,"['AI10R', 'LI13R']",7.723918437957764,4.129571914672852,1R0R_E_I,2,split_0,"1R0R_E_I_AI10R,LI13R_1197"
911,3S9D_A_B,['RA120A'],2.728342294692993,0.8883991241455078,3S9D_A_B,1,split_0,3S9D_A_B_RA120A_1721
912,1R0R_E_I,['YI15N'],5.6164469718933105,2.4925975799560547,1R0R_E_I,1,split_0,1R0R_E_I_YI15N_794
913,1A22_A_B,['EA175A'],-0.011969134211540222,0.1703777313232422,1A22_A_B,1,split_0,1A22_A_B_EA175A_349
914,1LFD_A_B,"['YA18F', 'RB41A']",1.7991840839385986,0.4983558654785156,1LFD_A_B,2,split_0,"1LFD_A_B_YA18F,RB41A_2158"
915,1JTD_A_B,['RB248A'],0.888344407081604,0.634490966796875,1JTD_A_B,1,split_0,1JTD_A_B_RB248A_2282
916,3AAA_AB_C,['DC43A'],5.125138759613037,1.4529647827148438,3AAA_AB_C,1,split_0,3AAA_AB_C_DC43A_1240
917,1R0R_E_I,['PI9G'],-0.34582212567329407,0.016185760498046875,1R0R_E_I,1,split_0,1R0R_E_I_PI9G_860
918,1A22_A_B,"['RB172A', 'NB173A']",0.9025979042053223,0.4997997283935547,1A22_A_B,2,split_0,"1A22_A_B_RB172A,NB173A_395"
919,1MHP_HL_A,['NL51E'],0.0,-0.2583446502685547,1MHP_HL_A,1,split_0,1MHP_HL_A_NL51E_1488
920,1PPF_E_I,"['DI7N', 'EI10G', 'LI18M', 'RI21M', 'EI43D', 'KI55E']",0.03846171498298645,0.018190383911132812,1PPF_E_I,6,split_0,"1PPF_E_I_DI7N,EI10G,LI18M,RI21M,EI43D,KI55E_1198"
921,1KNE_A_P,"['DA40F', 'TP2K']",-0.2063549906015396,-0.9626998901367188,1KNE_A_P,2,split_0,"1KNE_A_P_DA40F,TP2K_2079"
922,3HFM_HL_Y,['RY21E'],2.2935006618499756,0.457672119140625,3HFM_HL_Y,1,split_0,3HFM_HL_Y_RY21E_941
923,1A22_A_B,['MA14A'],0.0,0.8607616424560547,1A22_A_B,1,split_0,1A22_A_B_MA14A_319
924,3QIB_ABP_CD,['YP6A'],3.1389987468719482,1.6097888946533203,3QIB_ABP_CD,1,split_0,3QIB_ABP_CD_YP6A_1921
925,4ZS6_HL_A,['YA160A'],-0.11029982566833496,1.4515495300292969,4ZS6_HL_A,1,split_0,4ZS6_HL_A_YA160A_1678
926,1S1Q_A_B,['WA73A'],0.2807824909687042,1.1600265502929688,1S1Q_A_B,1,split_0,1S1Q_A_B_WA73A_228
927,1EMV_A_B,"['SA63E', 'NA67K', 'TA68E', 'VA69I', 'QA71E']",0.07911093533039093,-1.770669937133789,1EMV_A_B,5,split_0,"1EMV_A_B_SA63E,NA67K,TA68E,VA69I,QA71E_145"
928,1PPF_E_I,"['AI15D', 'GI32A']",1.159019112586975,0.3419837951660156,1PPF_E_I,2,split_0,"1PPF_E_I_AI15D,GI32A_1203"
929,3S9D_A_B,"['IB34A', 'SA123A']",3.0067968368530273,0.5962448120117188,3S9D_A_B,2,split_0,"3S9D_A_B_IB34A,SA123A_1830"
930,2BNR_ABC_DE,['RA75A'],0.5308891534805298,1.0065746307373047,2BNR_ABC_DE,1,split_0,2BNR_ABC_DE_RA75A_1135
931,1R0R_E_I,['YI15A'],5.474548816680908,2.042203903198242,1R0R_E_I,1,split_0,1R0R_E_I_YI15A_785
932,1A4Y_A_B,['WA318A'],1.5007452964782715,0.6835765838623047,1A4Y_A_B,1,split_0,1A4Y_A_B_WA318A_637
933,4NM8_ABCDEF_HL,['RB25M'],3.3870644569396973,1.4331073760986328,4NM8_ABCDEF_HL,1,split_0,4NM8_ABCDEF_HL_RB25M_1613
934,1A22_A_B,['SA177A'],-0.2063549906015396,-0.30258941650390625,1A22_A_B,1,split_0,1A22_A_B_SA177A_545
935,3N85_A_LH,['WL94Y'],-0.038736145943403244,0.5710601806640625,3N85_A_LH,1,split_0,3N85_A_LH_WL94Y_1266
936,1KNE_A_P,['AA3L'],0.0,-0.9031639099121094,1KNE_A_P,1,split_0,1KNE_A_P_AA3L_2068
937,2C5D_AB_CD,"['TC51R', 'TD51R']",2.339020252227783,5.651096343994141,2C5D_AB_CD,2,split_0,"2C5D_AB_CD_TC51R,TD51R_2170"
938,2C5D_AB_CD,"['KC178E', 'KD178E']",0.7422019243240356,0.7018966674804688,2C5D_AB_CD,2,split_0,"2C5D_AB_CD_KC178E,KD178E_2173"
939,3VR6_ABCDEF_GH,"['RG134A', 'RG135A']",1.4000883102416992,1.2831859588623047,3VR6_ABCDEF_GH,2,split_0,"3VR6_ABCDEF_GH_RG134A,RG135A_2030"
940,1R0R_E_I,['LI13E'],2.123957872390747,5.900417327880859,1R0R_E_I,1,split_0,1R0R_E_I_LI13E_1194
941,1MHP_HL_A,"['TH50V', 'KH64E']",-0.36120107769966125,0.056110382080078125,1MHP_HL_A,2,split_0,"1MHP_HL_A_TH50V,KH64E_1444"
942,5CYK_A_B,"['EB52R', 'VB54W']",-2.1159675121307373,-2.1653194427490234,5CYK_A_B,2,split_0,"5CYK_A_B_EB52R,VB54W_2204"
943,3HFM_HL_Y,['NY93A'],0.21131277084350586,0.31375694274902344,3HFM_HL_Y,1,split_0,3HFM_HL_Y_NY93A_984
944,1PPF_E_I,"['LI18M', 'LI23V', 'KI29I', 'EI43K']",1.3923884630203247,0.35308837890625,1PPF_E_I,4,split_0,"1PPF_E_I_LI18M,LI23V,KI29I,EI43K_1206"
945,3S9D_A_B,['NA79A'],0.17043781280517578,0.11757659912109375,3S9D_A_B,1,split_0,3S9D_A_B_NA79A_1684
946,4RS1_A_B,['DA92A'],2.133366584777832,0.3506317138671875,4RS1_A_B,1,split_0,4RS1_A_B_DA92A_2226
947,1A22_A_B,['SA62A'],0.15543822944164276,0.6834926605224609,1A22_A_B,1,split_0,1A22_A_B_SA62A_333
948,2C5D_AB_CD,"['TA26D', 'TB26D']",0.7250281572341919,1.062479019165039,2C5D_AB_CD,2,split_0,"2C5D_AB_CD_TA26D,TB26D_2160"
949,2C5D_AB_CD,"['EC30R', 'EC33R', 'ED30R', 'EC33R']",1.8489806652069092,2.485258102416992,2C5D_AB_CD,4,split_0,"2C5D_AB_CD_EC30R,EC33R,ED30R,EC33R_2169"
950,3HFM_HL_Y,['YH53W'],0.6948397159576416,0.01700592041015625,3HFM_HL_Y,1,split_0,3HFM_HL_Y_YH53W_918
951,1PPF_E_I,['KI13A'],0.7564785480499268,-0.8582096099853516,1PPF_E_I,1,split_0,1PPF_E_I_KI13A_876
952,1MHP_HL_A,['SL23R'],-0.36377134919166565,-1.3534660339355469,1MHP_HL_A,1,split_0,1MHP_HL_A_SL23R_1484
953,1R0R_E_I,['TI12D'],2.8881049156188965,4.686948776245117,1R0R_E_I,1,split_0,1R0R_E_I_TI12D_718
954,4PWX_AB_CD,['KB65A'],0.20247004926204681,0.8814582824707031,4PWX_AB_CD,1,split_0,4PWX_AB_CD_KB65A_2042
955,4RS1_A_B,"['DA28K', 'DA92K']",4.122901916503906,-0.2827911376953125,4RS1_A_B,2,split_0,"4RS1_A_B_DA28K,DA92K_2233"
956,4OFY_A_D,['MA36A'],0.0841105654835701,0.5832557678222656,4OFY_A_D,1,split_0,4OFY_A_D_MA36A_1975
957,4NM8_ABCDEF_HL,['DB19N'],0.6508750319480896,0.2627830505371094,4NM8_ABCDEF_HL,1,split_0,4NM8_ABCDEF_HL_DB19N_1612
958,1EMV_A_B,['SB78A'],-0.5401384830474854,0.24436569213867188,1EMV_A_B,1,split_0,1EMV_A_B_SB78A_152
959,2G2U_A_B,"['DA79A', 'EB73M', 'KB74A']",-1.5569682121276855,-0.9158477783203125,2G2U_A_B,3,split_0,"2G2U_A_B_DA79A,EB73M,KB74A_413"
960,1KTZ_A_B,['EB31A'],1.2165226936340332,0.09818267822265625,1KTZ_A_B,1,split_0,1KTZ_A_B_EB31A_255
961,1A22_A_B,['LA15A'],0.1527513712644577,0.54510498046875,1A22_A_B,1,split_0,1A22_A_B_LA15A_508
962,4PWX_AB_CD,['KB68A'],0.4478629529476166,0.5123844146728516,4PWX_AB_CD,1,split_0,4PWX_AB_CD_KB68A_2044
963,1R0R_E_I,['AI10N'],2.0894362926483154,-0.807647705078125,1R0R_E_I,1,split_0,1R0R_E_I_AI10N_679
964,1R0R_E_I,"['EI5D', 'TI12L', 'RI16M', 'GI27D', 'NI31S', 'EI38D', 'TI44S']",3.81807541847229,5.097225189208984,1R0R_E_I,7,split_0,"1R0R_E_I_EI5D,TI12L,RI16M,GI27D,NI31S,EI38D,TI44S_1167"
965,1R0R_E_I,"['AI10G', 'LI13M', 'LI18V', 'KI24I', 'EI38K']",1.0361416339874268,1.7855510711669922,1R0R_E_I,5,split_0,"1R0R_E_I_AI10G,LI13M,LI18V,KI24I,EI38K_1152"
966,3S9D_A_B,['KA102A'],0.4300828278064728,0.40729331970214844,3S9D_A_B,1,split_0,3S9D_A_B_KA102A_1637
967,1A22_A_B,['RA8A'],0.20430143177509308,-0.07524871826171875,1A22_A_B,1,split_0,1A22_A_B_RA8A_503
968,3QIB_ABP_CD,['EB64A'],1.212812066078186,0.3306922912597656,3QIB_ABP_CD,1,split_0,3QIB_ABP_CD_EB64A_1914
969,2JEL_LH_P,['TP62N'],0.0,-0.11621856689453125,2JEL_LH_P,1,split_0,2JEL_LH_P_TP62N_225
970,1PPF_E_I,"['EI10D', 'RI21M', 'KI29Q', 'GI32S', 'NI36S', 'EI43D']",-0.4486997723579407,1.0729446411132812,1PPF_E_I,6,split_0,"1PPF_E_I_EI10D,RI21M,KI29Q,GI32S,NI36S,EI43D_1189"
971,1A22_A_B,['WB39A'],0.0,0.9172782897949219,1A22_A_B,1,split_0,1A22_A_B_WB39A_475
972,3S9D_A_B,"['WB87A', 'MA119A']",3.8463404178619385,1.665842056274414,3S9D_A_B,2,split_0,"3S9D_A_B_WB87A,MA119A_1834"
973,1E50_A_B,['NA51A'],1.407914400100708,0.4275360107421875,1E50_A_B,1,split_0,1E50_A_B_NA51A_2018
974,4RS1_A_B,['EB176A'],-0.6945897936820984,0.5307235717773438,4RS1_A_B,1,split_0,4RS1_A_B_EB176A_2214
975,1GL0_E_I,"['MI28K', 'LI27R']",3.8372950553894043,0.179351806640625,1GL0_E_I,2,split_0,"1GL0_E_I_MI28K,LI27R_519"
976,1PPF_E_I,['NI36S'],-1.3463784456253052,-0.8480663299560547,1PPF_E_I,1,split_0,1PPF_E_I_NI36S_953
977,2UWE_ABC_EF,['AA163T'],0.40431997179985046,-0.07945442199707031,2UWE_ABC_EF,1,split_0,2UWE_ABC_EF_AA163T_1242
978,1PPF_E_I,['PI14W'],-2.005016565322876,0.3307380676269531,1PPF_E_I,1,split_0,1PPF_E_I_PI14W_855
979,4JPK_HL_A,['FA63L'],1.1678093671798706,0.38214111328125,4JPK_HL_A,1,split_0,4JPK_HL_A_FA63L_1890
980,4PWX_AB_CD,['YC16A'],1.1449693441390991,1.188985824584961,4PWX_AB_CD,1,split_0,4PWX_AB_CD_YC16A_2050
981,3S9D_A_B,['KA92A'],0.10801676660776138,0.07557296752929688,3S9D_A_B,1,split_0,3S9D_A_B_KA92A_1598
982,2G2U_A_B,['DA79E'],-4.384282112121582,-2.785238265991211,2G2U_A_B,1,split_0,2G2U_A_B_DA79E_406
983,2JEL_LH_P,['PP11E'],0.0,0.06331062316894531,2JEL_LH_P,1,split_0,2JEL_LH_P_PP11E_211
984,1MHP_HL_A,"['TH50V', 'KH64E', 'SL27Q', 'NL51E']",-1.2678864002227783,-1.1014385223388672,1MHP_HL_A,4,split_0,"1MHP_HL_A_TH50V,KH64E,SL27Q,NL51E_1449"
985,2G2U_A_B,['KB74A'],-0.21733520925045013,1.884969711303711,2G2U_A_B,1,split_0,2G2U_A_B_KB74A_380
986,1A4Y_A_B,"['KB40G', 'YA437A']",6.454104423522949,3.0509986877441406,1A4Y_A_B,2,split_0,"1A4Y_A_B_KB40G,YA437A_662"
987,1R0R_E_I,"['PI9S', 'AI10L', 'TI12K', 'LI13R']",4.892764091491699,4.721717834472656,1R0R_E_I,4,split_0,"1R0R_E_I_PI9S,AI10L,TI12K,LI13R_1007"
988,4RS1_A_B,"['RB47A', 'EB48A', 'HB52A']",-0.5465883016586304,1.9645233154296875,4RS1_A_B,3,split_0,"4RS1_A_B_RB47A,EB48A,HB52A_2205"
989,2SIC_E_I,['MI67E'],0.7960982918739319,1.9112682342529297,2SIC_E_I,1,split_0,2SIC_E_I_MI67E_4
990,3S9D_A_B,['TB33A'],2.007093667984009,0.4788970947265625,3S9D_A_B,1,split_0,3S9D_A_B_TB33A_1852
991,3N06_A_B,['AA14H'],-0.2917686700820923,0.00821685791015625,3N06_A_B,1,split_0,3N06_A_B_AA14H_491
992,3NCC_A_B,['AB188H'],-2.4425549507141113,-1.7935523986816406,3NCC_A_B,1,split_0,3NCC_A_B_AB188H_790
993,1EMV_A_B,"['FB86A', 'YA53A']",8.263228416442871,4.141193389892578,1EMV_A_B,2,split_0,"1EMV_A_B_FB86A,YA53A_163"
994,1R0R_E_I,['GI27D'],2.8881049156188965,2.0880985260009766,1R0R_E_I,1,split_0,1R0R_E_I_GI27D_946
995,1A4Y_A_B,['EA401A'],0.883733868598938,0.9123687744140625,1A4Y_A_B,1,split_0,1A4Y_A_B_EA401A_641
996,3Q3J_A_B,['YB100F'],0.21131277084350586,-0.13587379455566406,3Q3J_A_B,1,split_0,3Q3J_A_B_YB100F_2260
997,1A22_A_B,['PB65A'],2.6268067359924316,0.37334442138671875,1A22_A_B,1,split_0,1A22_A_B_PB65A_457
998,1C1Y_A_B,['KA31E'],-1.774827480316162,-1.5216655731201172,1C1Y_A_B,1,split_0,1C1Y_A_B_KA31E_1788
999,1LFD_A_B,['KA19A'],1.4974024295806885,1.4997062683105469,1LFD_A_B,1,split_0,1LFD_A_B_KA19A_151
1000,4RS1_A_B,['NB150A'],-0.046389494091272354,0.2061786651611328,4RS1_A_B,1,split_0,4RS1_A_B_NB150A_2208
1001,1A22_A_B,['KB80A'],0.07762795686721802,0.9099197387695312,1A22_A_B,1,split_0,1A22_A_B_KB80A_482
1002,4BFI_A_B,['FB95A'],2.077467203140259,0.37349700927734375,4BFI_A_B,1,split_0,4BFI_A_B_FB95A_1597
1003,1A22_A_B,['FA165A'],1.6382533311843872,1.885580062866211,1A22_A_B,1,split_0,1A22_A_B_FA165A_534
1004,1A22_A_B,['QB171A'],0.8910936117172241,0.6094856262207031,1A22_A_B,1,split_0,1A22_A_B_QB171A_377
1005,3S9D_A_B,"['HB65A', 'RA120A']",3.8463404178619385,1.3641834259033203,3S9D_A_B,2,split_0,"3S9D_A_B_HB65A,RA120A_1889"
1006,3HFM_HL_Y,['KY96M'],6.779980659484863,2.1802806854248047,3HFM_HL_Y,1,split_0,3HFM_HL_Y_KY96M_975
1007,1KTZ_A_B,['FB6A'],2.980065107345581,1.5964889526367188,1KTZ_A_B,1,split_0,1KTZ_A_B_FB6A_246
1008,3S9D_A_B,['RA16A'],0.09638339281082153,0.20721054077148438,3S9D_A_B,1,split_0,3S9D_A_B_RA16A_1697
1009,1PPF_E_I,['KI13E'],1.1329156160354614,0.3698997497558594,1PPF_E_I,1,split_0,1PPF_E_I_KI13E_888
1010,1A22_A_B,['FA25A'],-0.4314463436603546,1.071207046508789,1A22_A_B,1,split_0,1A22_A_B_FA25A_463
1011,1MHP_HL_A,['YH58E'],2.0767698287963867,1.1542015075683594,1MHP_HL_A,1,split_0,1MHP_HL_A_YH58E_1481
1012,5UFE_A_B,"['GA12D', 'QB25R']",-0.9751043915748596,-0.7446365356445312,5UFE_A_B,2,split_0,"5UFE_A_B_GA12D,QB25R_2403"
1013,1R0R_E_I,['LI13Q'],0.6170114278793335,2.941730499267578,1R0R_E_I,1,split_0,1R0R_E_I_LI13Q_1195
1014,1EMV_A_B,['NA67A'],0.2779972553253174,0.017333984375,1EMV_A_B,1,split_0,1EMV_A_B_NA67A_197
1015,4CPA_A_I,['VI37F'],0.0,-0.6542472839355469,4CPA_A_I,1,split_0,4CPA_A_I_VI37F_286
1016,1KNE_A_P,['TP2L'],0.20430143177509308,-0.04891204833984375,1KNE_A_P,1,split_0,1KNE_A_P_TP2L_2057
1017,1R0R_E_I,['TI12S'],0.8897486925125122,1.9374885559082031,1R0R_E_I,1,split_0,1R0R_E_I_TI12S_710
1018,1R0R_E_I,"['TI12P', 'LI13K', 'EI14D', 'LI18V', 'SI46N']",7.546120643615723,4.957363128662109,1R0R_E_I,5,split_0,"1R0R_E_I_TI12P,LI13K,EI14D,LI18V,SI46N_1115"
1019,3HFM_HL_Y,['DY101A'],1.5346089601516724,1.1977119445800781,3HFM_HL_Y,1,split_0,3HFM_HL_Y_DY101A_966
1020,3SE3_B_C,"['YB43H', 'NB44E', 'SB47Q']",0.19081901013851166,-0.03964424133300781,3SE3_B_C,3,split_0,"3SE3_B_C_YB43H,NB44E,SB47Q_1517"
1021,1A22_A_B,['IA168A'],0.8063132762908936,0.29923248291015625,1A22_A_B,1,split_0,1A22_A_B_IA168A_347
1022,1JTD_A_B,['WB231A'],5.811737537384033,4.154170989990234,1JTD_A_B,1,split_0,1JTD_A_B_WB231A_2281
1023,1PPF_E_I,['KI13Y'],0.5055848360061646,0.07456207275390625,1PPF_E_I,1,split_0,1PPF_E_I_KI13Y_892
1024,1LFD_A_B,['DA45K'],-0.5018116235733032,0.18456649780273438,1LFD_A_B,1,split_0,1LFD_A_B_DA45K_161
1025,4RS1_A_B,['EA88Q'],0.924957275390625,-0.24680709838867188,4RS1_A_B,1,split_0,4RS1_A_B_EA88Q_2235
1026,1LFD_A_B,['SA9K'],0.8984887003898621,-0.8062896728515625,1LFD_A_B,1,split_0,1LFD_A_B_SA9K_147
1027,1PPF_E_I,['YI20D'],6.419517993927002,3.9445648193359375,1PPF_E_I,1,split_0,1PPF_E_I_YI20D_772
1028,1MHP_HL_A,['KH64Q'],-0.1552988439798355,0.12220573425292969,1MHP_HL_A,1,split_0,1MHP_HL_A_KH64Q_1432
1029,3HFM_HL_Y,['RY21G'],2.2702643871307373,0.7492275238037109,3HFM_HL_Y,1,split_0,3HFM_HL_Y_RY21G_942
1030,2BNR_ABC_DE,['VA76A'],0.6720904111862183,0.6382770538330078,2BNR_ABC_DE,1,split_0,2BNR_ABC_DE_VA76A_1136
1031,3S9D_A_B,['LA23A'],3.8640267848968506,0.4520130157470703,3S9D_A_B,1,split_0,3S9D_A_B_LA23A_1862
1032,4PWX_AB_CD,['EA206A'],1.0391721725463867,0.06997299194335938,4PWX_AB_CD,1,split_0,4PWX_AB_CD_EA206A_2038
1033,1A22_A_B,['VB126A'],-0.7232534885406494,0.6377143859863281,1A22_A_B,1,split_0,1A22_A_B_VB126A_491
1034,1MHP_HL_A,['SL90Q'],1.774827480316162,0.20227432250976562,1MHP_HL_A,1,split_0,1MHP_HL_A_SL90Q_1490
1035,1R0R_E_I,['PI9H'],-0.216517373919487,0.17242050170898438,1R0R_E_I,1,split_0,1R0R_E_I_PI9H_874
1036,3S9D_A_B,['SB36A'],0.5428582429885864,0.3348884582519531,3S9D_A_B,1,split_0,3S9D_A_B_SB36A_1757
1037,1A4Y_A_B,['RB5A'],2.309282064437866,0.2112903594970703,1A4Y_A_B,1,split_0,1A4Y_A_B_RB5A_642
1038,3HFM_HL_Y,"['DH32N', 'KY97M']",0.3026396632194519,0.9547157287597656,3HFM_HL_Y,2,split_0,"3HFM_HL_Y_DH32N,KY97M_907"
1039,1A22_A_B,['TA164A'],1.907029390335083,0.6952419281005859,1A22_A_B,1,split_0,1A22_A_B_TA164A_344
1040,3BDY_HL_V,"['DL28N', 'PL30A', 'RL31K', 'SL32T', 'TL97S', 'TL98S']",-0.9535146951675415,-0.11507797241210938,3BDY_HL_V,6,split_0,"3BDY_HL_V_DL28N,PL30A,RL31K,SL32T,TL97S,TL98S_1532"
1041,3SE4_B_A,['KB134A'],-0.03508462756872177,0.7289085388183594,3SE4_B_A,1,split_0,3SE4_B_A_KB134A_2002
1042,1A22_A_B,['EB164A'],-0.0624210461974144,0.1479034423828125,1A22_A_B,1,split_0,1A22_A_B_EB164A_430
1043,1R0R_E_I,"['AI10R', 'LI13R']",7.752178192138672,4.12957763671875,1R0R_E_I,2,split_0,"1R0R_E_I_AI10R,LI13R_1005"
1044,3S9D_A_B,['MB35A'],3.681856870651245,0.7187843322753906,3S9D_A_B,1,split_0,3S9D_A_B_MB35A_1606
1045,1MHP_HL_A,['SL27Q'],-0.5400962233543396,-0.3310279846191406,1MHP_HL_A,1,split_0,1MHP_HL_A_SL27Q_1426
1046,1EAW_A_B,['KA221A'],0.47605013847351074,0.5097560882568359,1EAW_A_B,1,split_0,1EAW_A_B_KA221A_264
1047,1PPF_E_I,['TI17A'],3.48482084274292,2.648202896118164,1PPF_E_I,1,split_0,1PPF_E_I_TI17A_686
1048,3S9D_A_B,['RA120A'],3.0743792057037354,0.8883895874023438,3S9D_A_B,1,split_0,3S9D_A_B_RA120A_1645
1049,4RS1_A_B,"['NB116A', 'SB117A', 'KB118A', 'RB119A']",-0.046389494091272354,0.954620361328125,4RS1_A_B,4,split_0,"4RS1_A_B_NB116A,SB117A,KB118A,RB119A_2206"
1050,3QIB_ABP_CD,"['KA67A', 'EB64A']",1.5070480108261108,1.0813045501708984,3QIB_ABP_CD,2,split_0,"3QIB_ABP_CD_KA67A,EB64A_1920"
1051,1MHP_HL_A,['KH64D'],-0.12269474565982819,0.14789962768554688,1MHP_HL_A,1,split_0,1MHP_HL_A_KH64D_1433
1052,5E9D_AB_CDE,"['GD27R', 'TD90Q', 'VE49E', 'AE98D']",-3.1261651515960693,1.3084678649902344,5E9D_AB_CDE,4,split_0,"5E9D_AB_CDE_GD27R,TD90Q,VE49E,AE98D_1056"
1053,3S9D_A_B,['KA24A'],0.49345865845680237,0.5069732666015625,3S9D_A_B,1,split_0,3S9D_A_B_KA24A_1592
1054,1A22_A_B,['MA14A'],0.46870511770248413,0.8607559204101562,1A22_A_B,1,split_0,1A22_A_B_MA14A_507
1055,1PPF_E_I,['PI14D'],-0.4926644563674927,-0.3913745880126953,1PPF_E_I,1,split_0,1PPF_E_I_PI14D_847
1056,3SE3_B_A,['SA120A'],0.5428582429885864,0.05321693420410156,3SE3_B_A,1,split_0,3SE3_B_A_SA120A_1792
1057,1A22_A_B,['QB171A'],0.8777795433998108,0.6094627380371094,1A22_A_B,1,split_0,1A22_A_B_QB171A_494
1058,1KNE_A_P,"['DA40F', 'TP2I']",0.20430143177509308,-0.3475074768066406,1KNE_A_P,2,split_0,"1KNE_A_P_DA40F,TP2I_2080"
1059,3S9D_A_B,"['MB35V', 'RA115A']",3.7050933837890625,1.0201568603515625,3S9D_A_B,2,split_0,"3S9D_A_B_MB35V,RA115A_1872"
1060,1E50_A_B,['NB62A'],1.020007610321045,0.8383541107177734,1E50_A_B,1,split_0,1E50_A_B_NB62A_2024
1061,1FSS_A_B,['RB11K'],0.3177347779273987,0.6047134399414062,1FSS_A_B,1,split_0,1FSS_A_B_RB11K_1324
1062,3S9D_A_B,['KA102A'],0.0,0.4073028564453125,3S9D_A_B,1,split_0,3S9D_A_B_KA102A_1713
1063,1PPF_E_I,['GI32Y'],1.2032891511917114,0.4219970703125,1PPF_E_I,1,split_0,1PPF_E_I_GI32Y_930
1064,1XGQ_AB_C,['VB33A'],1.1530953645706177,1.0792160034179688,1XGQ_AB_C,1,split_0,1XGQ_AB_C_VB33A_1344
1065,1A22_A_B,['EB10A'],0.17908690869808197,0.5754928588867188,1A22_A_B,1,split_0,1A22_A_B_EB10A_381
1066,1EMV_A_B,['SA46A'],0.007269440684467554,0.2991600036621094,1EMV_A_B,1,split_0,1EMV_A_B_SA46A_185
1067,1IAR_A_B,['QA78E'],0.2450747936964035,0.21136856079101562,1IAR_A_B,1,split_0,1IAR_A_B_QA78E_53
1068,4NZW_A_B,['KA77A'],0.07601718604564667,0.7057075500488281,4NZW_A_B,1,split_0,4NZW_A_B_KA77A_1971
1069,1GL0_E_I,['MI28K'],-0.557857871055603,-0.7454853057861328,1GL0_E_I,1,split_0,1GL0_E_I_MI28K_518
1070,1EAW_A_B,['YA52A'],-0.07894066721200943,1.2515754699707031,1EAW_A_B,1,split_0,1EAW_A_B_YA52A_246
1071,2NYY_DC_A,['DC30Y'],0.6457566022872925,-0.43152618408203125,2NYY_DC_A,1,split_0,2NYY_DC_A_DC30Y_1510
1072,4I77_HL_Z,['YH103F'],0.6307899951934814,0.201324462890625,4I77_HL_Z,1,split_0,4I77_HL_Z_YH103F_1394
1073,1MHP_HL_A,['FH99W'],0.0,-1.10784912109375,1MHP_HL_A,1,split_0,1MHP_HL_A_FH99W_1440
1074,1LFD_A_B,['DA38A'],-0.5790618062019348,-0.36180877685546875,1LFD_A_B,1,split_0,1LFD_A_B_DA38A_178
1075,1A22_A_B,['DB119A'],1.4865336418151855,0.6615104675292969,1A22_A_B,1,split_0,1A22_A_B_DB119A_370
1076,1LFD_A_B,['EB63A'],0.28575387597084045,0.6926383972167969,1LFD_A_B,1,split_0,1LFD_A_B_EB63A_2144
1077,1A22_A_B,['RB11L'],0.5215702652931213,-0.3550434112548828,1A22_A_B,1,split_0,1A22_A_B_RB11L_388
1078,3S9D_A_B,['NA127A'],-0.08478038012981415,0.06302261352539062,3S9D_A_B,1,split_0,3S9D_A_B_NA127A_1648
1079,1LFD_A_B,['MA17K'],-0.4014550745487213,0.3086528778076172,1LFD_A_B,1,split_0,1LFD_A_B_MA17K_150
1080,1A22_A_B,['NA63A'],0.7062847018241882,0.19626617431640625,1A22_A_B,1,split_0,1A22_A_B_NA63A_519
1081,1R0R_E_I,['TI12F'],-0.06601439416408539,2.6241226196289062,1R0R_E_I,1,split_0,1R0R_E_I_TI12F_723
1082,1TM1_E_I,['RI48C'],3.2358014583587646,2.3939266204833984,1TM1_E_I,1,split_0,1TM1_E_I_RI48C_6
1083,2JEL_LH_P,['EP83A'],0.0,0.5632514953613281,2JEL_LH_P,1,split_0,2JEL_LH_P_EP83A_241
1084,3HH2_AB_C,['IC51E'],0.8621878027915955,-0.019138336181640625,3HH2_AB_C,1,split_0,3HH2_AB_C_IC51E_1358
1085,3S9D_A_B,['NA127A'],0.0,0.06302261352539062,3S9D_A_B,1,split_0,3S9D_A_B_NA127A_1724
1086,5E9D_AB_CDE,"['GD27E', 'TD90Q', 'AE98Y']",-2.475290298461914,-1.1610374450683594,5E9D_AB_CDE,3,split_0,"5E9D_AB_CDE_GD27E,TD90Q,AE98Y_1055"
1087,1A22_A_B,['KA157A'],0.050096191465854645,1.858123779296875,1A22_A_B,1,split_0,1A22_A_B_KA157A_529
1088,1C1Y_A_B,['NB10D'],1.4762879610061646,0.9111251831054688,1C1Y_A_B,1,split_0,1C1Y_A_B_NB10D_1792
1089,3N85_A_LH,['WH100F'],-0.015191908925771713,0.8568649291992188,3N85_A_LH,1,split_0,3N85_A_LH_WH100F_1273
1090,1PPF_E_I,['PI14Y'],-0.9626154899597168,0.0058345794677734375,1PPF_E_I,1,split_0,1PPF_E_I_PI14Y_854
1091,2JEL_LH_P,['HP76D'],-0.6508750319480896,0.6189155578613281,2JEL_LH_P,1,split_0,2JEL_LH_P_HP76D_237
1092,1FSS_A_B,['LB35W'],1.4518266916275024,1.4369640350341797,1FSS_A_B,1,split_0,1FSS_A_B_LB35W_1316
1093,4YFD_A_B,['KB71A'],1.475084900856018,0.4200553894042969,4YFD_A_B,1,split_0,4YFD_A_B_KB71A_2083
1094,1FSS_A_B,"['TB8V', 'TB9N']",0.42946600914001465,2.0951786041259766,1FSS_A_B,2,split_0,"1FSS_A_B_TB8V,TB9N_1323"
1095,1A22_A_B,"['NA12H', 'FA25L']",0.8384865522384644,-0.16111183166503906,1A22_A_B,2,split_0,"1A22_A_B_NA12H,FA25L_551"
1096,1PPF_E_I,"['EI10D', 'RI21M', 'EI43D']",-0.7596147656440735,1.1622352600097656,1PPF_E_I,3,split_0,"1PPF_E_I_EI10D,RI21M,EI43D_1191"
1097,1E50_A_B,['NA11A'],0.6784359216690063,0.6440105438232422,1E50_A_B,1,split_0,1E50_A_B_NA11A_2005
1098,3SE4_B_A,['KB134R'],0.13926894962787628,-0.15833663940429688,3SE4_B_A,1,split_0,3SE4_B_A_KB134R_2003
1099,3S9D_A_B,['NB85A'],-0.21131277084350586,0.25077247619628906,3S9D_A_B,1,split_0,3S9D_A_B_NB85A_1615
1100,1R0R_E_I,"['EI5G', 'LI13M', 'RI16M', 'EI38D']",-0.2402186095714569,1.3773574829101562,1R0R_E_I,4,split_0,"1R0R_E_I_EI5G,LI13M,RI16M,EI38D_1129"
1101,1R0R_E_I,['YI15H'],3.0429511070251465,1.2461280822753906,1R0R_E_I,1,split_0,1R0R_E_I_YI15H_1164
1102,1FSS_A_B,['RB11K'],0.3153128921985626,0.6047210693359375,1FSS_A_B,1,split_0,1FSS_A_B_RB11K_1303
1103,3NCB_A_B,['AA167H'],-1.8215218782424927,-1.214029312133789,3NCB_A_B,1,split_0,3NCB_A_B_AA167H_771
1104,4ZS6_HL_A,['EA156A'],3.040027141571045,0.6258869171142578,4ZS6_HL_A,1,split_0,4ZS6_HL_A_EA156A_1679
1105,4RS1_A_B,['EA88A'],0.476552277803421,0.32076072692871094,4RS1_A_B,1,split_0,4RS1_A_B_EA88A_2234
1106,1A22_A_B,['KB158A'],0.2402186095714569,0.21597862243652344,1A22_A_B,1,split_0,1A22_A_B_KB158A_426
1107,1LFD_A_B,['YB40F'],1.919624924659729,0.7772235870361328,1LFD_A_B,1,split_0,1LFD_A_B_YB40F_2140
1108,1TM1_E_I,['MI40G'],2.232905387878418,2.7739410400390625,1TM1_E_I,1,split_0,1TM1_E_I_MI40G_25
1109,1EMV_A_B,['NB75A'],2.3355860710144043,1.048614501953125,1EMV_A_B,1,split_0,1EMV_A_B_NB75A_150
1110,1A22_A_B,['TB150A'],-0.09423819184303284,0.46613502502441406,1A22_A_B,1,split_0,1A22_A_B_TB150A_376
1111,3QIB_ABP_CD,['AA68G'],0.8450669050216675,0.4078807830810547,3QIB_ABP_CD,1,split_0,3QIB_ABP_CD_AA68G_1909
1112,1E50_A_B,['VA101A'],-0.04390541464090347,0.7613983154296875,1E50_A_B,1,split_0,1E50_A_B_VA101A_2011
1113,1A22_A_B,['RB172A'],0.33154547214508057,0.12292671203613281,1A22_A_B,1,split_0,1A22_A_B_RB172A_434
1114,3HFM_HL_Y,"['YL96F', 'RY21A']",4.183840274810791,0.9774112701416016,3HFM_HL_Y,2,split_0,"3HFM_HL_Y_YL96F,RY21A_916"
1115,4OZG_ABJ_GH,['LG50A'],1.1861860752105713,0.7827644348144531,4OZG_ABJ_GH,1,split_0,4OZG_ABJ_GH_LG50A_1990
1116,5M2O_A_B,['LA75A'],1.6270339488983154,1.4783916473388672,5M2O_A_B,1,split_0,5M2O_A_B_LA75A_1875
1117,1JTD_A_B,['YA79A'],2.2508599758148193,0.2267303466796875,1JTD_A_B,1,split_0,1JTD_A_B_YA79A_1945
1118,3SE3_B_A,['NA53A'],-0.3477616012096405,0.5931663513183594,3SE3_B_A,1,split_0,3SE3_B_A_NA53A_1785
1119,1JTD_A_B,['FB192A'],3.9618523120880127,3.4375839233398438,1JTD_A_B,1,split_0,1JTD_A_B_FB192A_2278
1120,4OZG_ABJ_GH,['YG31A'],1.7440438270568848,0.7427101135253906,4OZG_ABJ_GH,1,split_0,4OZG_ABJ_GH_YG31A_1988
1121,1LFD_A_B,"['DA45K', 'DA81K']",-0.7013956308364868,-0.002468109130859375,1LFD_A_B,2,split_0,"1LFD_A_B_DA45K,DA81K_170"
1122,1MAH_A_F,['FA287Y'],0.7310582995414734,-0.15938186645507812,1MAH_A_F,1,split_0,1MAH_A_F_FA287Y_135
1123,1A22_A_B,['RA19A'],0.050096191465854645,0.16245460510253906,1A22_A_B,1,split_0,1A22_A_B_RA19A_511
1124,4RS1_A_B,['NA89D'],0.29562830924987793,-0.1894054412841797,4RS1_A_B,1,split_0,4RS1_A_B_NA89D_2237
1125,3HFM_HL_Y,['KY97E'],3.606121778488159,1.8176002502441406,3HFM_HL_Y,1,split_0,3HFM_HL_Y_KY97E_962
1126,3HFM_HL_Y,"['DH32A', 'KY97M']",1.1239525079727173,1.3794136047363281,3HFM_HL_Y,2,split_0,"3HFM_HL_Y_DH32A,KY97M_906"
1127,1A22_A_B,['EA56A'],0.4106564223766327,-0.07445526123046875,1A22_A_B,1,split_0,1A22_A_B_EA56A_331
1128,2C5D_AB_CD,"['QC96R', 'QD96R']",0.3026396632194519,-0.06263351440429688,2C5D_AB_CD,2,split_0,"2C5D_AB_CD_QC96R,QD96R_2171"
1129,1PPF_E_I,['PI14K'],-0.4486997723579407,0.4307098388671875,1PPF_E_I,1,split_0,1PPF_E_I_PI14K_848
1130,1PPF_E_I,['GI32V'],2.5432751178741455,1.2259483337402344,1PPF_E_I,1,split_0,1PPF_E_I_GI32V_1233
1131,3HFM_HL_Y,['DY101S'],2.0280675888061523,0.852264404296875,3HFM_HL_Y,1,split_0,3HFM_HL_Y_DY101S_967
1132,1MAH_A_F,['FA285L'],1.1491670608520508,0.10190200805664062,1MAH_A_F,1,split_0,1MAH_A_F_FA285L_133
1133,1A22_A_B,['KA157A'],-0.15484607219696045,1.8581161499023438,1A22_A_B,1,split_0,1A22_A_B_KA157A_340
1134,1EAW_A_B,['RA82A'],-0.14974381029605865,-0.12587356567382812,1EAW_A_B,1,split_0,1EAW_A_B_RA82A_247
1135,2G2U_A_B,['HB41A'],1.7170486450195312,2.9825191497802734,2G2U_A_B,1,split_0,2G2U_A_B_HB41A_373
1136,1A22_A_B,['IA4A'],0.4106564223766327,0.219482421875,1A22_A_B,1,split_0,1A22_A_B_IA4A_499
1137,1LFD_A_B,['KA39A'],2.401493787765503,1.2509765625,1LFD_A_B,1,split_0,1LFD_A_B_KA39A_2115
1138,4UYP_A_D,"['ID51S', 'ND52I', 'SD15I', 'ID16N']",-0.21131277084350586,-0.19247817993164062,4UYP_A_D,4,split_0,"4UYP_A_D_ID51S,ND52I,SD15I,ID16N_1403"
1139,1MHP_HL_A,"['TH33I', 'SH52T', 'GH53N', 'GH54N']",1.9084217548370361,1.5769767761230469,1MHP_HL_A,4,split_0,"1MHP_HL_A_TH33I,SH52T,GH53N,GH54N_1512"
1140,1R0R_E_I,['AI10F'],-2.24299955368042,-2.3560867309570312,1R0R_E_I,1,split_0,1R0R_E_I_AI10F_685
1141,1R0R_E_I,['YI15C'],3.2540266513824463,1.9857234954833984,1R0R_E_I,1,split_0,1R0R_E_I_YI15C_787
1142,3SE3_B_A,['NA230A'],0.21107575297355652,-0.0792694091796875,3SE3_B_A,1,split_0,3SE3_B_A_NA230A_1800
1143,1A22_A_B,['IA58L'],0.31641823053359985,-0.15633201599121094,1A22_A_B,1,split_0,1A22_A_B_IA58L_547
1144,1MHP_HL_A,['GH53S'],0.6758959293365479,-0.2758312225341797,1MHP_HL_A,1,split_0,1MHP_HL_A_GH53S_1476
1145,1R0R_E_I,['NI31V'],0.6687392592430115,0.09539794921875,1R0R_E_I,1,split_0,1R0R_E_I_NI31V_978
1146,2G2U_A_B,['DA79K'],-0.4528871178627014,-0.24914932250976562,2G2U_A_B,1,split_0,2G2U_A_B_DA79K_404
1147,1FSS_A_B,['RB27M'],2.6641392707824707,1.5704307556152344,1FSS_A_B,1,split_0,1FSS_A_B_RB27M_1306
1148,3NCB_A_B,['AA167H'],0.6862740516662598,-1.2140274047851562,3NCB_A_B,1,split_0,3NCB_A_B_AA167H_766
1149,2BNR_ABC_DE,['EA58A'],0.0,-0.039813995361328125,2BNR_ABC_DE,1,split_0,2BNR_ABC_DE_EA58A_1122
1150,1KNE_A_P,"['AA3K', 'TP2L']",1.8344539403915405,0.1431713104248047,1KNE_A_P,2,split_0,"1KNE_A_P_AA3K,TP2L_2067"
1151,1A4Y_A_B,['EB108A'],-0.32272469997406006,0.3401374816894531,1A4Y_A_B,1,split_0,1A4Y_A_B_EB108A_623
1152,1R0R_E_I,['EI14P'],3.76448392868042,1.8322162628173828,1R0R_E_I,1,split_0,1R0R_E_I_EI14P_752
1153,3VR6_ABCDEF_GH,['AG138S'],-0.34087562561035156,-0.014387130737304688,3VR6_ABCDEF_GH,1,split_0,3VR6_ABCDEF_GH_AG138S_2031
1154,1MHP_HL_A,"['TH50V', 'SH35V']",2.728342294692993,1.5578651428222656,1MHP_HL_A,2,split_0,"1MHP_HL_A_TH50V,SH35V_1500"
1155,4RS1_A_B,['EA8R'],0.39442384243011475,3.327545166015625,4RS1_A_B,1,split_0,4RS1_A_B_EA8R_2248
1156,1A4Y_A_B,['DA435A'],3.485543727874756,3.6017208099365234,1A4Y_A_B,1,split_0,1A4Y_A_B_DA435A_625
1157,2C5D_AB_CD,"['FA207A', 'FB207A']",0.5428582429885864,1.2146282196044922,2C5D_AB_CD,2,split_0,"2C5D_AB_CD_FA207A,FB207A_2175"
1158,1LFD_A_B,"['KA35A', 'SB39A']",-0.09967343509197235,1.2071647644042969,1LFD_A_B,2,split_0,"1LFD_A_B_KA35A,SB39A_2151"
1159,3SEK_B_C,['FC47E'],4.455748081207275,3.1054611206054688,3SEK_B_C,1,split_0,3SEK_B_C_FC47E_1320
1160,1R0R_E_I,['PI9Q'],-1.4146230220794678,-0.16792869567871094,1R0R_E_I,1,split_0,1R0R_E_I_PI9Q_872
1161,5UFE_A_B,['GA12D'],-1.2214624881744385,-0.996368408203125,5UFE_A_B,1,split_0,5UFE_A_B_GA12D_2404
1162,4RS1_A_B,"['EA25K', 'DA28K']",4.122901916503906,-0.0230560302734375,4RS1_A_B,2,split_0,"4RS1_A_B_EA25K,DA28K_2231"
1163,1A22_A_B,['QA46A'],0.10801676660776138,0.037258148193359375,1A22_A_B,1,split_0,1A22_A_B_QA46A_328
1164,3HFM_HL_Y,['RY21H'],2.0150461196899414,0.6510276794433594,3HFM_HL_Y,1,split_0,3HFM_HL_Y_RY21H_944
1165,3BDY_HL_V,"['DL28N', 'PL30A', 'RL31K', 'SL32T', 'YL57F', 'TL97S', 'TL98S', 'KH31S', 'DH32G', 'TH55S', 'NH56E', 'GH101V', 'DH103V']",-2.728342294692993,-1.192108154296875,3BDY_HL_V,13,split_0,"3BDY_HL_V_DL28N,PL30A,RL31K,SL32T,YL57F,TL97S,TL98S,KH31S,DH32G,TH55S,NH56E,GH101V,DH103V_1529"
1166,4RS1_A_B,"['LA95A', 'FA99A']",4.122901916503906,1.7928581237792969,4RS1_A_B,2,split_0,"4RS1_A_B_LA95A,FA99A_2230"
1167,1MAH_A_F,"['YA69N', 'YA121Q']",6.1327738761901855,1.5148200988769531,1MAH_A_F,2,split_0,"1MAH_A_F_YA69N,YA121Q_142"
1168,3SE3_B_A,"['YB43H', 'NB44E', 'SB47Q', 'SB59A']",2.8363590240478516,0.03789329528808594,3SE3_B_A,4,split_0,"3SE3_B_A_YB43H,NB44E,SB47Q,SB59A_1732"
1169,1MHP_HL_A,['HL30R'],1.1243009567260742,0.0878143310546875,1MHP_HL_A,1,split_0,1MHP_HL_A_HL30R_1452
1170,4RS1_A_B,['QA79E'],1.2121529579162598,0.10117912292480469,4RS1_A_B,1,split_0,4RS1_A_B_QA79E_2225
1171,3S9D_A_B,['DA28A'],0.4106564223766327,0.5866165161132812,3S9D_A_B,1,split_0,3S9D_A_B_DA28A_1709
1172,3VR6_ABCDEF_GH,"['RD347E', 'RE347E', 'RF350E']",0.2876400649547577,2.4995079040527344,3VR6_ABCDEF_GH,3,split_0,"3VR6_ABCDEF_GH_RD347E,RE347E,RF350E_2042"
1173,4NM8_ABCDEF_HL,['TB32R'],1.2015804052352905,-0.03629302978515625,4NM8_ABCDEF_HL,1,split_0,4NM8_ABCDEF_HL_TB32R_1616
1174,2NYY_DC_A,['FA889A'],0.4223885238170624,0.011205673217773438,2NYY_DC_A,1,split_0,2NYY_DC_A_FA889A_1488
1175,2JEL_LH_P,['TP7N'],0.4106564223766327,0.20201873779296875,2JEL_LH_P,1,split_0,2JEL_LH_P_TP7N_209
1176,5M2O_A_B,['NA71A'],0.15484607219696045,0.8886032104492188,5M2O_A_B,1,split_0,5M2O_A_B_NA71A_1873
1177,1PPF_E_I,['NI36R'],1.8697559833526611,1.2863121032714844,1PPF_E_I,1,split_0,1PPF_E_I_NI36R_967
1178,3S9D_A_B,"['TB33A', 'LA23A']",5.96136999130249,1.1021480560302734,3S9D_A_B,2,split_0,"3S9D_A_B_TB33A,LA23A_1819"
1179,3S9D_A_B,['NB85A'],-0.13220183551311493,0.25077056884765625,3S9D_A_B,1,split_0,3S9D_A_B_NB85A_1770
1180,1A22_A_B,['KB69A'],0.042846519500017166,0.8404388427734375,1A22_A_B,1,split_0,1A22_A_B_KB69A_418
1181,4JPK_HL_A,['FA144I'],1.388138771057129,0.8483638763427734,4JPK_HL_A,1,split_0,4JPK_HL_A_FA144I_1893
1182,1A22_A_B,"['KB158A', 'DB160A', 'KB161A', 'EB162A', 'EB164A']",1.1202380657196045,0.5798778533935547,1A22_A_B,5,split_0,"1A22_A_B_KB158A,DB160A,KB161A,EB162A,EB164A_406"
1183,1JTD_A_B,['WB114A'],3.2562007904052734,5.072866439819336,1JTD_A_B,1,split_0,1JTD_A_B_WB114A_2269
1184,1EAW_A_B,['LA147A'],0.5021535754203796,0.5525703430175781,1EAW_A_B,1,split_0,1EAW_A_B_LA147A_257
1185,3S9D_A_B,['TB33A'],1.6668107509613037,0.4788951873779297,3S9D_A_B,1,split_0,3S9D_A_B_TB33A_1753
1186,1PPF_E_I,['AI15F'],-0.07295020669698715,-1.2354793548583984,1PPF_E_I,1,split_0,1PPF_E_I_AI15F_662
1187,1JTD_A_B,['IB191A'],2.8903894424438477,2.3201141357421875,1JTD_A_B,1,split_0,1JTD_A_B_IB191A_2277
1188,4RS1_A_B,['IA6G'],0.8562873601913452,-0.38416099548339844,4RS1_A_B,1,split_0,4RS1_A_B_IA6G_2247
1189,1LFD_A_B,['EA44A'],-0.24635806679725647,0.056522369384765625,1LFD_A_B,1,split_0,1LFD_A_B_EA44A_184
1190,1R0R_E_I,['TI12L'],0.6687392592430115,2.261157989501953,1R0R_E_I,1,split_0,1R0R_E_I_TI12L_714
1191,3S9D_A_B,['KA104A'],1.2793906927108765,0.4925346374511719,3S9D_A_B,1,split_0,3S9D_A_B_KA104A_1639
1192,1TM1_E_I,"['TI39D', 'EI41A']",0.7541710138320923,4.255397796630859,1TM1_E_I,2,split_0,"1TM1_E_I_TI39D,EI41A_12"
1193,1A22_A_B,['QA22A'],-0.21983741223812103,0.07805633544921875,1A22_A_B,1,split_0,1A22_A_B_QA22A_322
1194,1PPF_E_I,['LI18C'],-0.08952336758375168,1.7026176452636719,1PPF_E_I,1,split_0,1PPF_E_I_LI18C_612
1195,3S9D_A_B,"['IB90A', 'LA19A']",3.035702705383301,1.089874267578125,3S9D_A_B,2,split_0,"3S9D_A_B_IB90A,LA19A_1839"
1196,3SE3_B_A,['FA273A'],0.0,1.1740493774414062,3SE3_B_A,1,split_0,3SE3_B_A_FA273A_1801
1197,1A4Y_A_B,['RB66A'],0.20290906727313995,0.6616382598876953,1A4Y_A_B,1,split_0,1A4Y_A_B_RB66A_644
1198,1LFD_A_B,['NA79K'],-0.5630486011505127,0.218780517578125,1LFD_A_B,1,split_0,1LFD_A_B_NA79K_187
1199,4OFY_A_D,"['QA34A', 'MA36A', 'FA40A', 'SA87A']",4.46157693862915,1.5378227233886719,4OFY_A_D,4,split_0,"4OFY_A_D_QA34A,MA36A,FA40A,SA87A_1982"
1200,2SIC_E_I,['MI67G'],0.14522328972816467,1.3267841339111328,2SIC_E_I,1,split_0,2SIC_E_I_MI67G_9
1201,3SF4_A_D,['RA202E'],2.365107297897339,1.0508613586425781,3SF4_A_D,1,split_0,3SF4_A_D_RA202E_1258
1202,1A22_A_B,['KB122A'],-0.017686447128653526,0.4716014862060547,1A22_A_B,1,split_0,1A22_A_B_KB122A_373
1203,2G2U_A_B,['GB48A'],-0.42659780383110046,1.0251960754394531,2G2U_A_B,1,split_0,2G2U_A_B_GB48A_374
1204,1PPF_E_I,"['RI21V', 'LI23I']",-0.2930837571620941,0.8919124603271484,1PPF_E_I,2,split_0,"1PPF_E_I_RI21V,LI23I_1205"
1205,1R0R_E_I,['RI16K'],-0.09604763239622116,0.14474868774414062,1R0R_E_I,1,split_0,1R0R_E_I_RI16K_834
1206,1EAW_A_B,['QA168A'],0.5650851130485535,0.11419677734375,1EAW_A_B,1,split_0,1EAW_A_B_QA168A_259
1207,1LFD_A_B,"['NA16A', 'SB39A']",0.0,0.6471920013427734,1LFD_A_B,2,split_0,"1LFD_A_B_NA16A,SB39A_2149"
1208,1PPF_E_I,['TI17P'],3.074164390563965,2.528553009033203,1PPF_E_I,1,split_0,1PPF_E_I_TI17P_690
1209,1PPF_E_I,['YI20F'],0.4820406138896942,0.2636070251464844,1PPF_E_I,1,split_0,1PPF_E_I_YI20F_777
1210,2G2U_A_B,"['DA79A', 'EB73M', 'KB74A', 'FB142A']",-0.9873782992362976,-0.326812744140625,2G2U_A_B,4,split_0,"2G2U_A_B_DA79A,EB73M,KB74A,FB142A_415"
1211,1KTZ_A_B,['EB95A'],1.4942781925201416,0.12206649780273438,1KTZ_A_B,1,split_0,1KTZ_A_B_EB95A_258
1212,2JEL_LH_P,['EP5Q'],0.7132960557937622,0.04503631591796875,2JEL_LH_P,1,split_0,2JEL_LH_P_EP5Q_207
1213,3QIB_ABP_CD,['HB79A'],0.051550064235925674,0.5634059906005859,3QIB_ABP_CD,1,split_0,3QIB_ABP_CD_HB79A_1919
1214,1EMV_A_B,['YA52A'],4.836801528930664,2.478473663330078,1EMV_A_B,1,split_0,1EMV_A_B_YA52A_191
1215,3S9D_A_B,['EA82A'],0.17043781280517578,0.4753456115722656,3S9D_A_B,1,split_0,3S9D_A_B_EA82A_1685
1216,2C5D_AB_CD,"['WA238F', 'WB238F']",0.9824205040931702,-0.5211868286132812,2C5D_AB_CD,2,split_0,"2C5D_AB_CD_WA238F,WB238F_2177"
1217,1IAR_A_B,['RA88Q'],2.8289992809295654,0.21117782592773438,1IAR_A_B,1,split_0,1IAR_A_B_RA88Q_62
1218,1FSS_A_B,"['TB8V', 'TB9N']",0.28640708327293396,2.0951709747314453,1FSS_A_B,2,split_0,"1FSS_A_B_TB8V,TB9N_1302"
1219,1KNE_A_P,"['DA40I', 'TP2L']",0.5767219066619873,0.025787353515625,1KNE_A_P,2,split_0,"1KNE_A_P_DA40I,TP2L_2087"
1220,1MHP_HL_A,['NL51R'],0.845219075679779,0.1519145965576172,1MHP_HL_A,1,split_0,1MHP_HL_A_NL51R_1455
1221,3SE4_B_A,['PB27L'],0.10305897891521454,-0.4805412292480469,3SE4_B_A,1,split_0,3SE4_B_A_PB27L_1999
1222,1R0R_E_I,['RI16V'],0.11502811312675476,0.6859054565429688,1R0R_E_I,1,split_0,1R0R_E_I_RI16V_826
1223,1EMV_A_B,['NB72A'],1.1651908159255981,0.6103897094726562,1EMV_A_B,1,split_0,1EMV_A_B_NB72A_148
1224,1PPF_E_I,['AI15C'],-0.6737069487571716,-0.4693870544433594,1PPF_E_I,1,split_0,1PPF_E_I_AI15C_649
1225,4RS1_A_B,['LB204A'],0.07225450128316879,0.20296669006347656,4RS1_A_B,1,split_0,4RS1_A_B_LB204A_2218
1226,2QJB_AB_C,"['RC57K', 'TC59S', 'IC61K', 'PC62A', 'HC63Q', 'QC64L', 'SC67T', 'TC43A', 'LC47M', 'GC48K', 'LC49Y', 'HC11G', 'EC15D', 'TC30A', 'MC31I']",-1.1528583765029907,-1.5759468078613281,2QJB_AB_C,15,split_0,"2QJB_AB_C_RC57K,TC59S,IC61K,PC62A,HC63Q,QC64L,SC67T,TC43A,LC47M,GC48K,LC49Y,HC11G,EC15D,TC30A,MC31I_311"
1227,1PPF_E_I,['NI36K'],2.6217687129974365,1.410512924194336,1PPF_E_I,1,split_0,1PPF_E_I_NI36K_962
1228,3KBH_A_E,['YA23A'],1.8127912282943726,1.3245849609375,3KBH_A_E,1,split_0,3KBH_A_E_YA23A_1836
1229,5UFE_A_B,"['QB25R', 'EB33G', 'DB34G']",0.09752010554075241,1.0891914367675781,5UFE_A_B,3,split_0,"5UFE_A_B_QB25R,EB33G,DB34G_2402"
1230,3HFM_HL_Y,['YH53L'],0.7939297556877136,0.156646728515625,3HFM_HL_Y,1,split_0,3HFM_HL_Y_YH53L_920
1231,1KNE_A_P,['KA24A'],-1.2678864002227783,0.1935882568359375,1KNE_A_P,1,split_0,1KNE_A_P_KA24A_2098
1232,3S9D_A_B,['TA55A'],0.0,0.2518424987792969,3S9D_A_B,1,split_0,3S9D_A_B_TA55A_1674
1233,3SE3_B_A,['LA116A'],0.0,0.5641574859619141,3SE3_B_A,1,split_0,3SE3_B_A_LA116A_1790
1234,1MHP_HL_A,['GL91Q'],1.5733891725540161,0.3456001281738281,1MHP_HL_A,1,split_0,1MHP_HL_A_GL91Q_1472
1235,1A22_A_B,['NB173A'],0.27845457196235657,0.4049568176269531,1A22_A_B,1,split_0,1A22_A_B_NB173A_496
1236,1R0R_E_I,"['LI13S', 'RI16V', 'LI18I']",1.8898556232452393,5.707050323486328,1R0R_E_I,3,split_0,"1R0R_E_I_LI13S,RI16V,LI18I_1149"
1237,3HFM_HL_Y,"['YH33A', 'KY97A']",7.231512069702148,4.735565185546875,3HFM_HL_Y,2,split_0,"3HFM_HL_Y_YH33A,KY97A_897"
1238,1EMV_A_B,['VB98A'],1.089340090751648,0.7658061981201172,1EMV_A_B,1,split_0,1EMV_A_B_VB98A_158
1239,1PPF_E_I,['NI36Y'],1.6768404245376587,2.0848426818847656,1PPF_E_I,1,split_0,1PPF_E_I_NI36Y_968
1240,1PPF_E_I,['LI18Q'],3.306267023086548,2.728923797607422,1PPF_E_I,1,split_0,1PPF_E_I_LI18Q_621
1241,1TM1_E_I,['RI46A'],3.079859972000122,2.755565643310547,1TM1_E_I,1,split_0,1TM1_E_I_RI46A_4
1242,1A22_A_B,['LA45A'],1.2245169878005981,0.7172355651855469,1A22_A_B,1,split_0,1A22_A_B_LA45A_327
1243,1MHP_HL_A,"['TH50V', 'SL27Q', 'NL51Y']",-1.0239880084991455,-0.4853038787841797,1MHP_HL_A,3,split_0,"1MHP_HL_A_TH50V,SL27Q,NL51Y_1427"
1244,1KNE_A_P,"['AA3L', 'TP2K']",-0.15893353521823883,-1.6106128692626953,1KNE_A_P,2,split_0,"1KNE_A_P_AA3L,TP2K_2069"
1245,1R0R_E_I,['TI12Q'],2.2216382026672363,2.581279754638672,1R0R_E_I,1,split_0,1R0R_E_I_TI12Q_720
1246,1EMV_A_B,"['QA15E', 'LA16F', 'SA46D', 'KA55R', 'EA56D', 'GA57D', 'DA58R', 'DA59E', 'SA63E', 'NA67K', 'TA68E', 'VA69I', 'QA71E']",-0.20852912962436676,-2.1994495391845703,1EMV_A_B,13,split_0,"1EMV_A_B_QA15E,LA16F,SA46D,KA55R,EA56D,GA57D,DA58R,DA59E,SA63E,NA67K,TA68E,VA69I,QA71E_141"
1247,1PPF_E_I,['RI21Q'],-0.01834363117814064,0.7125492095947266,1PPF_E_I,1,split_0,1PPF_E_I_RI21Q_812
1248,3AAA_AB_C,"['KA248A', 'RA258A']",4.7972846031188965,1.7186317443847656,3AAA_AB_C,2,split_0,"3AAA_AB_C_KA248A,RA258A_1238"
1249,4CPA_A_I,['YI36F'],0.0,-0.04960823059082031,4CPA_A_I,1,split_0,4CPA_A_I_YI36F_281
1250,1TM1_E_I,['EI41S'],2.7477686405181885,2.9163455963134766,1TM1_E_I,1,split_0,1TM1_E_I_EI41S_19
1251,3HFM_HL_Y,['DH32N'],0.17043781280517578,-0.02044677734375,3HFM_HL_Y,1,split_0,3HFM_HL_Y_DH32N_905
1252,1IAR_A_B,['RA85A'],0.42688900232315063,0.4174461364746094,1IAR_A_B,1,split_0,1IAR_A_B_RA85A_60
1253,4KRO_A_B,['DB92A'],1.5048975944519043,0.18601417541503906,4KRO_A_B,1,split_0,4KRO_A_B_DB92A_2113
1254,1EAW_A_B,['HA138A'],-0.014480198733508587,0.8849277496337891,1EAW_A_B,1,split_0,1EAW_A_B_HA138A_253
1255,1EMV_A_B,['KB97A'],1.960514783859253,1.2289848327636719,1EMV_A_B,1,split_0,1EMV_A_B_KB97A_157
1256,1MHP_HL_A,['YH58Q'],2.0767698287963867,1.0696735382080078,1MHP_HL_A,1,split_0,1MHP_HL_A_YH58Q_1480
1257,1A22_A_B,['NB31A'],0.17779755592346191,0.43682861328125,1A22_A_B,1,split_0,1A22_A_B_NB31A_470
1258,1PPF_E_I,['AI15K'],1.1275540590286255,1.9845695495605469,1PPF_E_I,1,split_0,1PPF_E_I_AI15K_658
1259,1KIP_AB_C,['AB32Y'],-0.8009516596794128,-0.28143882751464844,1KIP_AB_C,1,split_0,1KIP_AB_C_AB32Y_200
1260,3S9D_A_B,['NA51A'],0.0,-0.20537567138671875,3S9D_A_B,1,split_0,3S9D_A_B_NA51A_1672
1261,1PPF_E_I,['TI17K'],3.388773202896118,1.9352684020996094,1PPF_E_I,1,split_0,1PPF_E_I_TI17K_696
1262,1LFD_A_B,['NA14A'],0.8626772165298462,-0.40512657165527344,1LFD_A_B,1,split_0,1LFD_A_B_NA14A_2125
1263,4GXU_ABCDEF_MN,['DA224G'],1.9617561101913452,0.07569122314453125,4GXU_ABCDEF_MN,1,split_0,4GXU_ABCDEF_MN_DA224G_1189
1264,5CYK_A_B,"['EB52R', 'EB47D']",-2.3153111934661865,-2.050596237182617,5CYK_A_B,2,split_0,"5CYK_A_B_EB52R,EB47D_2201"
1265,1C1Y_A_B,['VB15A'],1.1239525079727173,0.2631340026855469,1C1Y_A_B,1,split_0,1C1Y_A_B_VB15A_1793
1266,3S9D_A_B,['RA26A'],5.417921543121338,0.7255229949951172,3S9D_A_B,1,split_0,3S9D_A_B_RA26A_1631
1267,2G2U_A_B,"['WB150A', 'YB143A']",0.9891233444213867,3.4658679962158203,2G2U_A_B,2,split_0,"2G2U_A_B_WB150A,YB143A_395"
1268,2G2U_A_B,['SB113A'],-0.6123114824295044,-0.075653076171875,2G2U_A_B,1,split_0,2G2U_A_B_SB113A_382
1269,1PPF_E_I,"['EI10D', 'LI18F', 'RI21M', 'EI43D']",4.55336332321167,0.19532012939453125,1PPF_E_I,4,split_0,"1PPF_E_I_EI10D,LI18F,RI21M,EI43D_1235"
1270,1A22_A_B,['FA25A'],-0.44731462001800537,1.0712127685546875,1A22_A_B,1,split_0,1A22_A_B_FA25A_323
1271,4RS1_A_B,['DA92R'],3.130221366882324,-0.13977432250976562,4RS1_A_B,1,split_0,4RS1_A_B_DA92R_2245
1272,1MHP_HL_A,"['SH35V', 'GH102S']",1.4263132810592651,1.0131645202636719,1MHP_HL_A,2,split_0,"1MHP_HL_A_SH35V,GH102S_1503"
1273,4EKD_A_B,['CA147R'],-0.05646670609712601,-0.7656822204589844,4EKD_A_B,1,split_0,4EKD_A_B_CA147R_2100
1274,1R0R_E_I,['EI14F'],3.618090867996216,1.7543201446533203,1R0R_E_I,1,split_0,1R0R_E_I_EI14F_761
1275,4RS1_A_B,['IB175A'],-0.2759808897972107,0.41956329345703125,4RS1_A_B,1,split_0,4RS1_A_B_IB175A_2213
1276,1R0R_E_I,"['AI10V', 'TI12S']",0.0947713777422905,1.0805301666259766,1R0R_E_I,2,split_0,"1R0R_E_I_AI10V,TI12S_1190"
1277,1A4Y_A_B,['RB32A'],0.9102507829666138,0.2617683410644531,1A4Y_A_B,1,split_0,1A4Y_A_B_RB32A_643
1278,1F5R_A_I,['KA129Q'],-1.171373963356018,-0.41332435607910156,1F5R_A_I,1,split_0,1F5R_A_I_KA129Q_1011
1279,3AAA_AB_C,['EC77R'],4.092513084411621,0.631622314453125,3AAA_AB_C,1,split_0,3AAA_AB_C_EC77R_1242
1280,1C1Y_A_B,['RB35L'],2.6203253269195557,4.393796920776367,1C1Y_A_B,1,split_0,1C1Y_A_B_RB35L_1804
1281,1JTD_A_B,['EB230A'],1.8500686883926392,2.108915328979492,1JTD_A_B,1,split_0,1JTD_A_B_EB230A_2280
1282,1IAR_A_B,['KA12E'],0.13947127759456635,0.10483551025390625,1IAR_A_B,1,split_0,1IAR_A_B_KA12E_40
1283,1OHZ_A_B,"['SB45A', 'TB46A']",0.07970309257507324,0.00861358642578125,1OHZ_A_B,2,split_0,"1OHZ_A_B_SB45A,TB46A_2285"
1284,3SEK_B_C,['LC48A'],3.408845901489258,2.1965866088867188,3SEK_B_C,1,split_0,3SEK_B_C_LC48A_1324
1285,1A22_A_B,['NB31A'],0.274082213640213,0.4368324279785156,1A22_A_B,1,split_0,1A22_A_B_NB31A_382
1286,1FSS_A_B,['TB9N'],1.3038697242736816,2.5381088256835938,1FSS_A_B,1,split_0,1FSS_A_B_TB9N_1322
1287,1A22_A_B,['TB60A'],1.0857164859771729,0.7245864868164062,1A22_A_B,1,split_0,1A22_A_B_TB60A_453
1288,3SE3_B_A,"['YB43H', 'NB44E', 'SB47Q', 'YB71A']",2.923438787460327,0.8290195465087891,3SE3_B_A,4,split_0,"3SE3_B_A_YB43H,NB44E,SB47Q,YB71A_1663"
1289,3VR6_ABCDEF_GH,"['LD386A', 'LE386A', 'LF389A']",1.136772632598877,2.337596893310547,3VR6_ABCDEF_GH,3,split_0,"3VR6_ABCDEF_GH_LD386A,LE386A,LF389A_2035"
1290,1MAH_A_F,['DA71N'],1.7348718643188477,0.4243888854980469,1MAH_A_F,1,split_0,1MAH_A_F_DA71N_138
1291,1A22_A_B,['KB170A'],0.7853956818580627,0.7104473114013672,1A22_A_B,1,split_0,1A22_A_B_KB170A_387
1292,1A22_A_B,['WB35A'],0.5773797631263733,1.779388427734375,1A22_A_B,1,split_0,1A22_A_B_WB35A_474
1293,1R0R_E_I,"['EI5D', 'YI6H', 'AI10V', 'TI12S', 'RI16M', 'NI23S', 'GI27S', 'NI31D']",0.3446420133113861,2.946441650390625,1R0R_E_I,8,split_0,"1R0R_E_I_EI5D,YI6H,AI10V,TI12S,RI16M,NI23S,GI27S,NI31D_1118"
1294,3SE4_B_A,['NA140T'],0.4106564223766327,-0.5923194885253906,3SE4_B_A,1,split_0,3SE4_B_A_NA140T_1990
1295,3QIB_ABP_CD,['NC94P'],0.786812961101532,0.27803611755371094,3QIB_ABP_CD,1,split_0,3QIB_ABP_CD_NC94P_1903
1296,3HFM_HL_Y,"['YL50A', 'KY96A']",7.733495235443115,5.317951202392578,3HFM_HL_Y,2,split_0,"3HFM_HL_Y_YL50A,KY96A_893"
1297,3HFM_HL_Y,"['DH32A', 'KY97A']",4.594496726989746,2.2302589416503906,3HFM_HL_Y,2,split_0,"3HFM_HL_Y_DH32A,KY97A_903"
1298,1PPF_E_I,"['EI10G', 'KI13Q', 'TI17S', 'RI21V', 'LI23F', 'GI32S', 'NI36D', 'VI42A', 'EI43D']",0.5055848360061646,3.2565231323242188,1PPF_E_I,9,split_0,"1PPF_E_I_EI10G,KI13Q,TI17S,RI21V,LI23F,GI32S,NI36D,VI42A,EI43D_1222"
1299,3S9D_A_B,['HB65A'],1.2015804052352905,0.6580696105957031,3S9D_A_B,1,split_0,3S9D_A_B_HB65A_1855
1300,1KNE_A_P,"['AA3K', 'TP2I']",1.398034691810608,-0.053562164306640625,1KNE_A_P,2,split_0,"1KNE_A_P_AA3K,TP2I_2065"
1301,1LFD_A_B,"['MA17K', 'DA45K']",-1.0494401454925537,0.30323219299316406,1LFD_A_B,2,split_0,"1LFD_A_B_MA17K,DA45K_190"
1302,1R0R_E_I,['LI13S'],1.5712368488311768,4.255222320556641,1R0R_E_I,1,split_0,1R0R_E_I_LI13S_634
1303,1IAR_A_B,['SA16A'],-0.18275535106658936,-0.14431381225585938,1IAR_A_B,1,split_0,1IAR_A_B_SA16A_45
1304,1A4Y_A_B,"['YA434A', 'YA437A']",6.645332336425781,6.610698699951172,1A4Y_A_B,2,split_0,"1A4Y_A_B_YA434A,YA437A_654"
1305,1LFD_A_B,"['SA20A', 'DB38A']",3.169999122619629,2.233499526977539,1LFD_A_B,2,split_0,"1LFD_A_B_SA20A,DB38A_2166"
1306,3HH2_AB_C,['IC51A'],0.7132960557937622,-0.20449066162109375,3HH2_AB_C,1,split_0,3HH2_AB_C_IC51A_1361
1307,3QIB_ABP_CD,['TP11A'],3.1389987468719482,0.6392364501953125,3QIB_ABP_CD,1,split_0,3QIB_ABP_CD_TP11A_1925
1308,1PPF_E_I,['RI21V'],-0.34960973262786865,0.8603744506835938,1PPF_E_I,1,split_0,1PPF_E_I_RI21V_803
1309,1TM1_E_I,"['EI41S', 'MI40R']",3.549654960632324,3.6196441650390625,1TM1_E_I,2,split_0,"1TM1_E_I_EI41S,MI40R_20"
1310,4YFD_A_B,['DB7A'],-0.05472675710916519,0.7309894561767578,4YFD_A_B,1,split_0,4YFD_A_B_DB7A_2082
1311,1A22_A_B,"['QB171A', 'RB172A', 'NB173A']",1.1035670042037964,1.0111732482910156,1A22_A_B,3,split_0,"1A22_A_B_QB171A,RB172A,NB173A_396"
1312,2G2U_A_B,"['WB112A', 'YB143A']",-0.40960875153541565,2.495433807373047,2G2U_A_B,2,split_0,"2G2U_A_B_WB112A,YB143A_394"
1313,1EMV_A_B,['YA53A'],4.6368327140808105,3.0965576171875,1EMV_A_B,1,split_0,1EMV_A_B_YA53A_192
1314,1A22_A_B,['WB63F'],2.784808874130249,0.46966552734375,1A22_A_B,1,split_0,1A22_A_B_WB63F_439
1315,1LFD_A_B,['DA38A'],-0.2992199957370758,-0.36180686950683594,1LFD_A_B,1,split_0,1LFD_A_B_DA38A_2114
1316,3HFM_HL_Y,['YL50L'],4.395153045654297,0.4382286071777344,3HFM_HL_Y,1,split_0,3HFM_HL_Y_YL50L_888
1317,1A22_A_B,['VB84A'],1.1421831846237183,0.4024677276611328,1A22_A_B,1,split_0,1A22_A_B_VB84A_458
1318,1EMV_A_B,['EA29A'],0.30701202154159546,0.09761619567871094,1EMV_A_B,1,split_0,1EMV_A_B_EA29A_171
1319,1A4Y_A_B,['RB33A'],0.3270741403102875,1.4281978607177734,1A4Y_A_B,1,split_0,1A4Y_A_B_RB33A_647
1320,1LFD_A_B,['KA19A'],1.326342225074768,1.4996986389160156,1LFD_A_B,1,split_0,1LFD_A_B_KA19A_176
1321,1R0R_E_I,"['EI5D', 'LI13F', 'RI16M', 'EI38D']",1.135921597480774,0.7522506713867188,1R0R_E_I,4,split_0,"1R0R_E_I_EI5D,LI13F,RI16M,EI38D_1186"
1322,2G2U_A_B,['FB36A'],2.763950824737549,2.877338409423828,2G2U_A_B,1,split_0,2G2U_A_B_FB36A_371
1323,2G2U_A_B,"['EB73M', 'KB74A']",0.4730774760246277,1.4015922546386719,2G2U_A_B,2,split_0,"2G2U_A_B_EB73M,KB74A_409"
1324,1MHP_HL_A,"['KH64E', 'SL27Q']",-0.857230007648468,-0.7943439483642578,1MHP_HL_A,2,split_0,"1MHP_HL_A_KH64E,SL27Q_1516"
1325,1PPF_E_I,['EI19K'],2.120649576187134,1.6372318267822266,1PPF_E_I,1,split_0,1PPF_E_I_EI19K_735
1326,1JTD_A_B,['MA103A'],2.5226452350616455,0.4844322204589844,1JTD_A_B,1,split_0,1JTD_A_B_MA103A_1949
1327,1A22_A_B,"['FA25A', 'YA42A', 'QA46A']",0.20581859350204468,1.418701171875,1A22_A_B,3,split_0,"1A22_A_B_FA25A,YA42A,QA46A_465"
1328,3S9D_A_B,"['WB87A', 'LA8A']",3.076577663421631,1.4794883728027344,3S9D_A_B,2,split_0,"3S9D_A_B_WB87A,LA8A_1833"
1329,2C5D_AB_CD,"['QC28R', 'QD28R']",0.09132687747478485,-0.010999679565429688,2C5D_AB_CD,2,split_0,"2C5D_AB_CD_QC28R,QD28R_2166"
1330,3HFM_HL_Y,['RY21N'],2.1704843044281006,0.3498268127441406,3HFM_HL_Y,1,split_0,3HFM_HL_Y_RY21N_943
1331,3SE3_B_A,"['YB43H', 'NB44E', 'SB47Q', 'SB59A']",2.7163729667663574,0.03791236877441406,3SE3_B_A,4,split_0,"3SE3_B_A_YB43H,NB44E,SB47Q,SB59A_1659"
1332,1R0R_E_I,['PI9E'],-2.24299955368042,-0.12401580810546875,1R0R_E_I,1,split_0,1R0R_E_I_PI9E_873
1333,1MHP_HL_A,['HL30W'],1.2558754682540894,0.008991241455078125,1MHP_HL_A,1,split_0,1MHP_HL_A_HL30W_1505
1334,1PPF_E_I,"['AI15V', 'TI17S', 'RI21M', 'NI28S', 'KI29Q', 'GI32S', 'KI34E', 'EI43D']",1.9420958757400513,4.150028228759766,1PPF_E_I,8,split_0,"1PPF_E_I_AI15V,TI17S,RI21M,NI28S,KI29Q,GI32S,KI34E,EI43D_1201"
1335,3S9D_A_B,['RA26Q'],6.082001209259033,0.26723670959472656,3S9D_A_B,1,split_0,3S9D_A_B_RA26Q_1632
1336,3AAA_AB_C,['EC77A'],1.9660552740097046,0.83160400390625,3AAA_AB_C,1,split_0,3AAA_AB_C_EC77A_1241
1337,1MHP_HL_A,['LH60D'],0.0,-0.3247241973876953,1MHP_HL_A,1,split_0,1MHP_HL_A_LH60D_1461
1338,1R0R_E_I,['RI16E'],0.3446420133113861,1.5232868194580078,1R0R_E_I,1,split_0,1R0R_E_I_RI16E_836
1339,3SF4_A_D,['ED19R'],1.9264557361602783,0.23187828063964844,3SF4_A_D,1,split_0,3SF4_A_D_ED19R_1261
1340,3SE4_B_C,['PB27L'],0.9243718385696411,-0.4113140106201172,3SE4_B_C,1,split_0,3SE4_B_C_PB27L_1803
1341,1PPF_E_I,"['EI10D', 'TI17L', 'RI21M', 'GI32D', 'NI36S', 'EI43D', 'TI49S']",4.372321128845215,4.902471542358398,1PPF_E_I,7,split_0,"1PPF_E_I_EI10D,TI17L,RI21M,GI32D,NI36S,EI43D,TI49S_1220"
1342,1S1Q_A_B,['FA86A'],0.7752504348754883,1.4747085571289062,1S1Q_A_B,1,split_0,1S1Q_A_B_FA86A_229
1343,4JPK_HL_A,['TA35S'],-0.03210772946476936,0.4978675842285156,4JPK_HL_A,1,split_0,4JPK_HL_A_TA35S_1894
1344,3HFM_HL_Y,['KY96A'],6.489310264587402,4.5584869384765625,3HFM_HL_Y,1,split_0,3HFM_HL_Y_KY96A_985
1345,3HFM_HL_Y,['RY21Q'],2.241950750350952,0.28716468811035156,3HFM_HL_Y,1,split_0,3HFM_HL_Y_RY21Q_940
1346,1MHP_HL_A,['GH100L'],2.728342294692993,0.8024921417236328,1MHP_HL_A,1,split_0,1MHP_HL_A_GH100L_1497
1347,1EMV_A_B,['EA43A'],0.21277381479740143,0.390777587890625,1EMV_A_B,1,split_0,1EMV_A_B_EA43A_182
1348,1A4Y_A_B,"['RB5A', 'DA435A']",6.773434162139893,3.068613052368164,1A4Y_A_B,2,split_0,"1A4Y_A_B_RB5A,DA435A_656"
1349,1GL1_A_I,['LI29V'],4.259236812591553,2.2838401794433594,1GL1_A_I,1,split_0,1GL1_A_I_LI29V_270
1350,3HFM_HL_Y,['YH50L'],2.8030807971954346,1.5871467590332031,3HFM_HL_Y,1,split_0,3HFM_HL_Y_YH50L_926
1351,1PPF_E_I,['AI15R'],-0.26417794823646545,0.7562408447265625,1PPF_E_I,1,split_0,1PPF_E_I_AI15R_663
1352,4J2L_A_CD,"['VA23A', 'LA118E']",0.43684640526771545,2.221710205078125,4J2L_A_CD,2,split_0,"4J2L_A_CD_VA23A,LA118E_1966"
1353,1A22_A_B,['DB119A'],1.5760760307312012,0.6614952087402344,1A22_A_B,1,split_0,1A22_A_B_DB119A_487
1354,2G2U_A_B,"['DA79A', 'EB73M', 'FB142A']",-0.6917499899864197,-1.674276351928711,2G2U_A_B,3,split_0,"2G2U_A_B_DA79A,EB73M,FB142A_414"
1355,1A22_A_B,['HA18A'],-0.2063549906015396,1.2626514434814453,1A22_A_B,1,split_0,1A22_A_B_HA18A_510
1356,1R0R_E_I,['LI13K'],3.345353603363037,3.4758434295654297,1R0R_E_I,1,split_0,1R0R_E_I_LI13K_643
1357,1EMV_A_B,['CA21A'],0.9219698905944824,1.7705726623535156,1EMV_A_B,1,split_0,1EMV_A_B_CA21A_164
1358,3HFM_HL_Y,['WH98F'],3.2470154762268066,0.8118247985839844,3HFM_HL_Y,1,split_0,3HFM_HL_Y_WH98F_898
1359,4Y61_A_B,"['FB219A', 'HB222A']",0.28917425870895386,1.7940692901611328,4Y61_A_B,2,split_0,"4Y61_A_B_FB219A,HB222A_1673"
1360,1KNE_A_P,"['DA40T', 'TP2F']",1.240618348121643,-0.06199836730957031,1KNE_A_P,2,split_0,"1KNE_A_P_DA40T,TP2F_2096"
1361,3N06_A_B,['AA14H'],0.19875149428844452,0.008220672607421875,3N06_A_B,1,split_0,3N06_A_B_AA14H_486
1362,4OFY_A_D,['QD34A'],2.8705015182495117,-0.14937591552734375,4OFY_A_D,1,split_0,4OFY_A_D_QD34A_1983
1363,1IAR_A_B,['QA8A'],-0.0223593320697546,0.25022125244140625,1IAR_A_B,1,split_0,1IAR_A_B_QA8A_35
1364,5E9D_AB_CDE,['SD50G'],-0.0356469601392746,-0.2283611297607422,5E9D_AB_CDE,1,split_0,5E9D_AB_CDE_SD50G_1049
1365,3NCB_A_B,['AA167H'],-2.0376904010772705,-1.2140274047851562,3NCB_A_B,1,split_0,3NCB_A_B_AA167H_779
1366,1R0R_E_I,['YI15W'],-0.3641657531261444,0.4529609680175781,1R0R_E_I,1,split_0,1R0R_E_I_YI15W_802
1367,1KTZ_A_B,['MB88A'],0.8714090585708618,0.29686737060546875,1KTZ_A_B,1,split_0,1KTZ_A_B_MB88A_265
1368,1PPF_E_I,['AI15V'],0.1925964206457138,-0.27884674072265625,1PPF_E_I,1,split_0,1PPF_E_I_AI15V_1238
1369,2NYY_DC_A,['DA1030A'],0.009404197335243225,0.1371784210205078,2NYY_DC_A,1,split_0,2NYY_DC_A_DA1030A_1498
1370,3SE4_B_C,['KB134A'],1.774827480316162,0.7950630187988281,3SE4_B_C,1,split_0,3SE4_B_C_KB134A_1806
1371,1KNE_A_P,"['AA3F', 'TP2F']",0.8036264181137085,-1.4477481842041016,1KNE_A_P,2,split_0,"1KNE_A_P_AA3F,TP2F_2061"
1372,1A22_A_B,['TA164S'],1.6907169818878174,0.28316497802734375,1A22_A_B,1,split_0,1A22_A_B_TA164S_533
1373,1LFD_A_B,['HA40A'],1.919624924659729,0.6949863433837891,1LFD_A_B,1,split_0,1LFD_A_B_HA40A_2134
1374,1EAW_A_B,['EA163A'],0.7036820650100708,-0.3071746826171875,1EAW_A_B,1,split_0,1EAW_A_B_EA163A_258
1375,1MHP_HL_A,['KH64D'],-0.2203427106142044,0.1479015350341797,1MHP_HL_A,1,split_0,1MHP_HL_A_KH64D_1464
1376,1PPF_E_I,['RI21G'],0.5779248476028442,1.1818008422851562,1PPF_E_I,1,split_0,1PPF_E_I_RI21G_799
1377,3S9D_A_B,['HA27A'],0.4106564223766327,0.8340492248535156,3S9D_A_B,1,split_0,3S9D_A_B_HA27A_1595
1378,2BNR_ABC_DE,['QA155A'],0.2327662855386734,0.7589073181152344,2BNR_ABC_DE,1,split_0,2BNR_ABC_DE_QA155A_1144
1379,1R0R_E_I,['AI10E'],4.577856063842773,0.054553985595703125,1R0R_E_I,1,split_0,1R0R_E_I_AI10E_683
1380,3S9D_A_B,['RA115A'],2.077467203140259,0.7526397705078125,3S9D_A_B,1,split_0,3S9D_A_B_RA115A_1717
1381,4J2L_A_CD,['LC20S'],1.6885002851486206,0.9455966949462891,4J2L_A_CD,1,split_0,4J2L_A_CD_LC20S_1964
1382,1R0R_E_I,"['EI5D', 'KI8R', 'AI10V', 'EI14D', 'RI16M', 'GI27S', 'EI38D', 'LI43I', 'KI50R']",-0.4106564223766327,0.8167457580566406,1R0R_E_I,9,split_0,"1R0R_E_I_EI5D,KI8R,AI10V,EI14D,RI16M,GI27S,EI38D,LI43I,KI50R_1179"
1383,1R0R_E_I,"['KI8S', 'PI9D', 'AI10Y', 'LI13G', 'EI14I', 'RI16K']",0.7984834909439087,2.180339813232422,1R0R_E_I,6,split_0,"1R0R_E_I_KI8S,PI9D,AI10Y,LI13G,EI14I,RI16K_1425"
1384,2SIC_E_I,['MI67L'],-0.2402186095714569,-1.3856277465820312,2SIC_E_I,1,split_0,2SIC_E_I_MI67L_11
1385,1IAR_A_B,['TA13A'],0.9785768389701843,0.5147037506103516,1IAR_A_B,1,split_0,1IAR_A_B_TA13A_41
1386,1R0R_E_I,['KI8W'],-1.10543692111969,0.2881050109863281,1R0R_E_I,1,split_0,1R0R_E_I_KI8W_916
1387,1A22_A_B,['KB170A'],0.4998636245727539,0.7104530334472656,1A22_A_B,1,split_0,1A22_A_B_KB170A_433
1388,1A4Y_A_B,"['KB40G', 'YA434A', 'DA435A']",6.21388578414917,6.964633941650391,1A4Y_A_B,3,split_0,"1A4Y_A_B_KB40G,YA434A,DA435A_663"
1389,1A4Y_A_B,['HB114A'],0.6568293571472168,0.9398097991943359,1A4Y_A_B,1,split_0,1A4Y_A_B_HB114A_650
1390,4PWX_AB_CD,['FA194A'],1.729231834411621,1.063608169555664,4PWX_AB_CD,1,split_0,4PWX_AB_CD_FA194A_2034
1391,4YEB_A_B,['DA133A'],1.3676663637161255,0.6546745300292969,4YEB_A_B,1,split_0,4YEB_A_B_DA133A_1674
1392,1LFD_A_B,['RA7A'],2.201554298400879,2.2992801666259766,1LFD_A_B,1,split_0,1LFD_A_B_RA7A_2107
1393,5UFE_A_B,"['GA12D', 'QB25R', 'EB33G', 'DB34G']",-0.9225372672080994,0.7407073974609375,5UFE_A_B,4,split_0,"5UFE_A_B_GA12D,QB25R,EB33G,DB34G_2405"
1394,2JEL_LH_P,['QP57E'],-0.4106564223766327,0.5194969177246094,2JEL_LH_P,1,split_0,2JEL_LH_P_QP57E_224
1395,1A22_A_B,"['EA88G', 'QA91Y', 'FA92H', 'RA94T', 'SA95E']",0.19182829558849335,-0.2234477996826172,1A22_A_B,5,split_0,"1A22_A_B_EA88G,QA91Y,FA92H,RA94T,SA95E_561"
1396,1A22_A_B,['KB80A'],0.08128507435321808,0.9099235534667969,1A22_A_B,1,split_0,1A22_A_B_KB80A_366
1397,1A22_A_B,"['NA12R', 'MA14V', 'LA15V', 'RA16L', 'RA19Y']",1.6805893182754517,0.43255615234375,1A22_A_B,5,split_0,"1A22_A_B_NA12R,MA14V,LA15V,RA16L,RA19Y_554"
1398,1PPF_E_I,['KI13M'],0.20805256068706512,-0.1029510498046875,1PPF_E_I,1,split_0,1PPF_E_I_KI13M_884
1399,1R0R_E_I,['NI31W'],0.05573347210884094,0.713592529296875,1R0R_E_I,1,split_0,1R0R_E_I_NI31W_992
1400,3N06_A_B,['AA14H'],0.07655175030231476,0.008214950561523438,3N06_A_B,1,split_0,3N06_A_B_AA14H_488
1401,1IAR_A_B,['NA89A'],1.5587940216064453,0.14779281616210938,1IAR_A_B,1,split_0,1IAR_A_B_NA89A_64
1402,1FSS_A_B,['RB27F'],2.4362823963165283,1.7578144073486328,1FSS_A_B,1,split_0,1FSS_A_B_RB27F_1305
1403,1MHP_HL_A,['GH100F'],0.20430143177509308,-0.6313152313232422,1MHP_HL_A,1,split_0,1MHP_HL_A_GH100F_1498
1404,1A22_A_B,"['NB31A', 'TB32A', 'QB33A', 'EB34A', 'WB35A', 'WB39A']",0.16606545448303223,1.8438148498535156,1A22_A_B,6,split_0,"1A22_A_B_NB31A,TB32A,QB33A,EB34A,WB35A,WB39A_391"
1405,1KTZ_A_B,['RA64A'],2.884404420852661,0.6317672729492188,1KTZ_A_B,1,split_0,1KTZ_A_B_RA64A_244
1406,3S9D_A_B,['WB87A'],0.7422019243240356,1.2752456665039062,3S9D_A_B,1,split_0,3S9D_A_B_WB87A_1616
1407,3SE4_B_C,['VC72A'],1.165419578552246,0.7525444030761719,3SE4_B_C,1,split_0,3SE4_B_C_VC72A_1782
1408,4NZW_A_B,['EB124A'],0.3571796715259552,0.09469032287597656,4NZW_A_B,1,split_0,4NZW_A_B_EB124A_1973
1409,1EFN_A_B,['TA13H'],1.2435485124588013,-0.6935596466064453,1EFN_A_B,1,split_0,1EFN_A_B_TA13H_70
1410,1R0R_E_I,['YI15I'],2.864560604095459,2.3688697814941406,1R0R_E_I,1,split_0,1R0R_E_I_YI15I_792
1411,1JTD_A_B,['EA84A'],0.038235973566770554,1.5219993591308594,1JTD_A_B,1,split_0,1JTD_A_B_EA84A_1947
1412,4OZG_ABJ_GH,['YH46F'],-0.6471371650695801,0.2633094787597656,4OZG_ABJ_GH,1,split_0,4OZG_ABJ_GH_YH46F_1991
1413,4UYP_A_D,"['DD23Q', 'DD59Q', 'SD15I', 'ID16N']",4.472780704498291,2.827617645263672,4UYP_A_D,4,split_0,"4UYP_A_D_DD23Q,DD59Q,SD15I,ID16N_1409"
1414,4RS1_A_B,['NA89K'],0.9101451635360718,-0.20130538940429688,4RS1_A_B,1,split_0,4RS1_A_B_NA89K_2239
1415,4JFF_ABC_DE,['LC8A'],6.198886394500732,3.372312545776367,4JFF_ABC_DE,1,split_0,4JFF_ABC_DE_LC8A_1235
1416,3HH2_AB_C,['FC47A'],1.325307846069336,0.3619194030761719,3HH2_AB_C,1,split_0,3HH2_AB_C_FC47A_1360
1417,3S9D_A_B,['EA103A'],-0.21131277084350586,-0.06547355651855469,3S9D_A_B,1,split_0,3S9D_A_B_EA103A_1638
1418,1A22_A_B,['WB63A'],4.731656074523926,1.7436676025390625,1A22_A_B,1,split_0,1A22_A_B_WB63A_362
1419,1EMV_A_B,['LA31A'],3.419278860092163,1.5874176025390625,1EMV_A_B,1,split_0,1EMV_A_B_LA31A_173
1420,4CPA_A_I,['VI37A'],2.325532913208008,0.7087898254394531,4CPA_A_I,1,split_0,4CPA_A_I_VI37A_283
1421,4GXU_ABCDEF_MN,"['DA189E', 'DA224G']",3.0115554332733154,-0.05629158020019531,4GXU_ABCDEF_MN,2,split_0,"4GXU_ABCDEF_MN_DA189E,DA224G_1190"
1422,3HFM_HL_Y,['SY100A'],0.26777946949005127,0.5881443023681641,3HFM_HL_Y,1,split_0,3HFM_HL_Y_SY100A_987
1423,1PPF_E_I,['EI19W'],1.530076026916504,1.1774616241455078,1PPF_E_I,1,split_0,1PPF_E_I_EI19W_741
1424,1LFD_A_B,['NA16A'],0.30178165435791016,-0.034404754638671875,1LFD_A_B,1,split_0,1LFD_A_B_NA16A_2109
1425,2JEL_LH_P,['TP34Q'],0.0,0.5758113861083984,2JEL_LH_P,1,split_0,2JEL_LH_P_TP34Q_218
1426,1A22_A_B,['QB33A'],-0.5810942649841309,0.3353843688964844,1A22_A_B,1,split_0,1A22_A_B_QB33A_446
1427,1R0R_E_I,['TI12G'],3.1389987468719482,3.9804954528808594,1R0R_E_I,1,split_0,1R0R_E_I_TI12G_708
1428,1MHP_HL_A,"['TH50V', 'KH64E', 'SL27Q', 'NL51Y']",-1.126280426979065,-1.3926162719726562,1MHP_HL_A,4,split_0,"1MHP_HL_A_TH50V,KH64E,SL27Q,NL51Y_1519"
1429,1JTD_A_B,['MA244A'],0.27845457196235657,0.3789825439453125,1JTD_A_B,1,split_0,1JTD_A_B_MA244A_1951
1430,3HFM_HL_Y,['DY101E'],1.9741711616516113,0.07008934020996094,3HFM_HL_Y,1,split_0,3HFM_HL_Y_DY101E_936
1431,1LFD_A_B,['DB38A'],2.728342294692993,2.084238052368164,1LFD_A_B,1,split_0,1LFD_A_B_DB38A_2190
1432,1E50_A_B,['VB57A'],0.0,0.8955764770507812,1E50_A_B,1,split_0,1E50_A_B_VB57A_2014
1433,1LFD_A_B,['NA14A'],1.0004743337631226,-0.4051246643066406,1LFD_A_B,1,split_0,1LFD_A_B_NA14A_2108
1434,3S9D_A_B,['SA123A'],0.9041150808334351,0.27907562255859375,3S9D_A_B,1,split_0,3S9D_A_B_SA123A_1646
1435,1R0R_E_I,['AI10R'],5.530481815338135,1.0496196746826172,1R0R_E_I,1,split_0,1R0R_E_I_AI10R_686
1436,1TM1_E_I,['RI48A'],3.098123788833618,3.210691452026367,1TM1_E_I,1,split_0,1TM1_E_I_RI48A_23
1437,1R0R_E_I,['LI13F'],0.6170114278793335,-0.3029975891113281,1R0R_E_I,1,split_0,1R0R_E_I_LI13F_647
1438,1JTD_A_B,['VA190A'],0.038235973566770554,1.0314750671386719,1JTD_A_B,1,split_0,1JTD_A_B_VA190A_1950
1439,5E9D_AB_CDE,"['GD27R', 'TD90Q', 'VE49E', 'AE98V']",-2.7594141960144043,1.4110488891601562,5E9D_AB_CDE,4,split_0,"5E9D_AB_CDE_GD27R,TD90Q,VE49E,AE98V_1058"
1440,1R0R_E_I,"['AI10V', 'TI12S', 'RI16M', 'NI23S', 'KI24Q', 'GI27S', 'KI29E', 'EI38D']",1.4012725353240967,3.6485748291015625,1R0R_E_I,8,split_0,"1R0R_E_I_AI10V,TI12S,RI16M,NI23S,KI24Q,GI27S,KI29E,EI38D_1140"
1441,3N85_A_LH,['SH52Y'],-0.7849546670913696,-1.291799545288086,3N85_A_LH,1,split_0,3N85_A_LH_SH52Y_1272
1442,1EAW_A_B,['RA51A'],0.23100829124450684,0.21470069885253906,1EAW_A_B,1,split_0,1EAW_A_B_RA51A_245
1443,3SE4_B_A,['SA120A'],0.0,0.07889366149902344,3SE4_B_A,1,split_0,3SE4_B_A_SA120A_1989
1444,1MHP_HL_A,"['TH50V', 'KH64E']",0.0,0.05611419677734375,1MHP_HL_A,2,split_0,"1MHP_HL_A_TH50V,KH64E_1515"
1445,3S9D_A_B,['WB87A'],1.0482174158096313,1.2752494812011719,3S9D_A_B,1,split_0,3S9D_A_B_WB87A_1771
1446,3SE3_B_A,"['YB43H', 'NB44E', 'SB47Q', 'LB66A']",3.3591322898864746,0.20818138122558594,3SE3_B_A,4,split_0,"3SE3_B_A_YB43H,NB44E,SB47Q,LB66A_1661"
1447,1R0R_E_I,['YI15D'],5.7712931632995605,3.962930679321289,1R0R_E_I,1,split_0,1R0R_E_I_YI15D_795
1448,1PPF_E_I,['PI14V'],-1.5250530242919922,-0.24689674377441406,1PPF_E_I,1,split_0,1PPF_E_I_PI14V_841
1449,1A22_A_B,['RA167N'],1.2699328660964966,0.6352958679199219,1A22_A_B,1,split_0,1A22_A_B_RA167N_535
1450,1PPF_E_I,['KI13R'],-0.6408453583717346,-0.4609870910644531,1PPF_E_I,1,split_0,1PPF_E_I_KI13R_891
1451,1MHP_HL_A,['SH35Q'],2.728342294692993,1.0161285400390625,1MHP_HL_A,1,split_0,1MHP_HL_A_SH35Q_1458
1452,1A22_A_B,['QA68A'],0.9873782992362976,0.10136604309082031,1A22_A_B,1,split_0,1A22_A_B_QA68A_523
1453,1R0R_E_I,['TI12K'],1.933820366859436,1.8839168548583984,1R0R_E_I,1,split_0,1R0R_E_I_TI12K_719
1454,1Y3C_E_I,['AI43R'],-1.2561542987823486,-3.1001052856445312,1Y3C_E_I,1,split_0,1Y3C_E_I_AI43R_15
1455,1PPF_E_I,['RI21W'],-0.5330062508583069,0.9849319458007812,1PPF_E_I,1,split_0,1PPF_E_I_RI21W_817
1456,1R0R_E_I,['EI14S'],3.1751527786254883,1.9645004272460938,1R0R_E_I,1,split_0,1R0R_E_I_EI14S_748
1457,2NYY_DC_A,['LA891A'],2.607872486114502,1.6604499816894531,2NYY_DC_A,1,split_0,2NYY_DC_A_LA891A_1490
1458,1R0R_E_I,['RI16C'],0.11502811312675476,1.2004070281982422,1R0R_E_I,1,split_0,1R0R_E_I_RI16C_825
1459,3S9D_A_B,"['IB34A', 'AA116G']",4.474026679992676,0.4266777038574219,3S9D_A_B,2,split_0,"3S9D_A_B_IB34A,AA116G_1827"
1460,3S9D_A_B,['LA23A'],3.756010055541992,0.4520282745361328,3S9D_A_B,1,split_0,3S9D_A_B_LA23A_1626
1461,2BNR_ABC_DE,['EA154A'],0.018230730667710304,0.21701812744140625,2BNR_ABC_DE,1,split_0,2BNR_ABC_DE_EA154A_1143
1462,1R0R_E_I,['RI16A'],-0.09604763239622116,1.0064582824707031,1R0R_E_I,1,split_0,1R0R_E_I_RI16A_823
1463,1C1Y_A_B,"['KA31E', 'EA30D']",-2.0150461196899414,-2.0297393798828125,1C1Y_A_B,2,split_0,"1C1Y_A_B_KA31E,EA30D_1789"
1464,1MHP_HL_A,['LL48F'],0.7125986814498901,-0.08293724060058594,1MHP_HL_A,1,split_0,1MHP_HL_A_LL48F_1485
1465,1A4Y_A_B,['YA437A'],0.8363124132156372,2.3103084564208984,1A4Y_A_B,1,split_0,1A4Y_A_B_YA437A_626
1466,3SE3_B_A,['NA140T'],0.13314899802207947,-0.7145881652832031,3SE3_B_A,1,split_0,3SE3_B_A_NA140T_1793
1467,1R0R_E_I,"['YI6H', 'EI14D', 'LI18I', 'NI23S', 'GI27S', 'NI31D', 'VI37M', 'EI38D']",0.781731903553009,1.4560203552246094,1R0R_E_I,8,split_0,"1R0R_E_I_YI6H,EI14D,LI18I,NI23S,GI27S,NI31D,VI37M,EI38D_1176"
1468,1A22_A_B,['DB85A'],0.9939247965812683,0.09928703308105469,1A22_A_B,1,split_0,1A22_A_B_DB85A_368
1469,1FSS_A_B,['RB27Y'],2.629225015640259,1.999551773071289,1FSS_A_B,1,split_0,1FSS_A_B_RB27Y_1307
1470,3SE4_B_C,['SC39A'],0.21190492808818817,0.5086822509765625,3SE4_B_C,1,split_0,3SE4_B_C_SC39A_1779
1471,3SE3_B_C,"['YB43A', 'NB44A', 'SB47A']",0.17339269816875458,1.0518608093261719,3SE3_B_C,3,split_0,"3SE3_B_C_YB43A,NB44A,SB47A_1518"
1472,1A4Y_A_B,"['KB40G', 'YA434A', 'YA437A']",9.123151779174805,7.038814544677734,1A4Y_A_B,3,split_0,"1A4Y_A_B_KB40G,YA434A,YA437A_664"
1473,1R0R_E_I,['RI16T'],0.3446420133113861,0.8471412658691406,1R0R_E_I,1,split_0,1R0R_E_I_RI16T_827
1474,1A22_A_B,['EB79A'],-0.18216991424560547,-0.01976776123046875,1A22_A_B,1,split_0,1A22_A_B_EB79A_365
1475,1R0R_E_I,['NI31R'],1.4589425325393677,1.0113506317138672,1R0R_E_I,1,split_0,1R0R_E_I_NI31R_990
1476,1PPF_E_I,['AI15Y'],-0.18506699800491333,-1.5540714263916016,1PPF_E_I,1,split_0,1PPF_E_I_AI15Y_664
1477,3S9D_A_B,['YA71A'],0.3026396632194519,0.6845283508300781,3S9D_A_B,1,split_0,3S9D_A_B_YA71A_1680
1478,1S0W_A_C,['AC142F'],-2.102992057800293,-2.755281448364258,1S0W_A_C,1,split_0,1S0W_A_C_AC142F_236
1479,1EAW_A_B,['QA23A'],-0.5189116597175598,-0.4178047180175781,1EAW_A_B,1,split_0,1EAW_A_B_QA23A_238
1480,1PPF_E_I,['AI15N'],0.9154713153839111,-0.3781909942626953,1PPF_E_I,1,split_0,1PPF_E_I_AI15N_656
1481,3NCB_A_B,['AA167H'],-1.0553276538848877,-1.2140254974365234,3NCB_A_B,1,split_0,3NCB_A_B_AA167H_777
1482,1A4Y_A_B,['KB40Q'],4.252427577972412,1.0329513549804688,1A4Y_A_B,1,split_0,1A4Y_A_B_KB40Q_648
1483,1MHP_HL_A,['SL27Q'],-0.6664110422134399,-0.3310127258300781,1MHP_HL_A,1,split_0,1MHP_HL_A_SL27Q_1435
1484,1PPF_E_I,['LI18N'],5.225429058074951,3.381673812866211,1PPF_E_I,1,split_0,1PPF_E_I_LI18N_618
1485,1JTD_A_B,['TB19A'],0.2951873242855072,0.42291259765625,1JTD_A_B,1,split_0,1JTD_A_B_TB19A_2262
1486,3NCB_A_B,['AA167H'],-1.445011854171753,-1.214029312133789,3NCB_A_B,1,split_0,3NCB_A_B_AA167H_769
1487,3S9D_A_B,['LA19A'],1.009981393814087,0.7731113433837891,3S9D_A_B,1,split_0,3S9D_A_B_LA19A_1588
1488,2JEL_LH_P,['AP82S'],0.0,-0.18595123291015625,2JEL_LH_P,1,split_0,2JEL_LH_P_AP82S_240
1489,1KNE_A_P,"['KA24A', 'AA3K']",-0.2579050660133362,0.39791107177734375,1KNE_A_P,2,split_0,"1KNE_A_P_KA24A,AA3K_2099"
1490,3S9D_A_B,['FA50A'],0.17043781280517578,0.21148300170898438,3S9D_A_B,1,split_0,3S9D_A_B_FA50A_1671
1491,3HFM_HL_Y,['YY20A'],4.2734375,1.8135223388671875,3HFM_HL_Y,1,split_0,3HFM_HL_Y_YY20A_978
1492,2JEL_LH_P,['EP85K'],0.0,-0.8889522552490234,2JEL_LH_P,1,split_0,2JEL_LH_P_EP85K_245
1493,1EAW_A_B,['TA93A'],0.25474119186401367,0.9341011047363281,1EAW_A_B,1,split_0,1EAW_A_B_TA93A_252
1494,1PPF_E_I,['EI19V'],1.159019112586975,1.0580406188964844,1PPF_E_I,1,split_0,1PPF_E_I_EI19V_727
1495,1R0R_E_I,['GI27S'],0.9117754697799683,0.6820087432861328,1R0R_E_I,1,split_0,1R0R_E_I_GI27S_937
1496,1PPF_E_I,"['EI10D', 'AI15V', 'YI20D', 'RI21M', 'KI29I', 'GI32H', 'NI36Y', 'VI42A', 'EI43H', 'LI50F']",4.923678398132324,3.50390625,1PPF_E_I,10,split_0,"1PPF_E_I_EI10D,AI15V,YI20D,RI21M,KI29I,GI32H,NI36Y,VI42A,EI43H,LI50F_1227"
1497,1MAH_A_F,['FA328G'],0.7310582995414734,1.6409072875976562,1MAH_A_F,1,split_0,1MAH_A_F_FA328G_136
1498,1LFD_A_B,"['YA18F', 'YB40F']",2.601687431335449,0.9179420471191406,1LFD_A_B,2,split_0,"1LFD_A_B_YA18F,YB40F_2154"
1499,3S9D_A_B,"['MB35V', 'MA119A']",5.456684589385986,0.8021316528320312,3S9D_A_B,2,split_0,"3S9D_A_B_MB35V,MA119A_1874"
1500,2BNR_ABC_DE,['KA146A'],0.6243711709976196,1.4000778198242188,2BNR_ABC_DE,1,split_0,2BNR_ABC_DE_KA146A_1138
1501,5M2O_A_B,"['VB21A', 'QB25A']",3.317598819732666,0.79376220703125,5M2O_A_B,2,split_0,"5M2O_A_B_VB21A,QB25A_1871"
1502,1R0R_E_I,"['EI5D', 'AI10V', 'TI12S', 'RI16M', 'NI23S', 'GI27S', 'NI31D', 'EI38D', 'TI44N']",0.07379743456840515,2.6956787109375,1R0R_E_I,9,split_0,"1R0R_E_I_EI5D,AI10V,TI12S,RI16M,NI23S,GI27S,NI31D,EI38D,TI44N_1137"
1503,1KNE_A_P,['DA40F'],-0.6170114278793335,-0.1698017120361328,1KNE_A_P,1,split_0,1KNE_A_P_DA40F_2078
1504,3S9D_A_B,['RA15A'],0.22013357281684875,0.2594184875488281,3S9D_A_B,1,split_0,3S9D_A_B_RA15A_1696
1505,3KBH_A_E,['YA23F'],1.6158939599990845,1.0677261352539062,3KBH_A_E,1,split_0,3KBH_A_E_YA23F_1837
1506,4PWX_AB_CD,['RC28A'],1.729231834411621,1.101491928100586,4PWX_AB_CD,1,split_0,4PWX_AB_CD_RC28A_2055
1507,1R0R_E_I,['TI12V'],1.0800471305847168,1.8423080444335938,1R0R_E_I,1,split_0,1R0R_E_I_TI12V_1188
1508,3S9D_A_B,['AA116M'],1.087294340133667,-0.5608406066894531,3S9D_A_B,1,split_0,3S9D_A_B_AA116M_1718
1509,4KRO_A_B,"['DA321T', 'FA323A']",0.12702755630016327,0.3801708221435547,4KRO_A_B,2,split_0,"4KRO_A_B_DA321T,FA323A_2114"
1510,3S9D_A_B,['MB35A'],2.317685842514038,0.7187900543212891,3S9D_A_B,1,split_0,3S9D_A_B_MB35A_1755
1511,1JTD_A_B,['KA85A'],2.144608974456787,-0.9617938995361328,1JTD_A_B,1,split_0,1JTD_A_B_KA85A_1948
1512,1A4Y_A_B,['SA289A'],0.042336005717515945,0.6399307250976562,1A4Y_A_B,1,split_0,1A4Y_A_B_SA289A_636
1513,1A22_A_B,['EB12A'],1.7777824401855469,0.6161117553710938,1A22_A_B,1,split_0,1A22_A_B_EB12A_469
1514,4YFD_A_B,"['EA207Q', 'RA209E', 'EA210Q']",0.17261195182800293,0.11993598937988281,4YFD_A_B,3,split_0,"4YFD_A_B_EA207Q,RA209E,EA210Q_2080"
1515,5E9D_AB_CDE,"['GD27E', 'TD90Q']",-1.5506813526153564,1.1882896423339844,5E9D_AB_CDE,2,split_0,"5E9D_AB_CDE_GD27E,TD90Q_1051"
1516,3HFM_HL_Y,['KY96A'],6.991293430328369,4.558490753173828,3HFM_HL_Y,1,split_0,3HFM_HL_Y_KY96A_882
1517,2C5D_AB_CD,"['EC33R', 'ED33R']",1.654841661453247,3.173847198486328,2C5D_AB_CD,2,split_0,"2C5D_AB_CD_EC33R,ED33R_2168"
1518,2JEL_LH_P,['QP3K'],4.092513084411621,-0.2332000732421875,2JEL_LH_P,1,split_0,2JEL_LH_P_QP3K_204
1519,3SE4_B_C,['LB31A'],2.728342294692993,0.5279636383056641,3SE4_B_C,1,split_0,3SE4_B_C_LB31A_1804
1520,4HRN_A_D,['LD17A'],2.5983803272247314,0.07917213439941406,4HRN_A_D,1,split_0,4HRN_A_D_LD17A_1562
1521,3S9D_A_B,['DA25A'],0.3802676200866699,0.40596961975097656,3S9D_A_B,1,split_0,3S9D_A_B_DA25A_1593
1522,1EAW_A_B,['YA141A'],0.5021535754203796,1.4631805419921875,1EAW_A_B,1,split_0,1EAW_A_B_YA141A_255
1523,1PPF_E_I,['LI18M'],1.25759756565094,0.2656364440917969,1PPF_E_I,1,split_0,1PPF_E_I_LI18M_617
1524,1JTD_A_B,['YB35A'],3.1518187522888184,3.7342376708984375,1JTD_A_B,1,split_0,1JTD_A_B_YB35A_2263
1525,3S9D_A_B,['RA96A'],0.0,0.5135345458984375,3S9D_A_B,1,split_0,3S9D_A_B_RA96A_1636
1526,1A22_A_B,"['RA64A', 'DA160A']",3.3227505683898926,0.2090587615966797,1A22_A_B,2,split_0,"1A22_A_B_RA64A,DA160A_568"
1527,1A22_A_B,['RA64A'],1.6426256895065308,0.25531005859375,1A22_A_B,1,split_0,1A22_A_B_RA64A_335
1528,1EMV_A_B,['KA33A'],0.1919838935136795,0.44570350646972656,1EMV_A_B,1,split_0,1EMV_A_B_KA33A_175
1529,1A22_A_B,['SB83A'],0.17779755592346191,0.019079208374023438,1A22_A_B,1,split_0,1A22_A_B_SB83A_484
1530,1PPF_E_I,"['KI13T', 'PI14E', 'AI15Y']",-0.7559911608695984,-1.166177749633789,1PPF_E_I,3,split_0,"1PPF_E_I_KI13T,PI14E,AI15Y_1880"
1531,4JPK_HL_A,"['DA159N', 'DA33N']",0.6192452907562256,0.14120864868164062,4JPK_HL_A,2,split_0,"4JPK_HL_A_DA159N,DA33N_1896"
1532,3F1S_A_B,['KA201A'],-1.8037333488464355,0.012235641479492188,3F1S_A_B,1,split_0,3F1S_A_B_KA201A_2047
1533,1EAW_A_B,['RA219A'],-0.08855192363262177,-0.014255523681640625,1EAW_A_B,1,split_0,1EAW_A_B_RA219A_263
1534,1PPF_E_I,['YI20A'],3.2103826999664307,2.3838462829589844,1PPF_E_I,1,split_0,1PPF_E_I_YI20A_762
1535,1H9D_A_B,['RB2A'],1.1621885299682617,0.5501594543457031,1H9D_A_B,1,split_0,1H9D_A_B_RB2A_512
1536,3S9D_A_B,['LA66A'],0.3026396632194519,0.4564704895019531,3S9D_A_B,1,split_0,3S9D_A_B_LA66A_1678
1537,3S9D_A_B,"['EB66A', 'SA123A']",3.543700695037842,0.4730548858642578,3S9D_A_B,2,split_0,"3S9D_A_B_EB66A,SA123A_1884"
1538,2NYY_DC_A,['SC31N'],-0.3559296727180481,-0.14310836791992188,2NYY_DC_A,1,split_0,2NYY_DC_A_SC31N_1511
1539,1R0R_E_I,['TI12I'],0.25873422622680664,1.8221206665039062,1R0R_E_I,1,split_0,1R0R_E_I_TI12I_715
1540,1B2S_A_D,['AD43T'],-0.34297576546669006,-1.5885009765625,1B2S_A_D,1,split_0,1B2S_A_D_AD43T_93
1541,1LFD_A_B,"['NA14A', 'RB41A']",1.6006627082824707,0.5023365020751953,1LFD_A_B,2,split_0,"1LFD_A_B_NA14A,RB41A_2156"
1542,3VR6_ABCDEF_GH,"['LA477A', 'LB482A', 'LC472A', 'VA478A', 'VB483A', 'VC473A', 'LD386A', 'LE386A', 'LF389A']",-0.17043781280517578,4.240428924560547,3VR6_ABCDEF_GH,9,split_0,"3VR6_ABCDEF_GH_LA477A,LB482A,LC472A,VA478A,VB483A,VC473A,LD386A,LE386A,LF389A_2039"
1543,4I77_HL_Z,['YH100F'],0.0,0.2450695037841797,4I77_HL_Z,1,split_0,4I77_HL_Z_YH100F_1378
1544,3S9D_A_B,"['IB90A', 'FA20A']",2.8162739276885986,1.5365257263183594,3S9D_A_B,2,split_0,"3S9D_A_B_IB90A,FA20A_1840"
1545,1A4Y_A_B,['KB40G'],3.2368004322052,1.1306095123291016,1A4Y_A_B,1,split_0,1A4Y_A_B_KB40G_659
1546,1LFD_A_B,['EA44A'],-0.09967343509197235,0.0565338134765625,1LFD_A_B,1,split_0,1LFD_A_B_EA44A_2117
1547,1R0R_E_I,['LI13E'],2.177367925643921,5.900432586669922,1R0R_E_I,1,split_0,1R0R_E_I_LI13E_645
1548,1PPF_E_I,"['VI6I', 'EI10D', 'AI15V', 'TI17S', 'RI21M', 'NI28S', 'GI32S', 'EI43D', 'TI49I']",1.968727469444275,2.6524505615234375,1PPF_E_I,9,split_0,"1PPF_E_I_VI6I,EI10D,AI15V,TI17S,RI21M,NI28S,GI32S,EI43D,TI49I_1187"
1549,1R0R_E_I,['YI15S'],5.162713527679443,2.310792922973633,1R0R_E_I,1,split_0,1R0R_E_I_YI15S_786
1550,1LFD_A_B,"['DA38K', 'DA43K', 'EA44K']",-1.2028181552886963,-0.1981182098388672,1LFD_A_B,3,split_0,"1LFD_A_B_DA38K,DA43K,EA44K_169"
1551,3M62_A_B,['YA103A'],4.4772186279296875,3.5127620697021484,3M62_A_B,1,split_0,3M62_A_B_YA103A_1295
1552,3UIG_A_P,['EA72A'],1.7930582761764526,0.6460380554199219,3UIG_A_P,1,split_0,3UIG_A_P_EA72A_1353
1553,1PPF_E_I,['PI14N'],-0.6408453583717346,-0.06134986877441406,1PPF_E_I,1,split_0,1PPF_E_I_PI14N_846
1554,1PPF_E_I,['NI36D'],-3.0779519081115723,-0.24336624145507812,1PPF_E_I,1,split_0,1PPF_E_I_NI36D_961
1555,3S9D_A_B,['LA124A'],1.6426256895065308,0.5440177917480469,3S9D_A_B,1,split_0,3S9D_A_B_LA124A_1868
1556,3SE4_B_C,"['KB134R', 'EC69A']",1.4014806747436523,0.2984046936035156,3SE4_B_C,2,split_0,"3SE4_B_C_KB134R,EC69A_1815"
1557,1PPF_E_I,['TI17M'],2.5024001598358154,1.8575401306152344,1PPF_E_I,1,split_0,1PPF_E_I_TI17M_693
1558,4JFE_ABC_DE,"['AC7I', 'LC8A']",-0.23073917627334595,-0.50946044921875,4JFE_ABC_DE,2,split_0,"4JFE_ABC_DE_AC7I,LC8A_1075"
1559,1EAW_A_B,['QA140A'],0.306678831577301,0.6777229309082031,1EAW_A_B,1,split_0,1EAW_A_B_QA140A_254
1560,1TM1_E_I,['TI39A'],2.728342294692993,3.210420608520508,1TM1_E_I,1,split_0,1TM1_E_I_TI39A_16
1561,2ABZ_B_E,"['AE14C', 'AE38C']",-0.5535333752632141,-2.1374549865722656,2ABZ_B_E,2,split_0,"2ABZ_B_E_AE14C,AE38C_287"
1562,1KTZ_A_B,['VB53A'],0.4149967432022095,0.48899269104003906,1KTZ_A_B,1,split_0,1KTZ_A_B_VB53A_256
1563,1IAR_A_B,['EA19R'],-0.11685949563980103,0.038959503173828125,1IAR_A_B,1,split_0,1IAR_A_B_EA19R_48
1564,1KTZ_A_B,['SB28L'],4.037786483764648,-0.4024314880371094,1KTZ_A_B,1,split_0,1KTZ_A_B_SB28L_253
1565,1R0R_E_I,"['AI10D', 'LI13A']",5.530481815338135,3.424264907836914,1R0R_E_I,2,split_0,"1R0R_E_I_AI10D,LI13A_1181"
1566,2JEL_LH_P,['RP17G'],0.0,0.8442821502685547,2JEL_LH_P,1,split_0,2JEL_LH_P_RP17G_213
1567,1S1Q_A_B,['NA43A'],1.2319692373275757,0.03274345397949219,1S1Q_A_B,1,split_0,1S1Q_A_B_NA43A_226
1568,2JEL_LH_P,['SP43C'],0.0,-0.2187023162841797,2JEL_LH_P,1,split_0,2JEL_LH_P_SP43C_222
1569,1PPF_E_I,['LI18W'],7.5441813468933105,-1.1077079772949219,1PPF_E_I,1,split_0,1PPF_E_I_LI18W_627
1570,3SE3_B_A,"['YB43H', 'NB44E', 'SB47Q', 'KB56A']",2.758375406265259,0.3176746368408203,3SE3_B_A,4,split_0,"3SE3_B_A_YB43H,NB44E,SB47Q,KB56A_1730"
1571,4BFI_A_B,['NB43D'],2.728342294692993,-0.06110572814941406,4BFI_A_B,1,split_0,4BFI_A_B_NB43D_1592
1572,5E9D_AB_CDE,"['GD27E', 'VE49D']",-1.2024459838867188,-0.3678245544433594,5E9D_AB_CDE,2,split_0,"5E9D_AB_CDE_GD27E,VE49D_1052"
1573,1A22_A_B,['FA180A'],0.19182829558849335,0.8567924499511719,1A22_A_B,1,split_0,1A22_A_B_FA180A_546
1574,3S9D_A_B,['EB66A'],2.4010674953460693,0.17329978942871094,3S9D_A_B,1,split_0,3S9D_A_B_EB66A_1809
1575,1PPF_E_I,['GI32F'],1.4817438125610352,0.891082763671875,1PPF_E_I,1,split_0,1PPF_E_I_GI32F_928
1576,1TM1_E_I,['YI42G'],4.680967330932617,3.427248001098633,1TM1_E_I,1,split_0,1TM1_E_I_YI42G_3
1577,3HFM_HL_Y,['RY21K'],1.9148765802383423,0.09593963623046875,3HFM_HL_Y,1,split_0,3HFM_HL_Y_RY21K_957
1578,1KNE_A_P,['DA40T'],0.49194151163101196,0.041942596435546875,1KNE_A_P,1,split_0,1KNE_A_P_DA40T_2093
1579,1FSS_A_B,['TB8V'],0.36920931935310364,0.8001499176025391,1FSS_A_B,1,split_0,1FSS_A_B_TB8V_1298
1580,2SIC_E_I,['MI67R'],0.0,0.7911243438720703,2SIC_E_I,1,split_0,2SIC_E_I_MI67R_8
1581,3BX1_A_C,['TC89A'],0.17043781280517578,0.6600914001464844,3BX1_A_C,1,split_0,3BX1_A_C_TC89A_1561
1582,3SE3_B_A,"['YB43H', 'NB44E', 'SB47Q', 'TB65A']",2.4217395782470703,0.3918743133544922,3SE3_B_A,4,split_0,"3SE3_B_A_YB43H,NB44E,SB47Q,TB65A_1733"
1583,2JEL_LH_P,['EP85Q'],0.0,-0.10406112670898438,2JEL_LH_P,1,split_0,2JEL_LH_P_EP85Q_242
1584,1PPF_E_I,['PI14A'],-0.12412893772125244,0.22735023498535156,1PPF_E_I,1,split_0,1PPF_E_I_PI14A_838
1585,3S9D_A_B,['IA17A'],-0.08250609040260315,0.4499359130859375,3S9D_A_B,1,split_0,3S9D_A_B_IA17A_1698
1586,3N06_A_B,['AA14H'],0.37473925948143005,0.00821685791015625,3N06_A_B,1,split_0,3N06_A_B_AA14H_485
1587,1IAR_A_B,['EA9Q'],3.1128292083740234,-0.08331298828125,1IAR_A_B,1,split_0,1IAR_A_B_EA9Q_37
1588,4JFF_ABC_DE,['IC7A'],6.429625511169434,3.9817161560058594,4JFF_ABC_DE,1,split_0,4JFF_ABC_DE_IC7A_1234
1589,1R0R_E_I,['TI12H'],0.5256845355033875,2.765857696533203,1R0R_E_I,1,split_0,1R0R_E_I_TI12H_722
1590,1MHP_HL_A,['TH50V'],0.0,0.06317710876464844,1MHP_HL_A,1,split_0,1MHP_HL_A_TH50V_1459
1591,1C1Y_A_B,['RB13A'],1.4554979801177979,1.3878917694091797,1C1Y_A_B,1,split_0,1C1Y_A_B_RB13A_1797
1592,3HFM_HL_Y,['YY20F'],-0.5046222805976868,0.3315849304199219,3HFM_HL_Y,1,split_0,3HFM_HL_Y_YY20F_974
1593,4I77_HL_Z,['YL32F'],0.0,-0.05944252014160156,4I77_HL_Z,1,split_0,4I77_HL_Z_YL32F_1399
1594,2C5D_AB_CD,"['YA364A', 'YB364A']",0.9824205040931702,1.883880615234375,2C5D_AB_CD,2,split_0,"2C5D_AB_CD_YA364A,YB364A_2179"
1595,1A22_A_B,['DB160A'],-0.04618846997618675,0.13571739196777344,1A22_A_B,1,split_0,1A22_A_B_DB160A_427
1596,2C5D_AB_CD,"['LC105E', 'LD105E']",0.2402186095714569,0.8374671936035156,2C5D_AB_CD,2,split_0,"2C5D_AB_CD_LC105E,LD105E_2172"
1597,1PPF_E_I,"['EI10D', 'TI17S', 'EI19D', 'RI21M', 'NI28S', 'GI32S', 'EI43D', 'GI54E']",3.2812302112579346,5.290622711181641,1PPF_E_I,8,split_0,"1PPF_E_I_EI10D,TI17S,EI19D,RI21M,NI28S,GI32S,EI43D,GI54E_1223"
1598,1A22_A_B,['KB122A'],0.0,0.4715995788574219,1A22_A_B,1,split_0,1A22_A_B_KB122A_490
1599,1LFD_A_B,"['MA17K', 'DA45K']",-0.20182165503501892,0.3032398223876953,1LFD_A_B,2,split_0,"1LFD_A_B_MA17K,DA45K_165"
1600,3S9D_A_B,"['HB65A', 'SA123A']",1.135684609413147,0.8299121856689453,3S9D_A_B,2,split_0,"3S9D_A_B_HB65A,SA123A_1890"
1601,1PPF_E_I,['LI18Q'],3.388773202896118,2.7289466857910156,1PPF_E_I,1,split_0,1PPF_E_I_LI18Q_1244
1602,3HFM_HL_Y,['NL31D'],1.3440860509872437,0.36508941650390625,3HFM_HL_Y,1,split_0,3HFM_HL_Y_NL31D_885
1603,3HFM_HL_Y,['YL96F'],1.4024070501327515,0.09409713745117188,3HFM_HL_Y,1,split_0,3HFM_HL_Y_YL96F_917
1604,3QIB_ABP_CD,"['YP6F', 'TP11S']",1.2169697284698486,0.53948974609375,3QIB_ABP_CD,2,split_0,"3QIB_ABP_CD_YP6F,TP11S_1928"
1605,1KNE_A_P,"['DA40K', 'TP2L']",-0.3143717646598816,0.07709503173828125,1KNE_A_P,2,split_0,"1KNE_A_P_DA40K,TP2L_2092"
1606,1A22_A_B,"['QB121A', 'KB122A', 'VB126A']",-0.8722296357154846,1.5342788696289062,1A22_A_B,3,split_0,"1A22_A_B_QB121A,KB122A,VB126A_394"
1607,1LFD_A_B,"['DA38A', 'DB33A']",0.2003227025270462,0.7263679504394531,1LFD_A_B,2,split_0,"1LFD_A_B_DA38A,DB33A_2147"
1608,1A22_A_B,['RB29A'],0.4180161654949188,0.6637840270996094,1A22_A_B,1,split_0,1A22_A_B_RB29A_411
1609,1PPF_E_I,['RI21Y'],0.22063162922859192,1.1909408569335938,1PPF_E_I,1,split_0,1PPF_E_I_RI21Y_816
1610,4OFY_A_D,['SA87A'],0.14215925335884094,0.22536087036132812,4OFY_A_D,1,split_0,4OFY_A_D_SA87A_1979
1611,1PPF_E_I,['TI17N'],2.698713541030884,2.9162540435791016,1PPF_E_I,1,split_0,1PPF_E_I_TI17N_694
1612,3HFM_HL_Y,['KY96R'],5.355400085449219,1.3814849853515625,3HFM_HL_Y,1,split_0,3HFM_HL_Y_KY96R_991
1613,4YFD_A_B,['WB4A'],1.1326016187667847,1.098489761352539,4YFD_A_B,1,split_0,4YFD_A_B_WB4A_2081
1614,1A22_A_B,"['SB57A', 'SB61A', 'EB79A', 'KB80A']",-0.8954659700393677,1.1544532775878906,1A22_A_B,4,split_0,"1A22_A_B_SB57A,SB61A,EB79A,KB80A_397"
1615,1A22_A_B,"['NA12R', 'MA14V', 'LA15V', 'RA16L', 'RA19Y', 'FA25S', 'DA26E', 'QA29S', 'EA30Q', 'EA33K']",1.398034691810608,1.9694995880126953,1A22_A_B,10,split_0,"1A22_A_B_NA12R,MA14V,LA15V,RA16L,RA19Y,FA25S,DA26E,QA29S,EA30Q,EA33K_553"
1616,3SE4_B_A,['MB130A'],0.024658843874931335,0.6755027770996094,3SE4_B_A,1,split_0,3SE4_B_A_MB130A_2001
1617,1EMV_A_B,"['QA15E', 'LA16F', 'TA18K', 'TA19K', 'NA22R', 'DA24E', 'TA25G', 'SA26A', 'SA27T', 'EA30D', 'LA31D', 'VA32N', 'TA36R', 'HA37E', 'EA40R', 'MA41L', 'SA46D', 'KA55R', 'EA56D', 'GA57D', 'DA58R', 'DA59E', 'SA63E', 'NA67K', 'TA68E', 'VA69I', 'QA71E']",8.058494567871094,-0.2980194091796875,1EMV_A_B,27,split_0,"1EMV_A_B_QA15E,LA16F,TA18K,TA19K,NA22R,DA24E,TA25G,SA26A,SA27T,EA30D,LA31D,VA32N,TA36R,HA37E,EA40R,MA41L,SA46D,KA55R,EA56D,GA57D,DA58R,DA59E,SA63E,NA67K,TA68E,VA69I,QA71E_131"
1618,1MHP_HL_A,['YH59E'],0.5442506074905396,0.030633926391601562,1MHP_HL_A,1,split_0,1MHP_HL_A_YH59E_1460
1619,4OZG_ABJ_GH,['NG29A'],-0.07165861129760742,0.05722808837890625,4OZG_ABJ_GH,1,split_0,4OZG_ABJ_GH_NG29A_1987
1620,1FSS_A_B,['KB32R'],1.1873283386230469,0.31623077392578125,1FSS_A_B,1,split_0,1FSS_A_B_KB32R_1326
1621,3HFM_HL_Y,['NL32A'],5.109632968902588,0.27232933044433594,3HFM_HL_Y,1,split_0,3HFM_HL_Y_NL32A_881
1622,1A4Y_A_B,['EA287A'],0.10065702348947525,0.8551406860351562,1A4Y_A_B,1,split_0,1A4Y_A_B_EA287A_635
1623,3QIB_ABP_CD,['TB75A'],0.7498465776443481,0.49857330322265625,3QIB_ABP_CD,1,split_0,3QIB_ABP_CD_TB75A_1918
1624,1PPF_E_I,['AI15T'],0.9628335237503052,0.03656959533691406,1PPF_E_I,1,split_0,1PPF_E_I_AI15T_651
1625,3BDY_HL_V,"['DL28N', 'PL30A', 'RL31K', 'SL32T', 'YL57F', 'TL97S', 'TL98S']",-0.9735997319221497,-0.16146278381347656,3BDY_HL_V,7,split_0,"3BDY_HL_V_DL28N,PL30A,RL31K,SL32T,YL57F,TL97S,TL98S_1528"
1626,1FSS_A_B,['HB29K'],-0.6196861267089844,-0.6140041351318359,1FSS_A_B,1,split_0,1FSS_A_B_HB29K_1308
1627,3SE4_B_C,['HC172A'],-0.4106564223766327,0.6996707916259766,3SE4_B_C,1,split_0,3SE4_B_C_HC172A_1784
1628,3S9D_A_B,['KA104A'],0.7751243710517883,0.49252891540527344,3S9D_A_B,1,split_0,3S9D_A_B_KA104A_1603
1629,3S9D_A_B,['KB42A'],0.5891849398612976,0.23749351501464844,3S9D_A_B,1,split_0,3S9D_A_B_KB42A_1761
1630,1A22_A_B,['RB29A'],0.690199077129364,0.6637802124023438,1A22_A_B,1,split_0,1A22_A_B_RB29A_352
1631,5E9D_AB_CDE,['GD27E'],-0.4793570935726166,-0.3721351623535156,5E9D_AB_CDE,1,split_0,5E9D_AB_CDE_GD27E_1043
1632,1A22_A_B,['CB81A'],0.0,0.1413440704345703,1A22_A_B,1,split_0,1A22_A_B_CB81A_483
1633,4RS1_A_B,"['LB146A', 'TB147A', 'SB148A']",-0.2159343957901001,1.1657581329345703,4RS1_A_B,3,split_0,"4RS1_A_B_LB146A,TB147A,SB148A_2207"
1634,3SEK_B_C,['LC44A'],2.6809208393096924,3.598325729370117,3SEK_B_C,1,split_0,3SEK_B_C_LC44A_1322
1635,1PPF_E_I,"['EI10D', 'KI13R', 'AI15D', 'RI21M', 'EI43D']",0.12930475175380707,0.35312843322753906,1PPF_E_I,5,split_0,"1PPF_E_I_EI10D,KI13R,AI15D,RI21M,EI43D_1192"
1636,1R0R_E_I,['LI13P'],7.687726974487305,7.639713287353516,1R0R_E_I,1,split_0,1R0R_E_I_LI13P_638
1637,4OFY_A_D,['QA34A'],1.1767563819885254,0.1394500732421875,4OFY_A_D,1,split_0,4OFY_A_D_QA34A_1974
1638,1R0R_E_I,['TI12A'],0.7870935201644897,2.7929954528808594,1R0R_E_I,1,split_0,1R0R_E_I_TI12A_1191
1639,1A4Y_A_B,"['QA430A', 'VA432A']",0.07221386581659317,0.8337459564208984,1A4Y_A_B,2,split_0,"1A4Y_A_B_QA430A,VA432A_627"
1640,1A22_A_B,['IB62A'],1.7777824401855469,1.2155780792236328,1A22_A_B,1,split_0,1A22_A_B_IB62A_478
1641,1R0R_E_I,['GI27F'],0.11502811312675476,1.4589691162109375,1R0R_E_I,1,split_0,1R0R_E_I_GI27F_951
1642,3HFM_HL_Y,['YL50F'],2.355921745300293,0.0715789794921875,3HFM_HL_Y,1,split_0,3HFM_HL_Y_YL50F_889
1643,2G2U_A_B,"['EB73M', 'YB143F']",-1.5924550294876099,0.42899322509765625,2G2U_A_B,2,split_0,"2G2U_A_B_EB73M,YB143F_399"
1644,1A22_A_B,['TB32A'],0.11091385036706924,0.9549369812011719,1A22_A_B,1,split_0,1A22_A_B_TB32A_354
1645,2G2U_A_B,['YB51A'],-0.6287487745285034,0.5459613800048828,2G2U_A_B,1,split_0,2G2U_A_B_YB51A_376
1646,1A22_A_B,['RA167A'],2.4257025718688965,1.2160320281982422,1A22_A_B,1,split_0,1A22_A_B_RA167A_346
1647,4PWX_AB_CD,['RC31A'],0.33467188477516174,0.2681846618652344,4PWX_AB_CD,1,split_0,4PWX_AB_CD_RC31A_2056
1648,1EMV_A_B,"['SA46D', 'KA55R', 'EA56D', 'GA57D', 'DA58R', 'DA59E', 'SA63E', 'NA67K', 'TA68E', 'VA69I', 'QA71E']",-0.5173725485801697,-3.6804466247558594,1EMV_A_B,11,split_0,"1EMV_A_B_SA46D,KA55R,EA56D,GA57D,DA58R,DA59E,SA63E,NA67K,TA68E,VA69I,QA71E_143"
1649,1PPF_E_I,['LI18A'],1.07108736038208,3.7618656158447266,1PPF_E_I,1,split_0,1PPF_E_I_LI18A_610
1650,4JPK_HL_A,['RA130K'],0.23016907274723053,-0.27750396728515625,4JPK_HL_A,1,split_0,4JPK_HL_A_RA130K_1892
1651,1KTZ_A_B,['EB51A'],1.0801141262054443,0.1716632843017578,1KTZ_A_B,1,split_0,1KTZ_A_B_EB51A_262
1652,1MHP_HL_A,['HL30K'],1.164687991142273,0.10329246520996094,1MHP_HL_A,1,split_0,1MHP_HL_A_HL30K_1453
1653,1PPF_E_I,['EI19Y'],1.248884916305542,0.9309787750244141,1PPF_E_I,1,split_0,1PPF_E_I_EI19Y_740
1654,1MAH_A_F,['YA327A'],0.35676002502441406,1.240386962890625,1MAH_A_F,1,split_0,1MAH_A_F_YA327A_137
1655,1PPF_E_I,"['EI10D', 'LI18M', 'RI21M', 'EI43D']",0.8311648964881897,1.289926528930664,1PPF_E_I,4,split_0,"1PPF_E_I_EI10D,LI18M,RI21M,EI43D_1193"
1656,1PPF_E_I,['AI15I'],0.32947757840156555,-0.4060325622558594,1PPF_E_I,1,split_0,1PPF_E_I_AI15I_654
1657,2BNR_ABC_DE,['DA61A'],-0.08978603780269623,0.36104774475097656,2BNR_ABC_DE,1,split_0,2BNR_ABC_DE_DA61A_1123
1658,1R0R_E_I,"['EI5G', 'LI13M', 'YI15S', 'LI18I', 'KI24T', 'GI27S', 'HI47Y', 'FI48P', 'KI50V']",3.345353603363037,3.2791805267333984,1R0R_E_I,9,split_0,"1R0R_E_I_EI5G,LI13M,YI15S,LI18I,KI24T,GI27S,HI47Y,FI48P,KI50V_1155"
1659,4J2L_A_CD,['WC17A'],2.230583667755127,2.5444412231445312,4J2L_A_CD,1,split_0,4J2L_A_CD_WC17A_1963
1660,3HFM_HL_Y,['YY20F'],-0.4637473225593567,0.33156585693359375,3HFM_HL_Y,1,split_0,3HFM_HL_Y_YY20F_989
1661,3HFM_HL_Y,['KY97A'],5.55808162689209,2.2276840209960938,3HFM_HL_Y,1,split_0,3HFM_HL_Y_KY97A_960
1662,1A22_A_B,['IB62A'],1.607864499092102,1.2155876159667969,1A22_A_B,1,split_0,1A22_A_B_IB62A_361
1663,3HFM_HL_Y,['DY101N'],1.6426256895065308,0.5480461120605469,3HFM_HL_Y,1,split_0,3HFM_HL_Y_DY101N_968
1664,1MHP_HL_A,['FH99Y'],0.7550068497657776,-0.37507057189941406,1MHP_HL_A,1,split_0,1MHP_HL_A_FH99Y_1496
1665,1A4Y_A_B,['HB84A'],0.17043781280517578,0.8466911315917969,1A4Y_A_B,1,split_0,1A4Y_A_B_HB84A_631
1666,1R0R_E_I,['PI9F'],1.3820353746414185,-0.2939338684082031,1R0R_E_I,1,split_0,1R0R_E_I_PI9F_875
1667,3HH2_AB_C,['FC47E'],0.7132960557937622,0.0217437744140625,3HH2_AB_C,1,split_0,3HH2_AB_C_FC47E_1357
1668,3HFM_HL_Y,['DY101K'],2.276810884475708,-0.045055389404296875,3HFM_HL_Y,1,split_0,3HFM_HL_Y_DY101K_971
1669,4I77_HL_Z,['NL95A'],1.7221993207931519,0.1477680206298828,4I77_HL_Z,1,split_0,4I77_HL_Z_NL95A_1389
1670,1MHP_HL_A,['SL90R'],2.728342294692993,0.9057502746582031,1MHP_HL_A,1,split_0,1MHP_HL_A_SL90R_1471
1671,1A22_A_B,['QB37A'],-0.4106564223766327,0.04894828796386719,1A22_A_B,1,split_0,1A22_A_B_QB37A_448
1672,1PPF_E_I,['YI20W'],0.23538224399089813,0.32956886291503906,1PPF_E_I,1,split_0,1PPF_E_I_YI20W_779
1673,1LFD_A_B,"['MA17K', 'DA81K']",-0.4014550745487213,0.3087806701660156,1LFD_A_B,2,split_0,"1LFD_A_B_MA17K,DA81K_166"
1674,1KTZ_A_B,['DB8A'],1.5216164588928223,0.36158180236816406,1KTZ_A_B,1,split_0,1KTZ_A_B_DB8A_247
1675,1IAR_A_B,['KA84A'],0.34497565031051636,0.21877288818359375,1IAR_A_B,1,split_0,1IAR_A_B_KA84A_58
1676,1R0R_E_I,['YI15G'],6.402083396911621,2.7833213806152344,1R0R_E_I,1,split_0,1R0R_E_I_YI15G_784
1677,4J2L_A_CD,"['VA23A', 'SA34D']",2.2666831016540527,1.0398426055908203,4J2L_A_CD,2,split_0,"4J2L_A_CD_VA23A,SA34D_1965"
1678,2JEL_LH_P,['EP85A'],0.0,0.07599830627441406,2JEL_LH_P,1,split_0,2JEL_LH_P_EP85A_244
1679,3KBH_A_E,['YE17A'],0.10001825541257858,1.3107185363769531,3KBH_A_E,1,split_0,3KBH_A_E_YE17A_1838
1680,1R0R_E_I,"['LI13M', 'TI25S', 'GI27D']",2.1459031105041504,2.4853763580322266,1R0R_E_I,3,split_0,"1R0R_E_I_LI13M,TI25S,GI27D_1157"
1681,1A22_A_B,"['NA109D', 'VA110D', 'DA112H']",0.346296101808548,-0.2627277374267578,1A22_A_B,3,split_0,"1A22_A_B_NA109D,VA110D,DA112H_563"
1682,1FSS_A_B,['NB47F'],0.4927620589733124,-0.775665283203125,1FSS_A_B,1,split_0,1FSS_A_B_NB47F_1317
1683,3HFM_HL_Y,['TY89A'],0.0,0.5527744293212891,3HFM_HL_Y,1,split_0,3HFM_HL_Y_TY89A_983
1684,2BNR_ABC_DE,['AA150G'],0.7368884086608887,0.43093299865722656,2BNR_ABC_DE,1,split_0,2BNR_ABC_DE_AA150G_1140
1685,2NYY_DC_A,['SA927A'],0.0,-0.14583969116210938,2NYY_DC_A,1,split_0,2NYY_DC_A_SA927A_1495
1686,1LFD_A_B,['YB40F'],2.3011672496795654,0.7772102355957031,1LFD_A_B,1,split_0,1LFD_A_B_YB40F_2121
1687,1A22_A_B,['RB172A'],0.17779755592346191,0.12291717529296875,1A22_A_B,1,split_0,1A22_A_B_RB172A_495
1688,3S9D_A_B,['KA56A'],0.0,-0.17015647888183594,3S9D_A_B,1,split_0,3S9D_A_B_KA56A_1675
1689,1PPF_E_I,"['AI15V', 'TI17S']",1.7657266855239868,1.4101409912109375,1PPF_E_I,2,split_0,"1PPF_E_I_AI15V,TI17S_1239"
1690,1C1Y_A_B,['KB11A'],1.1089528799057007,-0.022851943969726562,1C1Y_A_B,1,split_0,1C1Y_A_B_KB11A_1794
1691,3SE3_B_A,"['YB43H', 'NB44E', 'SB47Q', 'TB72A']",2.683220148086548,0.2593250274658203,3SE3_B_A,4,split_0,"3SE3_B_A_YB43H,NB44E,SB47Q,TB72A_1664"
1692,1MAH_A_F,['YA69N'],4.816024303436279,0.5633678436279297,1MAH_A_F,1,split_0,1MAH_A_F_YA69N_140
1693,1R0R_E_I,['TI12W'],2.935408115386963,2.5559005737304688,1R0R_E_I,1,split_0,1R0R_E_I_TI12W_726
1694,1TM1_E_I,['YI42A'],2.9815821647644043,3.009815216064453,1TM1_E_I,1,split_0,1TM1_E_I_YI42A_30
1695,1R0R_E_I,['PI9K'],0.3446420133113861,0.2083301544189453,1R0R_E_I,1,split_0,1R0R_E_I_PI9K_871
1696,1R0R_E_I,"['TI12M', 'LI13S', 'GI27V']",3.013808250427246,6.371837615966797,1R0R_E_I,3,split_0,"1R0R_E_I_TI12M,LI13S,GI27V_1147"
1697,3QIB_ABP_CD,['KP8A'],3.1389987468719482,1.5735721588134766,3QIB_ABP_CD,1,split_0,3QIB_ABP_CD_KP8A_1923
1698,4PWX_AB_CD,['EA246K'],1.729231834411621,0.023967742919921875,4PWX_AB_CD,1,split_0,4PWX_AB_CD_EA246K_2039
1699,3S9D_A_B,['SA18A'],0.0,0.19495582580566406,3S9D_A_B,1,split_0,3S9D_A_B_SA18A_1699
1700,1KNE_A_P,"['DA40F', 'TP2F']",-0.15893353521823883,-0.32553863525390625,1KNE_A_P,2,split_0,"1KNE_A_P_DA40F,TP2F_2081"
1701,1A22_A_B,['TA3A'],-0.05472675710916519,0.4664325714111328,1A22_A_B,1,split_0,1A22_A_B_TA3A_498
1702,3HFM_HL_Y,['NY19K'],0.2402186095714569,0.026765823364257812,3HFM_HL_Y,1,split_0,3HFM_HL_Y_NY19K_946
1703,1EMV_A_B,"['FB86A', 'YA52A']",8.723506927490234,4.227437973022461,1EMV_A_B,2,split_0,"1EMV_A_B_FB86A,YA52A_162"
1704,1PPF_E_I,['YI20K'],4.4940690994262695,2.479534149169922,1PPF_E_I,1,split_0,1PPF_E_I_YI20K_773
1705,3S9D_A_B,"['IB90A', 'LA23A']",5.4495320320129395,1.0525779724121094,3S9D_A_B,2,split_0,"3S9D_A_B_IB90A,LA23A_1841"
1706,1PPF_E_I,['YI20V'],4.185900688171387,3.2505321502685547,1PPF_E_I,1,split_0,1PPF_E_I_YI20V_765
1707,4PWX_AB_CD,['YA198A'],1.729231834411621,1.1916980743408203,4PWX_AB_CD,1,split_0,4PWX_AB_CD_YA198A_2035
1708,1EMV_A_B,['SB84A'],-0.10947242379188538,0.008941650390625,1EMV_A_B,1,split_0,1EMV_A_B_SB84A_153
1709,3VR6_ABCDEF_GH,"['LA477A', 'LB482A', 'LC472A', 'VA478A', 'VB483A', 'VC473A']",-0.22198787331581116,2.210674285888672,3VR6_ABCDEF_GH,6,split_0,"3VR6_ABCDEF_GH_LA477A,LB482A,LC472A,VA478A,VB483A,VC473A_2038"
1710,1PPF_E_I,['NI36P'],-2.959597587585449,-0.12154769897460938,1PPF_E_I,1,split_0,1PPF_E_I_NI36P_957
1711,1PPF_E_I,['YI20M'],2.8123996257781982,1.1385383605957031,1PPF_E_I,1,split_0,1PPF_E_I_YI20M_770
1712,1E50_A_B,['TA91A'],1.513062834739685,1.991342544555664,1E50_A_B,1,split_0,1E50_A_B_TA91A_2010
1713,4PWX_AB_CD,['KB65D'],0.1188877522945404,0.2789955139160156,4PWX_AB_CD,1,split_0,4PWX_AB_CD_KB65D_2043
1714,1R0R_E_I,['LI13G'],2.352891206741333,5.13722038269043,1R0R_E_I,1,split_0,1R0R_E_I_LI13G_632
1715,1R0R_E_I,['GI27Q'],2.0329103469848633,2.409412384033203,1R0R_E_I,1,split_0,1R0R_E_I_GI27Q_948
1716,1IAR_A_B,['WA91D'],1.3066062927246094,0.34671783447265625,1IAR_A_B,1,split_0,1IAR_A_B_WA91D_66
1717,3HFM_HL_Y,['RY21N'],2.488123655319214,0.349822998046875,3HFM_HL_Y,1,split_0,3HFM_HL_Y_RY21N_952
1718,1B2S_A_D,"['AA27K', 'AD43T']",-5.7239251136779785,-4.942342758178711,1B2S_A_D,2,split_0,"1B2S_A_D_AA27K,AD43T_94"
1719,1PPF_E_I,['LI18E'],7.056237697601318,5.870723724365234,1PPF_E_I,1,split_0,1PPF_E_I_LI18E_622
1720,3S9D_A_B,['RA26K'],4.673607349395752,0.2844200134277344,3S9D_A_B,1,split_0,3S9D_A_B_RA26K_1630
1721,4J2L_A_CD,['SA34D'],-0.9704915285110474,0.10200309753417969,4J2L_A_CD,1,split_0,4J2L_A_CD_SA34D_1969
1722,2B11_A_B,['WB87F'],-0.7541710138320923,-0.570098876953125,2B11_A_B,1,split_0,2B11_A_B_WB87F_194
1723,1EMV_A_B,['LA50A'],0.6013163924217224,2.9204368591308594,1EMV_A_B,1,split_0,1EMV_A_B_LA50A_189
1724,1A22_A_B,['EA175A'],-0.13657419383525848,0.17038345336914062,1A22_A_B,1,split_0,1A22_A_B_EA175A_543
1725,3S9D_A_B,"['TB33A', 'LA8A']",3.5785608291625977,0.8520793914794922,3S9D_A_B,2,split_0,"3S9D_A_B_TB33A,LA8A_1816"
1726,1MHP_HL_A,['RH31Q'],1.3079134225845337,0.19010353088378906,1MHP_HL_A,1,split_0,1MHP_HL_A_RH31Q_1457
1727,1E50_A_B,['TA91A'],1.0438679456710815,1.991353988647461,1E50_A_B,1,split_0,1E50_A_B_TA91A_2023
1728,1PPF_E_I,['AI15H'],0.5528879165649414,-0.7933864593505859,1PPF_E_I,1,split_0,1PPF_E_I_AI15H_661
1729,1LFD_A_B,['QB25A'],0.9006381034851074,0.07123947143554688,1LFD_A_B,1,split_0,1LFD_A_B_QB25A_2118
1730,1LFD_A_B,"['NA14A', 'RB41A']",1.4377479553222656,0.5023231506347656,1LFD_A_B,2,split_0,"1LFD_A_B_NA14A,RB41A_2169"
1731,1EMV_A_B,"['FB86A', 'VA35A']",4.068404197692871,2.6875553131103516,1EMV_A_B,2,split_0,"1EMV_A_B_FB86A,VA35A_161"
1732,1MAH_A_F,"['YA69N', 'WA276R']",10.734281539916992,0.8834495544433594,1MAH_A_F,2,split_0,"1MAH_A_F_YA69N,WA276R_144"
1733,1R0R_E_I,['EI14R'],2.0894362926483154,2.003225326538086,1R0R_E_I,1,split_0,1R0R_E_I_EI14R_762
1734,3HH2_AB_C,['FC52E'],0.8165920972824097,-0.06021690368652344,3HH2_AB_C,1,split_0,3HH2_AB_C_FC52E_1359
1735,1R0R_E_I,"['EI5D', 'TI12R', 'LI13M', 'RI16M', 'EI38D']",3.3970813751220703,2.8236541748046875,1R0R_E_I,5,split_0,"1R0R_E_I_EI5D,TI12R,LI13M,RI16M,EI38D_1133"
1736,1R0R_E_I,['RI16Y'],0.8233245611190796,1.0192794799804688,1R0R_E_I,1,split_0,1R0R_E_I_RI16Y_839
1737,2JEL_LH_P,['NP38T'],0.0,0.010725021362304688,2JEL_LH_P,1,split_0,2JEL_LH_P_NP38T_220
1738,3S9D_A_B,['LA124A'],1.3358573913574219,0.5440139770507812,3S9D_A_B,1,split_0,3S9D_A_B_LA124A_1647
1739,3S9D_A_B,"['IB90A', 'RA120A']",4.908470153808594,1.3371200561523438,3S9D_A_B,2,split_0,"3S9D_A_B_IB90A,RA120A_1844"
1740,1KNE_A_P,['DA40I'],0.46075260639190674,0.23411941528320312,1KNE_A_P,1,split_0,1KNE_A_P_DA40I_2083
1741,1OHZ_A_B,"['SB11A', 'TB12A', 'SB45A', 'TB46A']",0.0,1.1053199768066406,1OHZ_A_B,4,split_0,"1OHZ_A_B_SB11A,TB12A,SB45A,TB46A_2286"
1742,3SE3_B_A,"['YB43H', 'NB44E', 'SB47Q', 'FB50A']",2.912252187728882,0.6147518157958984,3SE3_B_A,4,split_0,"3SE3_B_A_YB43H,NB44E,SB47Q,FB50A_1726"
1743,3S9D_A_B,['LA23A'],3.681856870651245,0.4520130157470703,3S9D_A_B,1,split_0,3S9D_A_B_LA23A_1591
1744,4RS1_A_B,"['EA25K', 'DA92K']",4.122901916503906,-0.5848312377929688,4RS1_A_B,2,split_0,"4RS1_A_B_EA25K,DA92K_2232"
1745,3S9D_A_B,['EA103A'],-0.16519483923912048,-0.06546401977539062,3S9D_A_B,1,split_0,3S9D_A_B_EA103A_1714
1746,4YFD_A_B,['EA259A'],1.2165226936340332,0.6062278747558594,4YFD_A_B,1,split_0,4YFD_A_B_EA259A_2078
1747,3S9D_A_B,['RA16A'],0.3591063618659973,0.20723342895507812,3S9D_A_B,1,split_0,3S9D_A_B_RA16A_1621
1748,1H9D_A_B,['QB66A'],1.3641711473464966,0.8408603668212891,1H9D_A_B,1,split_0,1H9D_A_B_QB66A_515
1749,2G2U_A_B,['YB143A'],-1.8472355604171753,0.9429836273193359,2G2U_A_B,1,split_0,2G2U_A_B_YB143A_385
1750,4JPK_HL_A,['VA30N'],0.5948610901832581,0.036895751953125,4JPK_HL_A,1,split_0,4JPK_HL_A_VA30N_1888
1751,4OZG_ABJ_GH,['YG33F'],1.7440438270568848,-0.058834075927734375,4OZG_ABJ_GH,1,split_0,4OZG_ABJ_GH_YG33F_1989
1752,4PWX_AB_CD,['KC9A'],-0.274082213640213,0.9630374908447266,4PWX_AB_CD,1,split_0,4PWX_AB_CD_KC9A_2048
1753,2JEL_LH_P,['VP6F'],0.0,-0.45014381408691406,2JEL_LH_P,1,split_0,2JEL_LH_P_VP6F_208
1754,1PPF_E_I,['AI15S'],0.7564785480499268,-0.0083160400390625,1PPF_E_I,1,split_0,1PPF_E_I_AI15S_648
1755,4BFI_A_B,['NB43A'],2.317685842514038,0.42893028259277344,4BFI_A_B,1,split_0,4BFI_A_B_NB43A_1593
1756,1R0R_E_I,"['LI13I', 'GI27D']",5.3034586906433105,5.748725891113281,1R0R_E_I,2,split_0,"1R0R_E_I_LI13I,GI27D_1158"
1757,3S9D_A_B,['HA27A'],0.5736418962478638,0.8340473175048828,3S9D_A_B,1,split_0,3S9D_A_B_HA27A_1633
1758,1C1Y_A_B,['RB5A'],1.907029390335083,1.2227439880371094,1C1Y_A_B,1,split_0,1C1Y_A_B_RB5A_1798
1759,3S9D_A_B,['MB35V'],2.9259908199310303,0.07433509826660156,3S9D_A_B,1,split_0,3S9D_A_B_MB35V_1854
1760,5UFE_A_B,['GA12C'],-0.3963797688484192,-0.16039657592773438,5UFE_A_B,1,split_0,5UFE_A_B_GA12C_2399
1761,1A22_A_B,['SB61A'],0.4671231210231781,0.23400306701660156,1A22_A_B,1,split_0,1A22_A_B_SB61A_454
1762,2JEL_LH_P,['SP41C'],1.496372938156128,-0.03396034240722656,2JEL_LH_P,1,split_0,2JEL_LH_P_SP41C_221
1763,1A22_A_B,['QA68A'],0.588454008102417,0.10135459899902344,1A22_A_B,1,split_0,1A22_A_B_QA68A_337
1764,2C5D_AB_CD,"['FA207A', 'FB207A']",0.19934363663196564,1.2146377563476562,2C5D_AB_CD,2,split_0,"2C5D_AB_CD_FA207A,FB207A_2165"
1765,1R0R_E_I,['GI27I'],1.98118257522583,2.6623382568359375,1R0R_E_I,1,split_0,1R0R_E_I_GI27I_943
1766,4PWX_AB_CD,['EC67K'],1.1038674116134644,-0.23125457763671875,4PWX_AB_CD,1,split_0,4PWX_AB_CD_EC67K_2058
1767,3S9D_A_B,"['TB33A', 'FA20A']",3.02142596244812,1.068084716796875,3S9D_A_B,2,split_0,"3S9D_A_B_TB33A,FA20A_1818"
1768,3S9D_A_B,['MA119A'],2.077467203140259,0.702972412109375,3S9D_A_B,1,split_0,3S9D_A_B_MA119A_1720
1769,1PPF_E_I,['AI15D'],1.1382291316986084,-0.48828125,1PPF_E_I,1,split_0,1PPF_E_I_AI15D_657
1770,3HFM_HL_Y,['RY21W'],1.9741711616516113,0.46181297302246094,3HFM_HL_Y,1,split_0,3HFM_HL_Y_RY21W_939
1771,1R0R_E_I,['KI8V'],0.4106564223766327,-0.13858604431152344,1R0R_E_I,1,split_0,1R0R_E_I_KI8V_902
1772,1R0R_E_I,['LI13M'],-0.5162599682807922,0.32750701904296875,1R0R_E_I,1,split_0,1R0R_E_I_LI13M_640
1773,1A4Y_A_B,"['RB5A', 'YA434A']",6.9797892570495605,4.308477401733398,1A4Y_A_B,2,split_0,"1A4Y_A_B_RB5A,YA434A_655"
1774,4RS1_A_B,['RA10D'],0.17839030921459198,-0.5557518005371094,4RS1_A_B,1,split_0,4RS1_A_B_RA10D_2249
1775,1R0R_E_I,['EI14T'],4.2522759437561035,1.6690292358398438,1R0R_E_I,1,split_0,1R0R_E_I_EI14T_751
1776,1R0R_E_I,['KI8P'],1.347826600074768,0.9514102935791016,1R0R_E_I,1,split_0,1R0R_E_I_KI8P_904
1777,1A22_A_B,['HA18A'],-0.486391544342041,1.2626476287841797,1A22_A_B,1,split_0,1A22_A_B_HA18A_320
1778,4CPA_A_I,['YI36G'],0.5019832849502563,1.115142822265625,4CPA_A_I,1,split_0,4CPA_A_I_YI36G_280
1779,1R0R_E_I,['AI10D'],5.228435039520264,-0.6438694000244141,1R0R_E_I,1,split_0,1R0R_E_I_AI10D_680
1780,1PPF_E_I,['AI15E'],0.10560351610183716,-0.050586700439453125,1PPF_E_I,1,split_0,1PPF_E_I_AI15E_660
1781,2G2U_A_B,['WB162A'],0.5312100648880005,1.73358154296875,2G2U_A_B,1,split_0,2G2U_A_B_WB162A_390
1782,1A22_A_B,"['RB116A', 'DB119A', 'KB122A']",-0.0624210461974144,1.2608108520507812,1A22_A_B,3,split_0,"1A22_A_B_RB116A,DB119A,KB122A_404"
1783,1A22_A_B,['SA51A'],0.3482353687286377,0.051738739013671875,1A22_A_B,1,split_0,1A22_A_B_SA51A_330
1784,5CYK_A_B,['EB52A'],-2.1159675121307373,-1.4482231140136719,5CYK_A_B,1,split_0,5CYK_A_B_EB52A_2203
1785,1A22_A_B,['RA16A'],0.2402186095714569,0.1576213836669922,1A22_A_B,1,split_0,1A22_A_B_RA16A_509
1786,4I77_HL_Z,['DH54A'],2.9955828189849854,0.9588050842285156,4I77_HL_Z,1,split_0,4I77_HL_Z_DH54A_1396
1787,1PPF_E_I,['RI21P'],6.705569267272949,6.80421257019043,1PPF_E_I,1,split_0,1PPF_E_I_RI21P_805
1788,1R0R_E_I,"['EI5D', 'AI10V', 'TI12S', 'EI14D', 'RI16M', 'KI24T', 'GI27N', 'NI31I', 'EI38D', 'LI43I']",1.774827480316162,5.153209686279297,1R0R_E_I,10,split_0,"1R0R_E_I_EI5D,AI10V,TI12S,EI14D,RI16M,KI24T,GI27N,NI31I,EI38D,LI43I_1178"
1789,1A22_A_B,['RA172A'],0.43623384833335876,0.4173927307128906,1A22_A_B,1,split_0,1A22_A_B_RA172A_540
1790,2NYY_DC_A,['SC28Q'],0.4163622558116913,0.011877059936523438,2NYY_DC_A,1,split_0,2NYY_DC_A_SC28Q_1509
1791,4BFI_A_B,['QB6K'],-0.011969134211540222,-0.3599395751953125,4BFI_A_B,1,split_0,4BFI_A_B_QB6K_1599
1792,1R0R_E_I,"['EI5D', 'AI10V', 'EI14D', 'RI16M', 'GI27S', 'EI38D', 'LI43I', 'KI50R']",-0.2402186095714569,1.5853805541992188,1R0R_E_I,8,split_0,"1R0R_E_I_EI5D,AI10V,EI14D,RI16M,GI27S,EI38D,LI43I,KI50R_1180"
1793,2BNR_ABC_DE,['TA64A'],0.2714707851409912,-0.078155517578125,2BNR_ABC_DE,1,split_0,2BNR_ABC_DE_TA64A_1125
1794,1LFD_A_B,['DA38K'],-0.9017500281333923,-0.813201904296875,1LFD_A_B,1,split_0,1LFD_A_B_DA38K_154
1795,3SE3_B_A,['TA166A'],-0.15638691186904907,0.5012321472167969,3SE3_B_A,1,split_0,3SE3_B_A_TA166A_1795
1796,1A4Y_A_B,['WA375A'],1.0353621244430542,1.3323593139648438,1A4Y_A_B,1,split_0,1A4Y_A_B_WA375A_640
1797,3S9D_A_B,['WB61F'],0.7250281572341919,0.008342742919921875,3S9D_A_B,1,split_0,3S9D_A_B_WB61F_1612
1798,4RS1_A_B,['RA11D'],0.19012241065502167,-1.2655925750732422,4RS1_A_B,1,split_0,4RS1_A_B_RA11D_2250
1799,1MHP_HL_A,['SH52M'],2.0767698287963867,0.4350299835205078,1MHP_HL_A,1,split_0,1MHP_HL_A_SH52M_1475
1800,1EMV_A_B,['QB92A'],-0.2777280807495117,0.386260986328125,1EMV_A_B,1,split_0,1EMV_A_B_QB92A_156
1801,1KTZ_A_B,['DB94A'],0.8147421479225159,0.2588157653808594,1KTZ_A_B,1,split_0,1KTZ_A_B_DB94A_257
1802,3VR6_ABCDEF_GH,['RG134A'],0.8304983377456665,0.799346923828125,3VR6_ABCDEF_GH,1,split_0,3VR6_ABCDEF_GH_RG134A_2028
1803,3S9D_A_B,['YA75A'],0.3026396632194519,0.5015487670898438,3S9D_A_B,1,split_0,3S9D_A_B_YA75A_1682
1804,4I77_HL_Z,['YL32A'],0.0,0.5018959045410156,4I77_HL_Z,1,split_0,4I77_HL_Z_YL32A_1388
1805,3F1S_A_B,['YA202A'],2.996121644973755,0.8705635070800781,3F1S_A_B,1,split_0,3F1S_A_B_YA202A_2049
1806,1LFD_A_B,['YA18A'],3.4585320949554443,0.48642730712890625,1LFD_A_B,1,split_0,1LFD_A_B_YA18A_2128
1807,3SE3_B_A,"['YB43H', 'NB44E', 'SB47Q', 'NB51A']",3.0309817790985107,-0.023464202880859375,3SE3_B_A,4,split_0,"3SE3_B_A_YB43H,NB44E,SB47Q,NB51A_1654"
1808,1A22_A_B,['RB168A'],-0.19052284955978394,0.3527259826660156,1A22_A_B,1,split_0,1A22_A_B_RB168A_432
1809,1PPF_E_I,['NI36I'],0.8715066909790039,0.34505653381347656,1PPF_E_I,1,split_0,1PPF_E_I_NI36I_959
1810,1JTD_A_B,['YB170A'],2.027261972427368,1.7103443145751953,1JTD_A_B,1,split_0,1JTD_A_B_YB170A_2275
1811,1PPF_E_I,['GI32E'],1.4575586318969727,1.8395576477050781,1PPF_E_I,1,split_0,1PPF_E_I_GI32E_926
1812,1LFD_A_B,['NA14K'],0.40297210216522217,-0.08287811279296875,1LFD_A_B,1,split_0,1LFD_A_B_NA14K_174
1813,1A22_A_B,"['RB29A', 'RB30A', 'EB34A']",0.9535146951675415,1.1506309509277344,1A22_A_B,3,split_0,"1A22_A_B_RB29A,RB30A,EB34A_401"
1814,1LFD_A_B,['LA42K'],-0.5710011124610901,0.4804229736328125,1LFD_A_B,1,split_0,1LFD_A_B_LA42K_182
1815,1PPF_E_I,['LI18I'],-0.7328830361366272,4.6512451171875,1PPF_E_I,1,split_0,1PPF_E_I_LI18I_616
1816,1FSS_A_B,['MB33F'],0.9372820854187012,0.4556388854980469,1FSS_A_B,1,split_0,1FSS_A_B_MB33F_1311
1817,1A22_A_B,['SA7A'],0.346296101808548,0.19410133361816406,1A22_A_B,1,split_0,1A22_A_B_SA7A_502
1818,1LFD_A_B,"['NA16A', 'RB41A']",0.7661910653114319,0.6370677947998047,1LFD_A_B,2,split_0,"1LFD_A_B_NA16A,RB41A_2170"
1819,1R0R_E_I,['RI16L'],0.23210270702838898,0.9327373504638672,1R0R_E_I,1,split_0,1R0R_E_I_RI16L_829
1820,1PPF_E_I,"['EI10D', 'AI15V', 'EI19D', 'RI21M', 'GI32S', 'EI43D', 'LI48I', 'KI55R']",2.486314535140991,1.910074234008789,1PPF_E_I,8,split_0,"1PPF_E_I_EI10D,AI15V,EI19D,RI21M,GI32S,EI43D,LI48I,KI55R_1232"
1821,3S9D_A_B,"['TB33A', 'RA115A']",4.048243045806885,1.0357723236083984,3S9D_A_B,2,split_0,"3S9D_A_B_TB33A,RA115A_1820"
1822,1R0R_E_I,['PI9W'],0.48534274101257324,-0.4090385437011719,1R0R_E_I,1,split_0,1R0R_E_I_PI9W_878
1823,3SE3_B_A,"['YB43H', 'NB44E', 'SB47Q', 'NB79A']",2.772106647491455,0.15924072265625,3SE3_B_A,4,split_0,"3SE3_B_A_YB43H,NB44E,SB47Q,NB79A_1667"
1824,1A22_A_B,['EB38A'],-0.07911093533039093,-0.029521942138671875,1A22_A_B,1,split_0,1A22_A_B_EB38A_414
1825,1E50_A_B,['MA48A'],1.3202656507492065,1.1332759857177734,1E50_A_B,1,split_0,1E50_A_B_MA48A_2006
1826,1S1Q_A_B,['DA44A'],0.9655211567878723,1.5930938720703125,1S1Q_A_B,1,split_0,1S1Q_A_B_DA44A_227
1827,3S9D_A_B,['RA120A'],3.1016509532928467,0.8883914947509766,3S9D_A_B,1,split_0,3S9D_A_B_RA120A_1808
1828,4YEB_A_B,['RB88T'],0.2775775194168091,0.014360427856445312,4YEB_A_B,1,split_0,4YEB_A_B_RB88T_1676
1829,4I77_HL_Z,['YH103A'],1.6923214197158813,1.438894271850586,4I77_HL_Z,1,split_0,4I77_HL_Z_YH103A_1383
1830,1R0R_E_I,['KI8D'],-0.5933101773262024,-0.04384422302246094,1R0R_E_I,1,split_0,1R0R_E_I_KI8D_909
1831,1PPF_E_I,['RI21K'],0.6045563817024231,0.3375587463378906,1PPF_E_I,1,split_0,1PPF_E_I_RI21K_811
1832,1MHP_HL_A,['LH60D'],-0.12269474565982819,-0.32471466064453125,1MHP_HL_A,1,split_0,1MHP_HL_A_LH60D_1430
1833,3S9D_A_B,['AA12W'],-0.18106503784656525,-0.06850814819335938,3S9D_A_B,1,split_0,3S9D_A_B_AA12W_1695
1834,1MHP_HL_A,"['TH50V', 'KH64E', 'SL27Q', 'NL51Y']",-1.043681025505066,-1.3926239013671875,1MHP_HL_A,4,split_0,"1MHP_HL_A_TH50V,KH64E,SL27Q,NL51Y_1450"
1835,1R0R_E_I,['PI9T'],1.1977499723434448,-0.20579910278320312,1R0R_E_I,1,split_0,1R0R_E_I_PI9T_865
1836,4OFY_A_D,['FA40A'],4.604454040527344,1.1431732177734375,4OFY_A_D,1,split_0,4OFY_A_D_FA40A_1977
1837,1A22_A_B,['PB65A'],3.3057219982147217,0.3733501434326172,1A22_A_B,1,split_0,1A22_A_B_PB65A_364
1838,1IAR_A_B,['QA8R'],0.038921285420656204,-0.08640289306640625,1IAR_A_B,1,split_0,1IAR_A_B_QA8R_36
1839,3S9D_A_B,"['IB90A', 'MA119A']",4.035335063934326,0.9789543151855469,3S9D_A_B,2,split_0,"3S9D_A_B_IB90A,MA119A_1843"
1840,1R0R_E_I,['LI13W'],1.5239337682724,-0.3667564392089844,1R0R_E_I,1,split_0,1R0R_E_I_LI13W_650
1841,3M62_A_B,['IA110A'],1.8539384603500366,1.2415790557861328,3M62_A_B,1,split_0,3M62_A_B_IA110A_1296
1842,1R0R_E_I,['YI15H'],3.4711196422576904,1.246124267578125,1R0R_E_I,1,split_0,1R0R_E_I_YI15H_799
1843,1PPF_E_I,['NI36W'],1.721962332725525,1.6861438751220703,1PPF_E_I,1,split_0,1PPF_E_I_NI36W_969
1844,1IAR_A_B,['TA6A'],-0.10364440828561783,0.5032691955566406,1IAR_A_B,1,split_0,1IAR_A_B_TA6A_33
1845,3HFM_HL_Y,['YH58L'],1.4893616437911987,0.9871749877929688,3HFM_HL_Y,1,split_0,3HFM_HL_Y_YH58L_928
1846,1B2S_A_D,['AA27K'],-3.866295337677002,-4.7518768310546875,1B2S_A_D,1,split_0,1B2S_A_D_AA27K_92
1847,1R0R_E_I,"['KI8T', 'PI9E', 'AI10Y']",-0.8727518916130066,-3.1669883728027344,1R0R_E_I,3,split_0,"1R0R_E_I_KI8T,PI9E,AI10Y_1422"
1848,4OZG_ABJ_GH,['NH50A'],-0.11102414131164551,0.07978057861328125,4OZG_ABJ_GH,1,split_0,4OZG_ABJ_GH_NH50A_1993
1849,1A4Y_A_B,"['YA434A', 'DA435A']",6.820855617523193,6.961174011230469,1A4Y_A_B,2,split_0,"1A4Y_A_B_YA434A,DA435A_653"
1850,1PPF_E_I,['YI20N'],3.6438136100769043,2.424497604370117,1PPF_E_I,1,split_0,1PPF_E_I_YI20N_771
1851,1R0R_E_I,['TI12E'],2.8231136798858643,3.9222183227539062,1R0R_E_I,1,split_0,1R0R_E_I_TI12E_1185
1852,1LFD_A_B,['DA38A'],-0.2905236482620239,-0.3617973327636719,1LFD_A_B,1,split_0,1LFD_A_B_DA38A_2132
1853,1LFD_A_B,['RA7A'],2.304816722869873,2.299285888671875,1LFD_A_B,1,split_0,1LFD_A_B_RA7A_2124
1854,5M2O_A_B,['QB61A'],-0.15775099396705627,0.3071937561035156,5M2O_A_B,1,split_0,5M2O_A_B_QB61A_1869
1855,1A22_A_B,['DA160A'],1.1578161716461182,0.16393470764160156,1A22_A_B,1,split_0,1A22_A_B_DA160A_530
1856,2BTF_A_P,['KP125A'],0.46005600690841675,0.8509979248046875,2BTF_A_P,1,split_0,2BTF_A_P_KP125A_130
1857,3N06_A_B,['AA14H'],-0.1265324056148529,0.008220672607421875,3N06_A_B,1,split_0,3N06_A_B_AA14H_489
1858,4RS1_A_B,['DA92K'],3.2598674297332764,-0.5274658203125,4RS1_A_B,1,split_0,4RS1_A_B_DA92K_2227
1859,3SE3_B_A,"['YB43H', 'NB44E', 'SB47Q', 'RB92K']",2.610769510269165,0.04698944091796875,3SE3_B_A,4,split_0,"3SE3_B_A_YB43H,NB44E,SB47Q,RB92K_1744"
1860,1KNE_A_P,"['AA3T', 'TP2L']",0.5634077787399292,-0.2789325714111328,1KNE_A_P,2,split_0,"1KNE_A_P_AA3T,TP2L_2077"
1861,1R0R_E_I,"['EI5D', 'RI16M', 'KI24Q', 'GI27S', 'NI31S', 'EI38D']",0.6687392592430115,1.6733283996582031,1R0R_E_I,6,split_0,"1R0R_E_I_EI5D,RI16M,KI24Q,GI27S,NI31S,EI38D_1124"
1862,1PPF_E_I,['PI14M'],-1.5744526386260986,-0.33042144775390625,1PPF_E_I,1,split_0,1PPF_E_I_PI14M_845
1863,1LFD_A_B,['EA44A'],0.19088996946811676,0.05654335021972656,1LFD_A_B,1,split_0,1LFD_A_B_EA44A_2135
1864,4RS1_A_B,['KA91Q'],0.274082213640213,0.0440216064453125,4RS1_A_B,1,split_0,4RS1_A_B_KA91Q_2241
1865,2G2U_A_B,"['EB73A', 'YB50A']",-2.452514886856079,-0.6189613342285156,2G2U_A_B,2,split_0,"2G2U_A_B_EB73A,YB50A_391"
1866,1A22_A_B,['IA58A'],1.6597994565963745,1.3188743591308594,1A22_A_B,1,split_0,1A22_A_B_IA58A_516
1867,2QJB_AB_C,"['TC43A', 'LC47M', 'GC48K', 'LC49Y', 'HC11G', 'EC15D', 'TC30A', 'MC31I']",-0.4228723645210266,-0.5706634521484375,2QJB_AB_C,8,split_0,"2QJB_AB_C_TC43A,LC47M,GC48K,LC49Y,HC11G,EC15D,TC30A,MC31I_310"
1868,4UYP_A_D,"['RD14N', 'KD50N', 'SD15I', 'ID16N']",0.6891109943389893,0.677337646484375,4UYP_A_D,4,split_0,"4UYP_A_D_RD14N,KD50N,SD15I,ID16N_1404"
1869,1KNE_A_P,"['AA3T', 'TP2F']",0.7853956818580627,-0.46813392639160156,1KNE_A_P,2,split_0,"1KNE_A_P_AA3T,TP2F_2076"
1870,1R0R_E_I,"['EI5D', 'LI13V', 'RI16M', 'GI27D', 'EI38D']",4.6621623039245605,6.3952178955078125,1R0R_E_I,5,split_0,"1R0R_E_I_EI5D,LI13V,RI16M,GI27D,EI38D_1131"
1871,1R0R_E_I,['NI31H'],0.28546592593193054,-0.10635757446289062,1R0R_E_I,1,split_0,1R0R_E_I_NI31H_988
1872,1LFD_A_B,['DA81K'],-1.1467818021774292,-0.07550811767578125,1LFD_A_B,1,split_0,1LFD_A_B_DA81K_189
1873,1R0R_E_I,"['DI2N', 'EI5G', 'LI13M', 'RI16M', 'EI38D', 'KI50E']",-1.0495623350143433,0.4757823944091797,1R0R_E_I,6,split_0,"1R0R_E_I_DI2N,EI5G,LI13M,RI16M,EI38D,KI50E_1135"
1874,3S9D_A_B,['KA24A'],0.6508750319480896,0.5069770812988281,3S9D_A_B,1,split_0,3S9D_A_B_KA24A_1628
1875,3QIB_ABP_CD,['YP6F'],0.10801676660776138,-0.1626129150390625,3QIB_ABP_CD,1,split_0,3QIB_ABP_CD_YP6F_1922
1876,3S9D_A_B,"['EB66A', 'LA23A']",6.058159828186035,0.7867240905761719,3S9D_A_B,2,split_0,"3S9D_A_B_EB66A,LA23A_1879"
1877,3S9D_A_B,"['EB66A', 'LA124A']",3.7697885036468506,0.6021671295166016,3S9D_A_B,2,split_0,"3S9D_A_B_EB66A,LA124A_1885"
1878,1PPF_E_I,['EI19L'],1.07108736038208,1.4849433898925781,1PPF_E_I,1,split_0,1PPF_E_I_EI19L_730
1879,1JTD_A_B,['NB266A'],2.6700212955474854,2.376657485961914,1JTD_A_B,1,split_0,1JTD_A_B_NB266A_2283
1880,1PPF_E_I,['NI36T'],0.5528879165649414,-0.46250152587890625,1PPF_E_I,1,split_0,1PPF_E_I_NI36T_956
1881,1E50_A_B,['KA86M'],0.32008570432662964,-0.29426002502441406,1E50_A_B,1,split_0,1E50_A_B_KA86M_2022
1882,2G2U_A_B,['SB130K'],-1.4694386720657349,-1.2867794036865234,2G2U_A_B,1,split_0,2G2U_A_B_SB130K_401
1883,1KNE_A_P,"['DA40K', 'TP2F']",-0.03591717779636383,-0.104034423828125,1KNE_A_P,2,split_0,"1KNE_A_P_DA40K,TP2F_2091"
1884,1A22_A_B,['KB40A'],0.1439339518547058,0.4588336944580078,1A22_A_B,1,split_0,1A22_A_B_KB40A_415
1885,1R0R_E_I,['YI15Q'],4.503169536590576,2.679433822631836,1R0R_E_I,1,split_0,1R0R_E_I_YI15Q_797
1886,3S9D_A_B,['IB34A'],1.9302657842636108,0.4029369354248047,3S9D_A_B,1,split_0,3S9D_A_B_IB34A_1853
1887,1EMV_A_B,['GA47A'],1.4860434532165527,1.1144676208496094,1EMV_A_B,1,split_0,1EMV_A_B_GA47A_186
1888,1R0R_E_I,['AI10I'],-1.7995165586471558,-0.5725212097167969,1R0R_E_I,1,split_0,1R0R_E_I_AI10I_677
1889,1LFD_A_B,"['YA18F', 'SB39A']",0.8008137345314026,0.6835174560546875,1LFD_A_B,2,split_0,"1LFD_A_B_YA18F,SB39A_2150"
1890,3SE3_B_A,"['YB43H', 'NB44E', 'SB47A']",1.88284432888031,0.0191650390625,3SE3_B_A,3,split_0,"3SE3_B_A_YB43H,NB44E,SB47A_1749"
1891,1PPF_E_I,['GI32D'],2.497086763381958,1.8708858489990234,1PPF_E_I,1,split_0,1PPF_E_I_GI32D_923
1892,2G2U_A_B,['HB148A'],1.118950605392456,2.2695751190185547,2G2U_A_B,1,split_0,2G2U_A_B_HB148A_387
1893,3HFM_HL_Y,['RY21W'],2.2935006618499756,0.4618072509765625,3HFM_HL_Y,1,split_0,3HFM_HL_Y_RY21W_958
1894,2NYY_DC_A,"['KD29S', 'YD30D', 'DD31H', 'SD60P']",0.04996808245778084,0.0308074951171875,2NYY_DC_A,4,split_0,"2NYY_DC_A_KD29S,YD30D,DD31H,SD60P_1516"
1895,1KNE_A_P,"['AA3F', 'TP2K']",-0.03591717779636383,-2.0946617126464844,1KNE_A_P,2,split_0,"1KNE_A_P_AA3F,TP2K_2059"
1896,1E50_A_B,['SA56A'],0.9783764481544495,0.2092151641845703,1E50_A_B,1,split_0,1E50_A_B_SA56A_2009
1897,1LFD_A_B,['IA5A'],1.0004743337631226,0.6487140655517578,1LFD_A_B,1,split_0,1LFD_A_B_IA5A_2106
1898,5CYK_A_B,"['EB52R', 'TB50Q']",-2.617950916290283,-1.5254249572753906,5CYK_A_B,2,split_0,"5CYK_A_B_EB52R,TB50Q_2202"
1899,1R0R_E_I,['TI12S'],0.8283241987228394,1.9375,1R0R_E_I,1,split_0,1R0R_E_I_TI12S_1187
1900,3AAA_AB_C,['RA258A'],2.2457852363586426,0.6889801025390625,3AAA_AB_C,1,split_0,3AAA_AB_C_RA258A_1236
1901,1LFD_A_B,['DA38K'],-1.0864804983139038,-0.8131790161132812,1LFD_A_B,1,split_0,1LFD_A_B_DA38K_179
1902,1PPF_E_I,['TI17R'],3.4516680240631104,1.9861736297607422,1PPF_E_I,1,split_0,1PPF_E_I_TI17R_701
1903,1C1Y_A_B,['TB14A'],1.4554979801177979,0.9405040740966797,1C1Y_A_B,1,split_0,1C1Y_A_B_TB14A_1796
1904,2JEL_LH_P,['HP76A'],-0.4106564223766327,0.9030914306640625,2JEL_LH_P,1,split_0,2JEL_LH_P_HP76A_238
1905,1PPF_E_I,['RI21D'],0.20805256068706512,1.6246318817138672,1PPF_E_I,1,split_0,1PPF_E_I_RI21D_810
1906,3S9D_A_B,['KB42A'],0.3802676200866699,0.23749160766601562,3S9D_A_B,1,split_0,3S9D_A_B_KB42A_1611
1907,1PPF_E_I,['RI21C'],-0.08117883652448654,1.5650348663330078,1PPF_E_I,1,split_0,1PPF_E_I_RI21C_802
1908,3NCC_A_B,['AB188H'],-2.0941569805145264,-1.7935466766357422,3NCC_A_B,1,split_0,3NCC_A_B_AB188H_789
1909,1A22_A_B,['TB19A'],0.06978079676628113,0.2652130126953125,1A22_A_B,1,split_0,1A22_A_B_TB19A_443
1910,1PPF_E_I,['EI19C'],1.4026328325271606,1.702798843383789,1PPF_E_I,1,split_0,1PPF_E_I_EI19C_726
1911,3SE3_B_A,"['YB43H', 'NB44E', 'SB47Q', 'EB82A']",2.824389934539795,-0.032451629638671875,3SE3_B_A,4,split_0,"3SE3_B_A_YB43H,NB44E,SB47Q,EB82A_1740"
1912,1A22_A_B,['EA66A'],0.43623384833335876,-0.0031642913818359375,1A22_A_B,1,split_0,1A22_A_B_EA66A_522
1913,4OZG_ABJ_GH,['FH96A'],0.8835463523864746,1.1284427642822266,4OZG_ABJ_GH,1,split_0,4OZG_ABJ_GH_FH96A_1996
1914,3S9D_A_B,['RA26K'],4.503169536590576,0.28440093994140625,3S9D_A_B,1,split_0,3S9D_A_B_RA26K_1707
1915,3SE4_B_A,['PB27A'],0.04969575256109238,-0.1489410400390625,3SE4_B_A,1,split_0,3SE4_B_A_PB27A_1998
1916,2BNR_ABC_DE,['AA149G'],0.018230730667710304,0.2511157989501953,2BNR_ABC_DE,1,split_0,2BNR_ABC_DE_AA149G_1139
1917,3BX1_A_C,['YC87A'],1.2988171577453613,1.8741569519042969,3BX1_A_C,1,split_0,3BX1_A_C_YC87A_1559
1918,3NCC_A_B,['AB188H'],-2.0351312160491943,-1.7935543060302734,3NCC_A_B,1,split_0,3NCC_A_B_AB188H_787
1919,1R0R_E_I,"['EI5D', 'RI16M', 'LI18F', 'NI23S', 'GI27S', 'EI38D']",1.29815673828125,2.372739791870117,1R0R_E_I,6,split_0,"1R0R_E_I_EI5D,RI16M,LI18F,NI23S,GI27S,EI38D_1168"
1920,2SIC_E_I,['MI67H'],0.21785926818847656,0.2243194580078125,2SIC_E_I,1,split_0,2SIC_E_I_MI67H_6
1921,3S9D_A_B,['AA116G'],2.077467203140259,-0.12422561645507812,3S9D_A_B,1,split_0,3S9D_A_B_AA116G_1719
1922,2JEL_LH_P,['EP85D'],0.0,-0.4139404296875,2JEL_LH_P,1,split_0,2JEL_LH_P_EP85D_243
1923,1EAW_A_B,['QA169A'],-0.13309656083583832,0.7873306274414062,1EAW_A_B,1,split_0,1EAW_A_B_QA169A_260
1924,1KNE_A_P,"['DA40K', 'TP2K']",0.336503267288208,-0.6607875823974609,1KNE_A_P,2,split_0,"1KNE_A_P_DA40K,TP2K_2089"
1925,3S9D_A_B,['RA115A'],2.185483932495117,0.7526378631591797,3S9D_A_B,1,split_0,3S9D_A_B_RA115A_1641
1926,1R0R_E_I,['NI31L'],1.546578049659729,0.7916774749755859,1R0R_E_I,1,split_0,1R0R_E_I_NI31L_981
1927,1A22_A_B,['EB86A'],0.9778892993927002,-0.3843975067138672,1A22_A_B,1,split_0,1A22_A_B_EB86A_486
1928,1A22_A_B,['IB64A'],0.13220183551311493,1.0159492492675781,1A22_A_B,1,split_0,1A22_A_B_IB64A_456
1929,3SE3_B_A,['KA98A'],1.4973200559616089,0.4500713348388672,3SE3_B_A,1,split_0,3SE3_B_A_KA98A_1789
1930,3S9D_A_B,['DB121R'],-0.0624210461974144,0.13105392456054688,3S9D_A_B,1,split_0,3S9D_A_B_DB121R_1617
1931,1LFD_A_B,['SA20A'],1.0549668073654175,0.5554161071777344,1LFD_A_B,1,split_0,1LFD_A_B_SA20A_2130
1932,1A22_A_B,"['FA97R', 'AA98G', 'NA99M', 'SA100Q', 'LA101D', 'VA102A', 'YA103P', 'GA104E']",0.2630080282688141,1.015207290649414,1A22_A_B,8,split_0,"1A22_A_B_FA97R,AA98G,NA99M,SA100Q,LA101D,VA102A,YA103P,GA104E_562"
1933,1KNE_A_P,['TP2I'],0.274082213640213,-0.2571907043457031,1KNE_A_P,1,split_0,1KNE_A_P_TP2I_2055
1934,1MHP_HL_A,"['NL29Y', 'SL90I']",0.434562623500824,-0.7056827545166016,1MHP_HL_A,2,split_0,"1MHP_HL_A_NL29Y,SL90I_1506"
1935,1PPF_E_I,"['EI10D', 'AI15V', 'TI17S', 'RI21M', 'NI28S', 'GI32S', 'EI43D']",2.087496757507324,2.827657699584961,1PPF_E_I,7,split_0,"1PPF_E_I_EI10D,AI15V,TI17S,RI21M,NI28S,GI32S,EI43D_1186"
1936,3HFM_HL_Y,['DH32A'],1.8990768194198608,0.1938629150390625,3HFM_HL_Y,1,split_0,3HFM_HL_Y_DH32A_902
1937,5M2O_A_B,['IB17A'],2.026362180709839,0.3794898986816406,5M2O_A_B,1,split_0,5M2O_A_B_IB17A_1864
1938,3S9D_A_B,"['MB35V', 'SA123A']",4.0805439949035645,0.4693031311035156,3S9D_A_B,2,split_0,"3S9D_A_B_MB35V,SA123A_1876"
1939,3BTQ_E_I,['QI13K'],-9.370643615722656,-8.29659652709961,3BTQ_E_I,1,split_0,3BTQ_E_I_QI13K_1078
1940,1R0R_E_I,"['EI5D', 'AI10V', 'EI14D', 'RI16M', 'KI24T', 'GI27S', 'EI38D', 'LI43I']",-0.17991724610328674,2.0962371826171875,1R0R_E_I,8,split_0,"1R0R_E_I_EI5D,AI10V,EI14D,RI16M,KI24T,GI27S,EI38D,LI43I_1177"
1941,5M2O_A_B,"['EA80A', 'HA117A']",2.5299770832061768,0.91387939453125,5M2O_A_B,2,split_0,"5M2O_A_B_EA80A,HA117A_1879"
1942,2BNR_ABC_DE,['QA43A'],0.08280224353075027,-0.24025344848632812,2BNR_ABC_DE,1,split_0,2BNR_ABC_DE_QA43A_1121
1943,5M2O_A_B,['NA64A'],0.0418534129858017,0.5937461853027344,5M2O_A_B,1,split_0,5M2O_A_B_NA64A_1872
1944,1C1Y_A_B,['KB30E'],2.232905387878418,3.9218368530273438,1C1Y_A_B,1,split_0,1C1Y_A_B_KB30E_1802
1945,3S9D_A_B,['DB40A'],0.0,0.599456787109375,3S9D_A_B,1,split_0,3S9D_A_B_DB40A_1760
1946,1R0R_E_I,"['EI5D', 'RI16M', 'KI29R', 'EI38D']",-0.08199673146009445,1.090301513671875,1R0R_E_I,4,split_0,"1R0R_E_I_EI5D,RI16M,KI29R,EI38D_1128"
1947,3VR6_ABCDEF_GH,['RG135A'],0.8992655277252197,0.5635719299316406,3VR6_ABCDEF_GH,1,split_0,3VR6_ABCDEF_GH_RG135A_2029
1948,1A22_A_B,['NB173A'],0.29562830924987793,0.4049644470214844,1A22_A_B,1,split_0,1A22_A_B_NB173A_379
1949,3HFM_HL_Y,['HY15A'],-0.44551658630371094,0.523284912109375,3HFM_HL_Y,1,split_0,3HFM_HL_Y_HY15A_977
1950,3S9D_A_B,['EB39R'],0.6508750319480896,-0.10143280029296875,3S9D_A_B,1,split_0,3S9D_A_B_EB39R_1609
1951,1MAH_A_F,['FA287I'],1.9018551111221313,0.18138885498046875,1MAH_A_F,1,split_0,1MAH_A_F_FA287I_134
1952,1MHP_HL_A,['TH50V'],-0.2633156180381775,0.06319046020507812,1MHP_HL_A,1,split_0,1MHP_HL_A_TH50V_1429
1953,1LFD_A_B,"['YA18F', 'EB37A']",1.2470759153366089,0.7332115173339844,1LFD_A_B,2,split_0,"1LFD_A_B_YA18F,EB37A_2162"
1954,2G2U_A_B,"['EB73M', 'SB130K', 'SB146M']",-3.5096993446350098,-1.068735122680664,2G2U_A_B,3,split_0,"2G2U_A_B_EB73M,SB130K,SB146M_403"
1955,1PPF_E_I,['PI14G'],0.09338758140802383,0.3936595916748047,1PPF_E_I,1,split_0,1PPF_E_I_PI14G_837
1956,1A22_A_B,['PA5A'],0.43623384833335876,0.40224456787109375,1A22_A_B,1,split_0,1A22_A_B_PA5A_500
1957,4JFE_ABC_DE,"['AC7I', 'EC1A']",0.8932133316993713,1.8246955871582031,4JFE_ABC_DE,2,split_0,"4JFE_ABC_DE_AC7I,EC1A_1072"
1958,1R0R_E_I,"['AI10R', 'TI12K', 'LI13R']",9.314399719238281,5.385114669799805,1R0R_E_I,3,split_0,"1R0R_E_I_AI10R,TI12K,LI13R_1006"
1959,3S9D_A_B,['EB17R'],0.0,-0.34729766845703125,3S9D_A_B,1,split_0,3S9D_A_B_EB17R_1751
1960,5M2O_A_B,['KA73A'],-0.7570759654045105,1.0313453674316406,5M2O_A_B,1,split_0,5M2O_A_B_KA73A_1874
1961,1MHP_HL_A,['NL51D'],0.5009867548942566,-0.0042095184326171875,1MHP_HL_A,1,split_0,1MHP_HL_A_NL51D_1487
1962,1TM1_E_I,['YI42A'],2.1795296669006348,3.0098114013671875,1TM1_E_I,1,split_0,1TM1_E_I_YI42A_2
1963,1A22_A_B,"['KA157A', 'EA163A']",-0.7697627544403076,3.649850845336914,1A22_A_B,2,split_0,"1A22_A_B_KA157A,EA163A_567"
1964,1IAR_A_B,['KA84D'],1.88009512424469,0.24182701110839844,1IAR_A_B,1,split_0,1IAR_A_B_KA84D_59
1965,3S9D_A_B,"['TB33A', 'LA19A']",3.3948090076446533,1.361227035522461,3S9D_A_B,2,split_0,"3S9D_A_B_TB33A,LA19A_1817"
1966,3M62_A_B,['QB65A'],0.28372085094451904,-0.03326225280761719,3M62_A_B,1,split_0,3M62_A_B_QB65A_1303
1967,2NYY_DC_A,['YD30D'],0.065090611577034,0.7888774871826172,2NYY_DC_A,1,split_0,2NYY_DC_A_YD30D_1506
1968,1A4Y_A_B,['RB70A'],-0.23193243145942688,0.43929100036621094,1A4Y_A_B,1,split_0,1A4Y_A_B_RB70A_645
1969,1A4Y_A_B,['HB8A'],0.9041150808334351,-0.043338775634765625,1A4Y_A_B,1,split_0,1A4Y_A_B_HB8A_620
1970,2C5D_AB_CD,"['TC182E', 'TD182E']",0.7422019243240356,0.19962310791015625,2C5D_AB_CD,2,split_0,"2C5D_AB_CD_TC182E,TD182E_2174"
1971,1JTD_A_B,['WB15A'],1.3930768966674805,2.6351490020751953,1JTD_A_B,1,split_0,1JTD_A_B_WB15A_2261
1972,3NCB_A_B,['AA167H'],-0.7340859770774841,-1.2140254974365234,3NCB_A_B,1,split_0,3NCB_A_B_AA167H_767
1973,2NYY_DC_A,['DA1034A'],2.548027276992798,1.5642013549804688,2NYY_DC_A,1,split_0,2NYY_DC_A_DA1034A_1500
1974,2I26_N_L,['AN29V'],0.030388813465833664,-0.40923118591308594,2I26_N_L,1,split_0,2I26_N_L_AN29V_78
1975,3S9D_A_B,"['TB33A', 'RA120A']",5.268608093261719,1.3629493713378906,3S9D_A_B,2,split_0,"3S9D_A_B_TB33A,RA120A_1823"
1976,3N06_A_B,['AA14H'],-0.3238008916378021,0.008218765258789062,3N06_A_B,1,split_0,3N06_A_B_AA14H_492
1977,1PPF_E_I,['YI20H'],2.378732442855835,1.2519149780273438,1PPF_E_I,1,split_0,1PPF_E_I_YI20H_776
1978,3HFM_HL_Y,['DY101A'],0.9535146951675415,1.1977005004882812,3HFM_HL_Y,1,split_0,3HFM_HL_Y_DY101A_988
1979,1PPF_E_I,['YI20E'],6.419517993927002,3.255411148071289,1PPF_E_I,1,split_0,1PPF_E_I_YI20E_775
1980,1MHP_HL_A,"['SH35A', 'GH102S']",1.5733891725540161,1.051513671875,1MHP_HL_A,2,split_0,"1MHP_HL_A_SH35A,GH102S_1502"
1981,2G2U_A_B,['DA79A'],-1.5434516668319702,-2.790922164916992,2G2U_A_B,1,split_0,2G2U_A_B_DA79A_405
1982,2NYY_DC_A,['NA926A'],0.10006427019834518,-0.1280689239501953,2NYY_DC_A,1,split_0,2NYY_DC_A_NA926A_1494
1983,3S9D_A_B,"['DB91A', 'LA19A']",2.94437575340271,1.0158653259277344,3S9D_A_B,2,split_0,"3S9D_A_B_DB91A,LA19A_1847"
1984,1MAH_A_F,['WA276R'],8.13113021850586,0.474334716796875,1MAH_A_F,1,split_0,1MAH_A_F_WA276R_141
1985,1A22_A_B,['WB35A'],0.5143008232116699,1.7793922424316406,1A22_A_B,1,split_0,1A22_A_B_WB35A_357
1986,2JEL_LH_P,['EP68A'],0.4106564223766327,0.18444061279296875,2JEL_LH_P,1,split_0,2JEL_LH_P_EP68A_229
1987,1MHP_HL_A,['KH64N'],0.0,-0.008258819580078125,1MHP_HL_A,1,split_0,1MHP_HL_A_KH64N_1465
1988,1R0R_E_I,['GI27A'],1.331018328666687,0.3259868621826172,1R0R_E_I,1,split_0,1R0R_E_I_GI27A_1146
1989,3S9D_A_B,"['WB87A', 'SA123A']",2.7515785694122314,1.4523735046386719,3S9D_A_B,2,split_0,"3S9D_A_B_WB87A,SA123A_1835"
1990,1R0R_E_I,"['EI5D', 'KI8M', 'LI13M', 'LI18V']",-1.7550112009048462,-0.043300628662109375,1R0R_E_I,4,split_0,"1R0R_E_I_EI5D,KI8M,LI13M,LI18V_1154"
1991,1R0R_E_I,"['LI13M', 'YI15Q']",3.640117645263672,3.0367660522460938,1R0R_E_I,2,split_0,"1R0R_E_I_LI13M,YI15Q_1165"
1992,3HFM_HL_Y,['LY75A'],0.7047714591026306,0.6380748748779297,3HFM_HL_Y,1,split_0,3HFM_HL_Y_LY75A_982
1993,1EMV_A_B,['NA22A'],0.13947127759456635,-0.40659141540527344,1EMV_A_B,1,split_0,1EMV_A_B_NA22A_165
1994,1A22_A_B,['TB36A'],-0.2552182078361511,0.7172470092773438,1A22_A_B,1,split_0,1A22_A_B_TB36A_447
1995,1MHP_HL_A,['GH54Y'],0.0,-1.1404914855957031,1MHP_HL_A,1,split_0,1MHP_HL_A_GH54Y_1442
1996,3S9D_A_B,"['DB91A', 'FA20A']",2.3848276138305664,0.8853549957275391,3S9D_A_B,2,split_0,"3S9D_A_B_DB91A,FA20A_1848"
1997,1MHP_HL_A,['TH33V'],0.434562623500824,-0.16724395751953125,1MHP_HL_A,1,split_0,1MHP_HL_A_TH33V_1492
1998,3HFM_HL_Y,['YL96A'],2.7082571983337402,1.1983642578125,3HFM_HL_Y,1,split_0,3HFM_HL_Y_YL96A_914
1999,1PPF_E_I,['TI17G'],3.599848985671997,4.138490676879883,1PPF_E_I,1,split_0,1PPF_E_I_TI17G_685
2000,2BTF_A_P,['GP120F'],1.7209311723709106,-0.8476810455322266,2BTF_A_P,1,split_0,2BTF_A_P_GP120F_129
2001,1R0R_E_I,"['TI12R', 'LI13R']",6.485773086547852,5.395393371582031,1R0R_E_I,2,split_0,"1R0R_E_I_TI12R,LI13R_1196"
2002,3HFM_HL_Y,['YH33W'],1.7214642763137817,0.6356658935546875,3HFM_HL_Y,1,split_0,3HFM_HL_Y_YH33W_922
2003,1H9D_A_B,['GB60A'],2.077467203140259,0.43885040283203125,1H9D_A_B,1,split_0,1H9D_A_B_GB60A_514
2004,1PPF_E_I,['RI21H'],-0.4926644563674927,0.54949951171875,1PPF_E_I,1,split_0,1PPF_E_I_RI21H_814
2005,1KNE_A_P,['AA3F'],-0.11502811312675476,-1.3964042663574219,1KNE_A_P,1,split_0,1KNE_A_P_AA3F_2058
2006,3SE4_B_C,['TC36A'],1.3641711473464966,0.4902534484863281,3SE4_B_C,1,split_0,3SE4_B_C_TC36A_1776
2007,1R0R_E_I,['RI16N'],-0.050451911985874176,1.5303916931152344,1R0R_E_I,1,split_0,1R0R_E_I_RI16N_832
2008,1OHZ_A_B,"['SB11A', 'TB12A']",0.07970309257507324,-0.28232574462890625,1OHZ_A_B,2,split_0,"1OHZ_A_B_SB11A,TB12A_2284"
2009,1A22_A_B,['GA176A'],0.346296101808548,0.18136024475097656,1A22_A_B,1,split_0,1A22_A_B_GA176A_544
2010,4I77_HL_Z,['YH103F'],0.0,0.201324462890625,4I77_HL_Z,1,split_0,4I77_HL_Z_YH103F_1382
2011,3HFM_HL_Y,"['WH98A', 'KY96A']",7.733495235443115,7.027660369873047,3HFM_HL_Y,2,split_0,"3HFM_HL_Y_WH98A,KY96A_901"
2012,1PPF_E_I,['GI32L'],3.1298978328704834,1.5970344543457031,1PPF_E_I,1,split_0,1PPF_E_I_GI32L_919
2013,2NYY_DC_A,['YD56Q'],0.5234318375587463,0.31960296630859375,2NYY_DC_A,1,split_0,2NYY_DC_A_YD56Q_1508
2014,1R0R_E_I,['PI9V'],1.331018328666687,-0.25317955017089844,1R0R_E_I,1,split_0,1R0R_E_I_PI9V_864
2015,1A22_A_B,['SB58A'],-0.5069410800933838,0.3302574157714844,1A22_A_B,1,split_0,1A22_A_B_SB58A_451
2016,1A22_A_B,['VA169A'],0.0,-0.08489418029785156,1A22_A_B,1,split_0,1A22_A_B_VA169A_537
2017,1R0R_E_I,"['EI5D', 'AI10V', 'TI12S', 'YI15D', 'RI16M', 'NI23S', 'GI27S', 'EI38D']",5.331493854522705,6.586183547973633,1R0R_E_I,8,split_0,"1R0R_E_I_EI5D,AI10V,TI12S,YI15D,RI16M,NI23S,GI27S,EI38D_1136"
2018,3VR6_ABCDEF_GH,"['RD347K', 'RE347K', 'RF350K']",1.2131596803665161,1.4853801727294922,3VR6_ABCDEF_GH,3,split_0,"3VR6_ABCDEF_GH_RD347K,RE347K,RF350K_2043"
2019,3SE3_B_A,"['YB43H', 'NB44E', 'SB47A']",1.7648701667785645,0.019161224365234375,3SE3_B_A,3,split_0,"3SE3_B_A_YB43H,NB44E,SB47A_1651"
2020,1PPF_E_I,['NI36A'],-1.6455227136611938,-0.6110782623291016,1PPF_E_I,1,split_0,1PPF_E_I_NI36A_952
2021,3F1S_A_B,['KA201C'],-1.8037333488464355,0.10196304321289062,3F1S_A_B,1,split_0,3F1S_A_B_KA201C_2048
2022,1R0R_E_I,['NI31M'],0.31460878252983093,-0.093963623046875,1R0R_E_I,1,split_0,1R0R_E_I_NI31M_983
2023,1A22_A_B,"['EA56D', 'RA64M']",2.0033140182495117,0.012105941772460938,1A22_A_B,2,split_0,"1A22_A_B_EA56D,RA64M_558"
2024,5M2O_A_B,"['HA117A', 'NA120A']",2.338982105255127,1.9298553466796875,5M2O_A_B,2,split_0,"5M2O_A_B_HA117A,NA120A_1885"
2025,1IAR_A_B,['IA5R'],0.7960982918739319,0.15825271606445312,1IAR_A_B,1,split_0,1IAR_A_B_IA5R_32
2026,1R0R_E_I,['YI15R'],4.470016956329346,2.2788162231445312,1R0R_E_I,1,split_0,1R0R_E_I_YI15R_801
2027,3SE3_B_A,"['YB43M', 'NB44D', 'SB47L']",0.7132960557937622,-0.09927177429199219,3SE3_B_A,3,split_0,"3SE3_B_A_YB43M,NB44D,SB47L_1689"
2028,5M2O_A_B,"['NA71A', 'EA80A']",1.0289419889450073,1.0540180206298828,5M2O_A_B,2,split_0,"5M2O_A_B_NA71A,EA80A_1882"
2029,1PPF_E_I,['RI21S'],0.4196195602416992,1.4630012512207031,1PPF_E_I,1,split_0,1PPF_E_I_RI21S_801
2030,1FY8_E_I,['QE128K'],1.171373963356018,0.18223953247070312,1FY8_E_I,1,split_0,1FY8_E_I_QE128K_1009
2031,3HFM_HL_Y,['DY101G'],0.19934363663196564,0.6500892639160156,3HFM_HL_Y,1,split_0,3HFM_HL_Y_DY101G_930
2032,4PWX_AB_CD,['KB68D'],0.2617647051811218,0.3669166564941406,4PWX_AB_CD,1,split_0,4PWX_AB_CD_KB68D_2045
2033,4I77_HL_Z,['WH52F'],2.0995631217956543,0.8926849365234375,4I77_HL_Z,1,split_0,4I77_HL_Z_WH52F_1385
2034,1R0R_E_I,['RI16S'],-0.01634453982114792,1.2431602478027344,1R0R_E_I,1,split_0,1R0R_E_I_RI16S_824
2035,1PPF_E_I,['LI18R'],7.184541702270508,3.1349124908447266,1PPF_E_I,1,split_0,1PPF_E_I_LI18R_625
2036,3S9D_A_B,['DA25A'],0.6307899951934814,0.40596771240234375,3S9D_A_B,1,split_0,3S9D_A_B_DA25A_1629
2037,1R0R_E_I,['NI31F'],-0.17991724610328674,0.6656589508056641,1R0R_E_I,1,split_0,1R0R_E_I_NI31F_989
2038,1EMV_A_B,['EA30A'],0.22038573026657104,0.6010169982910156,1EMV_A_B,1,split_0,1EMV_A_B_EA30A_172
2039,4YFD_A_B,['RA169A'],0.15944580733776093,0.9022216796875,4YFD_A_B,1,split_0,4YFD_A_B_RA169A_2077
2040,1MHP_HL_A,['YH58W'],0.8213128447532654,0.1581592559814453,1MHP_HL_A,1,split_0,1MHP_HL_A_YH58W_1482
2041,3SE3_B_A,"['YB43H', 'NB44E', 'SB47Q', 'SB54A']",2.488123655319214,0.04427528381347656,3SE3_B_A,4,split_0,"3SE3_B_A_YB43H,NB44E,SB47Q,SB54A_1655"
2042,3S9D_A_B,['SA59A'],0.17043781280517578,-0.20782089233398438,3S9D_A_B,1,split_0,3S9D_A_B_SA59A_1676
2043,1A22_A_B,['KB134A'],0.0,0.33595848083496094,1A22_A_B,1,split_0,1A22_A_B_KB134A_424
2044,3SE4_B_A,['FA273A'],0.21086826920509338,1.1532821655273438,3SE4_B_A,1,split_0,3SE4_B_A_FA273A_1997
2045,1TM1_E_I,['RI48A'],2.923438787460327,3.210693359375,1TM1_E_I,1,split_0,1TM1_E_I_RI48A_5
2046,1FSS_A_B,['NB47W'],0.11596926301717758,-0.3880138397216797,1FSS_A_B,1,split_0,1FSS_A_B_NB47W_1318
2047,3S9D_A_B,['DB121R'],-0.09861256927251816,0.131072998046875,3S9D_A_B,1,split_0,3S9D_A_B_DB121R_1774
2048,2JEL_LH_P,['DP69E'],0.9535146951675415,0.51806640625,2JEL_LH_P,1,split_0,2JEL_LH_P_DP69E_230
2049,4CPA_A_I,['PI35G'],2.5961403846740723,0.5124416351318359,4CPA_A_I,1,split_0,4CPA_A_I_PI35G_279
2050,3NCB_A_B,['AA167H'],-2.0335617065429688,-1.2140350341796875,3NCB_A_B,1,split_0,3NCB_A_B_AA167H_781
2051,1A22_A_B,['QB121A'],0.0,0.44568634033203125,1A22_A_B,1,split_0,1A22_A_B_QB121A_489
2052,3S9D_A_B,['SA123A'],1.3641711473464966,0.279083251953125,3S9D_A_B,1,split_0,3S9D_A_B_SA123A_1722
2053,3S9D_A_B,"['EB66A', 'MA119A']",4.980967998504639,0.8974189758300781,3S9D_A_B,2,split_0,"3S9D_A_B_EB66A,MA119A_1882"
2054,1A22_A_B,['FA165A'],0.4106564223766327,1.8855934143066406,1A22_A_B,1,split_0,1A22_A_B_FA165A_345
2055,5M2O_A_B,['EA80A'],0.6998547911643982,0.7997856140136719,5M2O_A_B,1,split_0,5M2O_A_B_EA80A_1876
2056,1R0R_E_I,"['LI13M', 'HI47R']",-0.31760478019714355,0.24093246459960938,1R0R_E_I,2,split_0,"1R0R_E_I_LI13M,HI47R_1161"
2057,1XGQ_AB_C,['VB33L'],-1.0467808246612549,-1.0343685150146484,1XGQ_AB_C,1,split_0,1XGQ_AB_C_VB33L_1342
2058,3HFM_HL_Y,['YH53F'],0.6105332374572754,-0.040546417236328125,3HFM_HL_Y,1,split_0,3HFM_HL_Y_YH53F_919
2059,3HFM_HL_Y,['YH33L'],1.974704384803772,1.7204933166503906,3HFM_HL_Y,1,split_0,3HFM_HL_Y_YH33L_924
2060,1R0R_E_I,['KI8A'],-0.6100000739097595,-1.1844139099121094,1R0R_E_I,1,split_0,1R0R_E_I_KI8A_899
2061,1R0R_E_I,['PI9A'],-0.6389058828353882,0.008762359619140625,1R0R_E_I,1,split_0,1R0R_E_I_PI9A_861
2062,1PPF_E_I,['TI17D'],4.923678398132324,4.866510391235352,1PPF_E_I,1,split_0,1PPF_E_I_TI17D_695
2063,1PPF_E_I,['RI21M'],-0.7596147656440735,0.7496261596679688,1PPF_E_I,1,split_0,1PPF_E_I_RI21M_808
2064,2JEL_LH_P,['KP72E'],0.4106564223766327,0.0905914306640625,2JEL_LH_P,1,split_0,2JEL_LH_P_KP72E_235
2065,3S9D_A_B,['KA105A'],0.14004899561405182,0.28073883056640625,3S9D_A_B,1,split_0,3S9D_A_B_KA105A_1640
2066,4RS1_A_B,['DA92A'],1.7201007604599,0.35063934326171875,4RS1_A_B,1,split_0,4RS1_A_B_DA92A_2244
2067,3S9D_A_B,['MA9A'],0.0,0.03644371032714844,3S9D_A_B,1,split_0,3S9D_A_B_MA9A_1694
2068,1EMV_A_B,['DA24A'],0.33674702048301697,0.7003879547119141,1EMV_A_B,1,split_0,1EMV_A_B_DA24A_166
2069,4RS1_A_B,['KB174A'],0.8712080121040344,0.007434844970703125,4RS1_A_B,1,split_0,4RS1_A_B_KB174A_2212
2070,3SE3_B_A,"['YB43H', 'NB44E', 'SB47Q', 'TB55A']",2.9685609340667725,0.3833465576171875,3SE3_B_A,4,split_0,"3SE3_B_A_YB43H,NB44E,SB47Q,TB55A_1729"
2071,1KTZ_A_B,['SB28A'],0.216517373919487,0.31020355224609375,1KTZ_A_B,1,split_0,1KTZ_A_B_SB28A_252
2072,1IAR_A_B,['FA82A'],-0.08647068589925766,0.9965152740478516,1IAR_A_B,1,split_0,1IAR_A_B_FA82A_56
2073,3S9D_A_B,['QA76A'],0.17043781280517578,-0.35452842712402344,3S9D_A_B,1,split_0,3S9D_A_B_QA76A_1683
2074,1EAW_A_B,['FA50A'],-0.4288126528263092,-0.021287918090820312,1EAW_A_B,1,split_0,1EAW_A_B_FA50A_244
2075,3HFM_HL_Y,['RY21A'],0.8621878027915955,0.5513534545898438,3HFM_HL_Y,1,split_0,3HFM_HL_Y_RY21A_979
2076,1R0R_E_I,"['AI10D', 'GI27A']",5.903494834899902,-0.32924652099609375,1R0R_E_I,2,split_0,"1R0R_E_I_AI10D,GI27A_1144"
2077,1R0R_E_I,['NI23S'],-0.06601439416408539,-0.008258819580078125,1R0R_E_I,1,split_0,1R0R_E_I_NI23S_1150
2078,1PPF_E_I,['TI17C'],2.087496757507324,1.950185775756836,1PPF_E_I,1,split_0,1PPF_E_I_TI17C_688
2079,1JTD_A_B,['FB36A'],2.5512847900390625,3.6220436096191406,1JTD_A_B,1,split_0,1JTD_A_B_FB36A_2264
2080,3S9D_A_B,['MA119A'],2.3973889350891113,0.7029685974121094,3S9D_A_B,1,split_0,3S9D_A_B_MA119A_1865
2081,1R0R_E_I,['RI16G'],2.0894362926483154,1.324808120727539,1R0R_E_I,1,split_0,1R0R_E_I_RI16G_822
2082,3S9D_A_B,['LA99A'],-0.0624210461974144,0.4463996887207031,3S9D_A_B,1,split_0,3S9D_A_B_LA99A_1600
2083,1IAR_A_B,['RA81E'],1.461734414100647,0.6052837371826172,1IAR_A_B,1,split_0,1IAR_A_B_RA81E_55
2084,1KIQ_AB_C,['FB101Y'],-2.4960761070251465,-1.7838478088378906,1KIQ_AB_C,1,split_0,1KIQ_AB_C_FB101Y_199
2085,3QIB_ABP_CD,['RC89P'],-0.11936844140291214,-0.07316017150878906,3QIB_ABP_CD,1,split_0,3QIB_ABP_CD_RC89P_1902
2086,1PPF_E_I,['GI32A'],0.2798077166080475,0.21561050415039062,1PPF_E_I,1,split_0,1PPF_E_I_GI32A_1204
2087,4RS1_A_B,['YB151F'],-0.4490576684474945,0.5189361572265625,4RS1_A_B,1,split_0,4RS1_A_B_YB151F_2210
2088,3S9D_A_B,['KA92A'],-0.07798352837562561,0.07557296752929688,3S9D_A_B,1,split_0,3S9D_A_B_KA92A_1711
2089,1A22_A_B,['PA48A'],0.4106564223766327,-0.057552337646484375,1A22_A_B,1,split_0,1A22_A_B_PA48A_329
2090,1PPF_E_I,"['LI18M', 'NI36D', 'SI51N']",-0.8585862517356873,-0.29724693298339844,1PPF_E_I,3,split_0,"1PPF_E_I_LI18M,NI36D,SI51N_1208"
2091,1A22_A_B,['FA165Y'],1.2699328660964966,0.016904830932617188,1A22_A_B,1,split_0,1A22_A_B_FA165Y_549
2092,3HFM_HL_Y,['RY21A'],1.0276678800582886,0.5513629913330078,3HFM_HL_Y,1,split_0,3HFM_HL_Y_RY21A_909
2093,1PPF_E_I,['GI32H'],1.504980206489563,0.18505859375,1PPF_E_I,1,split_0,1PPF_E_I_GI32H_927
2094,3NCB_A_B,['AA167H'],-1.6300702095031738,-1.2140369415283203,3NCB_A_B,1,split_0,3NCB_A_B_AA167H_772
2095,2JEL_LH_P,['KP72R'],0.0,0.25443458557128906,2JEL_LH_P,1,split_0,2JEL_LH_P_KP72R_234
2096,1MHP_HL_A,['KH64E'],-0.1552988439798355,0.11429023742675781,1MHP_HL_A,1,split_0,1MHP_HL_A_KH64E_1431
2097,3AAA_AB_C,['WC7A'],3.388547420501709,-0.06670761108398438,3AAA_AB_C,1,split_0,3AAA_AB_C_WC7A_1239
2098,1PPF_E_I,['EI19D'],0.5779248476028442,0.5760326385498047,1PPF_E_I,1,split_0,1PPF_E_I_EI19D_734
2099,1MHP_HL_A,['FH99W'],0.0,-1.1078453063964844,1MHP_HL_A,1,split_0,1MHP_HL_A_FH99W_1509
2100,3SE4_B_A,['YA148A'],-0.27845457196235657,1.2948265075683594,3SE4_B_A,1,split_0,3SE4_B_A_YA148A_1991
2101,1LFD_A_B,"['MA17K', 'DA38K', 'DA45K']",-1.8022412061691284,0.06781959533691406,1LFD_A_B,3,split_0,"1LFD_A_B_MA17K,DA38K,DA45K_167"
2102,1R0R_E_I,['LI13R'],2.935408115386963,3.2404956817626953,1R0R_E_I,1,split_0,1R0R_E_I_LI13R_648
2103,3S9D_A_B,['DB91A'],1.6276260614395142,0.3957481384277344,3S9D_A_B,1,split_0,3S9D_A_B_DB91A_1859
2104,1PPF_E_I,"['EI10G', 'LI18M', 'RI21M', 'EI43D', 'KI55E']",-0.010937885381281376,0.8342990875244141,1PPF_E_I,5,split_0,"1PPF_E_I_EI10G,LI18M,RI21M,EI43D,KI55E_1197"
2105,2NYY_DC_A,['MD33Q'],-0.06030135974287987,0.2778778076171875,2NYY_DC_A,1,split_0,2NYY_DC_A_MD33Q_1504
2106,1PPF_E_I,['PI14E'],-1.4290053844451904,-0.09443473815917969,1PPF_E_I,1,split_0,1PPF_E_I_PI14E_850
2107,1R0R_E_I,"['RI16V', 'LI18I']",-0.01634453982114792,1.1974067687988281,1R0R_E_I,2,split_0,"1R0R_E_I_RI16V,LI18I_1148"
2108,1R0R_E_I,['EI14H'],1.7088130712509155,0.6293907165527344,1R0R_E_I,1,split_0,1R0R_E_I_EI14H_760
2109,2JEL_LH_P,['FP2Y'],0.0,-0.23369216918945312,2JEL_LH_P,1,split_0,2JEL_LH_P_FP2Y_202
2110,4RS1_A_B,['QB202A'],1.354171633720398,-0.09820175170898438,4RS1_A_B,1,split_0,4RS1_A_B_QB202A_2216
2111,1PPF_E_I,"['EI10D', 'KI13R', 'AI15V', 'EI19D', 'RI21M', 'GI32S', 'EI43D', 'LI48I', 'KI55R']",2.3270046710968018,1.3156261444091797,1PPF_E_I,9,split_0,"1PPF_E_I_EI10D,KI13R,AI15V,EI19D,RI21M,GI32S,EI43D,LI48I,KI55R_1231"
2112,1LFD_A_B,"['DA45K', 'DA81K']",-0.6039235591888428,-0.002471923828125,1LFD_A_B,2,split_0,"1LFD_A_B_DA45K,DA81K_195"
2113,3S9D_A_B,['HB84A'],0.04376433789730072,0.5953903198242188,3S9D_A_B,1,split_0,3S9D_A_B_HB84A_1769
2114,1EMV_A_B,"['EA30D', 'LA31D', 'VA32N', 'TA36R', 'HA37E', 'EA40R', 'MA41L', 'SA46D', 'KA55R', 'EA56D', 'GA57D', 'DA58R', 'DA59E', 'SA63E', 'NA67K', 'TA68E', 'VA69I', 'QA71E']",7.990222930908203,0.5582923889160156,1EMV_A_B,18,split_0,"1EMV_A_B_EA30D,LA31D,VA32N,TA36R,HA37E,EA40R,MA41L,SA46D,KA55R,EA56D,GA57D,DA58R,DA59E,SA63E,NA67K,TA68E,VA69I,QA71E_133"
2115,4RS1_A_B,"['YB201A', 'YB206A']",0.7209311723709106,-0.09953689575195312,4RS1_A_B,2,split_0,"4RS1_A_B_YB201A,YB206A_2215"
2116,1PPF_E_I,['RI21E'],0.46085023880004883,1.3908576965332031,1PPF_E_I,1,split_0,1PPF_E_I_RI21E_813
2117,1FSS_A_B,['VB34T'],1.5859588384628296,0.9377517700195312,1FSS_A_B,1,split_0,1FSS_A_B_VB34T_1315
2118,3S9D_A_B,['RA115A'],2.1795296669006348,0.7526340484619141,3S9D_A_B,1,split_0,3S9D_A_B_RA115A_1863
2119,1MHP_HL_A,['NL51Y'],-0.10329601168632507,-0.1631622314453125,1MHP_HL_A,1,split_0,1MHP_HL_A_NL51Y_1436
2120,1R0R_E_I,['EI14C'],2.371582269668579,1.7392024993896484,1R0R_E_I,1,split_0,1R0R_E_I_EI14C_749
2121,1PPF_E_I,['YI20G'],4.185900688171387,3.0471153259277344,1PPF_E_I,1,split_0,1PPF_E_I_YI20G_761
2122,1A22_A_B,['EB79A'],-0.2224189043045044,-0.019756317138671875,1A22_A_B,1,split_0,1A22_A_B_EB79A_481
2123,5M2O_A_B,['VB21A'],2.4438414573669434,0.3330421447753906,5M2O_A_B,1,split_0,5M2O_A_B_VB21A_1866
2124,3S9D_A_B,"['AA43Y', 'AA44N', 'AA47S']",-0.19081901013851166,-0.25849151611328125,3S9D_A_B,3,split_0,"3S9D_A_B_AA43Y,AA44N,AA47S_1687"
2125,1A22_A_B,['WB124A'],4.731656074523926,1.63128662109375,1A22_A_B,1,split_0,1A22_A_B_WB124A_374
2126,4RS1_A_B,['KA91A'],-0.11502811312675476,1.5198955535888672,4RS1_A_B,1,split_0,4RS1_A_B_KA91A_2240
2127,2G2U_A_B,['YB50A'],-2.0757222175598145,0.110809326171875,2G2U_A_B,1,split_0,2G2U_A_B_YB50A_375
2128,1LFD_A_B,['LA42K'],0.0,0.4804248809814453,1LFD_A_B,1,split_0,1LFD_A_B_LA42K_157
2129,3SE3_B_A,['SA167A'],-0.23903489112854004,0.09979248046875,3SE3_B_A,1,split_0,3SE3_B_A_SA167A_1796
2130,1FSS_A_B,['TB9I'],-0.2322661131620407,0.06379318237304688,1FSS_A_B,1,split_0,1FSS_A_B_TB9I_1299
2131,1TM1_E_I,['VI51A'],0.0248617734760046,0.13910484313964844,1TM1_E_I,1,split_0,1TM1_E_I_VI51A_13
2132,4RS1_A_B,['FA99A'],3.6263248920440674,1.6660270690917969,4RS1_A_B,1,split_0,4RS1_A_B_FA99A_2229
2133,1A22_A_B,['EB12A'],0.6508750319480896,0.6161155700683594,1A22_A_B,1,split_0,1A22_A_B_EB12A_410
2134,2BNR_ABC_DE,['KA66A'],1.6893346309661865,1.1978111267089844,2BNR_ABC_DE,1,split_0,2BNR_ABC_DE_KA66A_1127
2135,3LB6_A_C,['KA101A'],2.545271635055542,0.5628681182861328,3LB6_A_C,1,split_0,3LB6_A_C_KA101A_1820
2136,1JTD_A_B,['PA81A'],1.733952522277832,0.025480270385742188,1JTD_A_B,1,split_0,1JTD_A_B_PA81A_1946
2137,3SE3_B_A,"['YB43H', 'NB44E', 'SB47Q', 'KB93A']",2.610769510269165,0.43105506896972656,3SE3_B_A,4,split_0,"3SE3_B_A_YB43H,NB44E,SB47Q,KB93A_1745"
2138,4RS1_A_B,['YB151A'],-0.6558536291122437,1.5516510009765625,4RS1_A_B,1,split_0,4RS1_A_B_YB151A_2209
2139,4BFI_A_B,['NB93K'],2.728342294692993,-0.11284446716308594,4BFI_A_B,1,split_0,4BFI_A_B_NB93K_1595
2140,1LFD_A_B,"['MA17K', 'DA81K']",-0.9065632224082947,0.30877685546875,1LFD_A_B,2,split_0,"1LFD_A_B_MA17K,DA81K_191"
2141,1MHP_HL_A,['TH33N'],2.728342294692993,1.1940460205078125,1MHP_HL_A,1,split_0,1MHP_HL_A_TH33N_1493
2142,3S9D_A_B,"['WB87A', 'LA124A']",2.94437575340271,1.647674560546875,3S9D_A_B,2,split_0,"3S9D_A_B_WB87A,LA124A_1836"
2143,1PPF_E_I,['PI14I'],-1.6513597965240479,-0.10848236083984375,1PPF_E_I,1,split_0,1PPF_E_I_PI14I_844
2144,3S9D_A_B,['HB65A'],0.6389058828353882,0.6580810546875,3S9D_A_B,1,split_0,3S9D_A_B_HB65A_1765
2145,4JPK_HL_A,['DA141R'],3.8590502738952637,0.09067535400390625,4JPK_HL_A,1,split_0,4JPK_HL_A_DA141R_1895
2146,1PPF_E_I,['PI14F'],-1.8568356037139893,0.06342887878417969,1PPF_E_I,1,split_0,1PPF_E_I_PI14F_852
2147,3HFM_HL_Y,['KY97A'],6.169980525970459,2.2276687622070312,3HFM_HL_Y,1,split_0,3HFM_HL_Y_KY97A_895
2148,1A22_A_B,['QB33A'],0.0,0.3353900909423828,1A22_A_B,1,split_0,1A22_A_B_QB33A_472
2149,1KTZ_A_B,['DB8N'],2.0003442764282227,0.41930580139160156,1KTZ_A_B,1,split_0,1KTZ_A_B_DB8N_248
2150,1Y48_E_I,['AI46R'],-3.756010055541992,-2.7911128997802734,1Y48_E_I,1,split_0,1Y48_E_I_AI46R_15
2151,3S9D_A_B,"['MB35V', 'LA124A']",4.533203125,0.7149066925048828,3S9D_A_B,2,split_0,"3S9D_A_B_MB35V,LA124A_1877"
2152,1IAR_A_B,['SA16D'],-0.10364440828561783,-0.24889755249023438,1IAR_A_B,1,split_0,1IAR_A_B_SA16D_46
2153,1PPF_E_I,['LI18K'],5.649281024932861,3.2308826446533203,1PPF_E_I,1,split_0,1PPF_E_I_LI18K_1241
2154,1LFD_A_B,"['NA16A', 'RB41A']",1.4007436037063599,0.6370716094970703,1LFD_A_B,2,split_0,"1LFD_A_B_NA16A,RB41A_2157"
2155,1KNE_A_P,"['DA40F', 'TP2L']",0.29562830924987793,-0.1686229705810547,1KNE_A_P,2,split_0,"1KNE_A_P_DA40F,TP2L_2082"
2156,2G2U_A_B,['EB73A'],-1.9794374704360962,0.1544342041015625,2G2U_A_B,1,split_0,2G2U_A_B_EB73A_379
2157,1OHZ_A_B,"['SB11Q', 'SB45Q']",2.185483932495117,-0.19256973266601562,1OHZ_A_B,2,split_0,"1OHZ_A_B_SB11Q,SB45Q_2287"
2158,1LFD_A_B,['NA41K'],-0.10145895183086395,-0.37308692932128906,1LFD_A_B,1,split_0,1LFD_A_B_NA41K_156
2159,3SE3_B_A,['YA55A'],1.4973200559616089,1.4463176727294922,3SE3_B_A,1,split_0,3SE3_B_A_YA55A_1786
2160,1R0R_E_I,['NI31P'],1.4791991710662842,0.17644309997558594,1R0R_E_I,1,split_0,1R0R_E_I_NI31P_980
2161,3QIB_ABP_CD,['KP8R'],2.2370340824127197,0.3615303039550781,3QIB_ABP_CD,1,split_0,3QIB_ABP_CD_KP8R_1924
2162,1A22_A_B,['SB61A'],-0.18216991424560547,0.23399925231933594,1A22_A_B,1,split_0,1A22_A_B_SB61A_360
2163,3SE4_B_A,['DA117A'],0.13220183551311493,-0.1912403106689453,3SE4_B_A,1,split_0,3SE4_B_A_DA117A_1988
2164,1IAR_A_B,['KA12S'],-0.01481207087635994,0.0281219482421875,1IAR_A_B,1,split_0,1IAR_A_B_KA12S_39
2165,4KRO_A_B,['RB15A'],1.5840085744857788,1.0252761840820312,4KRO_A_B,1,split_0,4KRO_A_B_RB15A_2112
2166,1LFD_A_B,"['SA20A', 'YB40F']",1.7991840839385986,1.3219146728515625,1LFD_A_B,2,split_0,"1LFD_A_B_SA20A,YB40F_2155"
2167,3S9D_A_B,['EB39A'],0.21190492808818817,0.08427238464355469,3S9D_A_B,1,split_0,3S9D_A_B_EB39A_1759
2168,2G2U_A_B,"['EB73A', 'YB143A']",-1.8355034589767456,1.5514354705810547,2G2U_A_B,2,split_0,"2G2U_A_B_EB73A,YB143A_393"
2169,3NCB_A_B,['AA167H'],-1.5354089736938477,-1.2140369415283203,3NCB_A_B,1,split_0,3NCB_A_B_AA167H_774
2170,4Y61_A_B,['YA246A'],-0.07816073298454285,0.9931678771972656,4Y61_A_B,1,split_0,4Y61_A_B_YA246A_1671
2171,1PPF_E_I,['TI17E'],3.0410115718841553,4.096736907958984,1PPF_E_I,1,split_0,1PPF_E_I_TI17E_698
2172,1PPF_E_I,['EI19P'],3.2103826999664307,1.7194061279296875,1PPF_E_I,1,split_0,1PPF_E_I_EI19P_729
2173,1LFD_A_B,"['KA19A', 'QB25A']",2.5012662410736084,1.349853515625,1LFD_A_B,2,split_0,"1LFD_A_B_KA19A,QB25A_2146"
2174,1R0R_E_I,"['VI1I', 'EI5D', 'AI10V', 'TI12S', 'RI16M', 'NI23S', 'GI27S', 'EI38D', 'TI44I']",0.28546592593193054,2.6497154235839844,1R0R_E_I,9,split_0,"1R0R_E_I_VI1I,EI5D,AI10V,TI12S,RI16M,NI23S,GI27S,EI38D,TI44I_1122"
2175,1A22_A_B,['IB64A'],1.9408929347991943,1.0159416198730469,1A22_A_B,1,split_0,1A22_A_B_IB64A_363
2176,3SE4_B_C,['MC38A'],1.6662180423736572,0.4644889831542969,3SE4_B_C,1,split_0,3SE4_B_C_MC38A_1777
2177,1PPF_E_I,['GI32Q'],2.7997264862060547,1.8330974578857422,1PPF_E_I,1,split_0,1PPF_E_I_GI32Q_925
2178,4RS1_A_B,['TB172A'],0.4807125926017761,0.42777252197265625,4RS1_A_B,1,split_0,4RS1_A_B_TB172A_2211
2179,1R0R_E_I,['RI16P'],7.390504837036133,6.450115203857422,1R0R_E_I,1,split_0,1R0R_E_I_RI16P_828
2180,3SE4_B_A,['YA55A'],1.3641711473464966,1.5358734130859375,3SE4_B_A,1,split_0,3SE4_B_A_YA55A_1986
2181,1PPF_E_I,['AI15W'],-0.6408453583717346,-1.5889015197753906,1PPF_E_I,1,split_0,1PPF_E_I_AI15W_665
2182,1A22_A_B,['FB59A'],-0.01499958522617817,0.9728355407714844,1A22_A_B,1,split_0,1A22_A_B_FB59A_452
2183,3HFM_HL_Y,['GY102V'],0.2402186095714569,-0.25419044494628906,3HFM_HL_Y,1,split_0,3HFM_HL_Y_GY102V_949
2184,1MHP_HL_A,['KH64E'],0.0,0.114288330078125,1MHP_HL_A,1,split_0,1MHP_HL_A_KH64E_1462
2185,2JEL_LH_P,['FP2W'],2.6203253269195557,0.008119583129882812,2JEL_LH_P,1,split_0,2JEL_LH_P_FP2W_203
2186,1LFD_A_B,['KA39A'],1.8000420331954956,1.2509727478027344,1LFD_A_B,1,split_0,1LFD_A_B_KA39A_155
2187,1R0R_E_I,['YI15F'],0.6170114278793335,0.24303245544433594,1R0R_E_I,1,split_0,1R0R_E_I_YI15F_800
2188,1KNE_A_P,"['AA3L', 'TP2L']",0.25172290205955505,-0.7886772155761719,1KNE_A_P,2,split_0,"1KNE_A_P_AA3L,TP2L_2072"
2189,1A22_A_B,['VB126A'],-0.6170114278793335,0.6377220153808594,1A22_A_B,1,split_0,1A22_A_B_VB126A_375
2190,5M2O_A_B,['NA120A'],0.44989702105522156,0.08451461791992188,5M2O_A_B,1,split_0,5M2O_A_B_NA120A_1878
2191,2NYY_DC_A,['KA1028A'],-0.02914285846054554,0.1322612762451172,2NYY_DC_A,1,split_0,2NYY_DC_A_KA1028A_1497
2192,3HFM_HL_Y,['YH58F'],0.35729318857192993,0.37158775329589844,3HFM_HL_Y,1,split_0,3HFM_HL_Y_YH58F_927
2193,3SE3_B_A,"['YB43H', 'NB44E', 'SB47Q', 'RB92A']",2.8363590240478516,0.4752388000488281,3SE3_B_A,4,split_0,"3SE3_B_A_YB43H,NB44E,SB47Q,RB92A_1743"
2194,1R0R_E_I,"['EI5D', 'AI10V', 'TI12S', 'RI16M', 'VI37A', 'EI38D']",-1.1571053266525269,1.9158153533935547,1R0R_E_I,6,split_0,"1R0R_E_I_EI5D,AI10V,TI12S,RI16M,VI37A,EI38D_1172"
2195,1A22_A_B,['WB39A'],-0.017686447128653526,0.9172859191894531,1A22_A_B,1,split_0,1A22_A_B_WB39A_358
2196,1C1Y_A_B,['DA38A'],2.6203253269195557,1.5128154754638672,1C1Y_A_B,1,split_0,1C1Y_A_B_DA38A_1805
2197,3KBH_A_E,['DA20A'],0.8734071850776672,0.4828987121582031,3KBH_A_E,1,split_0,3KBH_A_E_DA20A_1835
2198,1A4Y_A_B,"['KB40G', 'DA435A']",4.107512950897217,3.5329151153564453,1A4Y_A_B,2,split_0,"1A4Y_A_B_KB40G,DA435A_661"
2199,1A22_A_B,['KA161A'],2.0150461196899414,2.5219287872314453,1A22_A_B,1,split_0,1A22_A_B_KA161A_342
2200,5UFE_A_B,['GA12V'],-0.7279252409934998,-0.6577873229980469,5UFE_A_B,1,split_0,5UFE_A_B_GA12V_2400
2201,4OFY_A_D,['EA88A'],0.28220826387405396,0.05830192565917969,4OFY_A_D,1,split_0,4OFY_A_D_EA88A_1980
2202,1KTZ_A_B,['IB101A'],0.5393629670143127,0.47376441955566406,1KTZ_A_B,1,split_0,1KTZ_A_B_IB101A_266
2203,3BDY_HL_V,"['DL28N', 'PL30A', 'RL31K', 'SL32T', 'TL97S', 'TL98S', 'KH31S', 'DH32G', 'TH55S', 'NH56E', 'GH101V', 'DH103V', 'RH51A', 'RH60A']",-2.728342294692993,2.2662086486816406,3BDY_HL_V,14,split_0,"3BDY_HL_V_DL28N,PL30A,RL31K,SL32T,TL97S,TL98S,KH31S,DH32G,TH55S,NH56E,GH101V,DH103V,RH51A,RH60A_1534"
2204,1JTD_A_B,['SB131A'],0.15162824094295502,0.032886505126953125,1JTD_A_B,1,split_0,1JTD_A_B_SB131A_2271
2205,1R0R_E_I,['TI12P'],4.94998025894165,2.5266342163085938,1R0R_E_I,1,split_0,1R0R_E_I_TI12P_713
2206,1R0R_E_I,['LI13Y'],0.44681063294410706,-0.515289306640625,1R0R_E_I,1,split_0,1R0R_E_I_LI13Y_649
2207,4YFD_A_B,"['EA207G', 'LA208S', 'RA209S', 'EA210G']",-0.03591717779636383,0.047039031982421875,4YFD_A_B,4,split_0,"4YFD_A_B_EA207G,LA208S,RA209S,EA210G_2079"
2208,3W2D_A_HL,['YA45L'],2.3658151626586914,0.5575237274169922,3W2D_A_HL,1,split_0,3W2D_A_HL_YA45L_1588
2209,1KTZ_A_B,['SB25A'],0.3265458643436432,0.10389328002929688,1KTZ_A_B,1,split_0,1KTZ_A_B_SB25A_249
2210,3S9D_A_B,['KB37A'],0.3143717646598816,0.5737285614013672,3S9D_A_B,1,split_0,3S9D_A_B_KB37A_1608
2211,1A22_A_B,['TB149A'],0.17779755592346191,0.3661022186279297,1A22_A_B,1,split_0,1A22_A_B_TB149A_492
2212,1MHP_HL_A,['GH53A'],0.5128361582756042,-0.416900634765625,1MHP_HL_A,1,split_0,1MHP_HL_A_GH53A_1477
2213,1FSS_A_B,['TB9N'],1.1990468502044678,2.5381088256835938,1FSS_A_B,1,split_0,1FSS_A_B_TB9N_1300
2214,3S9D_A_B,['LA8A'],1.2793906927108765,0.40290069580078125,3S9D_A_B,1,split_0,3S9D_A_B_LA8A_1618
2215,3S9D_A_B,['DB91A'],1.0482174158096313,0.3957481384277344,3S9D_A_B,1,split_0,3S9D_A_B_DB91A_1773
2216,1R0R_E_I,['RI16Q'],0.182406947016716,0.8446846008300781,1R0R_E_I,1,split_0,1R0R_E_I_RI16Q_835
2217,1A22_A_B,"['YA42A', 'QA46A']",0.3062743544578552,1.1605186462402344,1A22_A_B,2,split_0,"1A22_A_B_YA42A,QA46A_467"
2218,4MYW_A_B,"['TB31A', 'QB32A', 'EB93A', 'NB101A']",-0.5298199653625488,-1.5498199462890625,4MYW_A_B,4,split_0,"4MYW_A_B_TB31A,QB32A,EB93A,NB101A_2118"
2219,2JEL_LH_P,['KP24E'],0.0,1.2607402801513672,2JEL_LH_P,1,split_0,2JEL_LH_P_KP24E_215
2220,1A22_A_B,"['KB2A', 'KB5A']",0.2402186095714569,-0.7555580139160156,1A22_A_B,2,split_0,"1A22_A_B_KB2A,KB5A_400"
2221,1A22_A_B,['PA2A'],-0.05472675710916519,0.23604965209960938,1A22_A_B,1,split_0,1A22_A_B_PA2A_497
2222,5E9D_AB_CDE,['NE27G'],0.27520233392715454,0.5661392211914062,5E9D_AB_CDE,1,split_0,5E9D_AB_CDE_NE27G_1048
2223,1R0R_E_I,['GI27Y'],0.48534274101257324,0.9833354949951172,1R0R_E_I,1,split_0,1R0R_E_I_GI27Y_953
2224,1R0R_E_I,['RI16W'],0.94539874792099,1.036123275756836,1R0R_E_I,1,split_0,1R0R_E_I_RI16W_840
2225,1LFD_A_B,['DA43A'],-0.2796773910522461,0.39342689514160156,1LFD_A_B,1,split_0,1LFD_A_B_DA43A_183
2226,1EAW_A_B,['TA144A'],0.08945067971944809,0.04159355163574219,1EAW_A_B,1,split_0,1EAW_A_B_TA144A_256
2227,1EMV_A_B,"['FB86A', 'LA31A']",6.679957866668701,2.7290420532226562,1EMV_A_B,2,split_0,"1EMV_A_B_FB86A,LA31A_159"
2228,1LFD_A_B,['LA10K'],-0.5018116235733032,0.1999530792236328,1LFD_A_B,1,split_0,1LFD_A_B_LA10K_148
2229,1A22_A_B,['FA25A'],-0.3927019536495209,1.0712032318115234,1A22_A_B,1,split_0,1A22_A_B_FA25A_466
2230,1R0R_E_I,['EI14Y'],1.8898556232452393,1.1727371215820312,1R0R_E_I,1,split_0,1R0R_E_I_EI14Y_763
2231,1PPF_E_I,"['EI10G', 'KI13Q', 'PI14S', 'TI17P', 'LI18Q', 'EI19D', 'RI21V', 'LI23F', 'GI32S', 'VI42A', 'EI43D']",6.034609317779541,4.602251052856445,1PPF_E_I,11,split_0,"1PPF_E_I_EI10G,KI13Q,PI14S,TI17P,LI18Q,EI19D,RI21V,LI23F,GI32S,VI42A,EI43D_1182"
2232,3SEK_B_C,['LC11E'],2.8872756958007812,0.41291236877441406,3SEK_B_C,1,split_0,3SEK_B_C_LC11E_1318
2233,3SE3_B_A,"['YB43H', 'NB44E', 'SB47Q', 'LB66A']",3.47526478767395,0.20818710327148438,3SE3_B_A,4,split_0,"3SE3_B_A_YB43H,NB44E,SB47Q,LB66A_1734"
2234,4UYP_A_D,"['LD20Y', 'LD56Y', 'SD15I', 'ID16N']",0.2402186095714569,-0.287994384765625,4UYP_A_D,4,split_0,"4UYP_A_D_LD20Y,LD56Y,SD15I,ID16N_1408"
2235,4YEB_A_B,['AA114S'],0.0693911537528038,0.12062454223632812,4YEB_A_B,1,split_0,4YEB_A_B_AA114S_1675
2236,4OFY_A_D,['DA38A'],0.5488527417182922,0.6866550445556641,4OFY_A_D,1,split_0,4OFY_A_D_DA38A_1976
2237,3S9D_A_B,"['MB35V', 'LA23A']",7.11393928527832,0.7737312316894531,3S9D_A_B,2,split_0,"3S9D_A_B_MB35V,LA23A_1871"
2238,3S9D_A_B,['RB62A'],0.17043781280517578,0.20340347290039062,3S9D_A_B,1,split_0,3S9D_A_B_RB62A_1762
2239,3S9D_A_B,['SB63A'],0.2734968066215515,0.24547576904296875,3S9D_A_B,1,split_0,3S9D_A_B_SB63A_1763
2240,2G2U_A_B,['EB73M'],-3.5360348224639893,-0.017414093017578125,2G2U_A_B,1,split_0,2G2U_A_B_EB73M_400
2241,4NM8_ABCDEF_HL,['LB38Y'],-0.6052793264389038,-0.5161685943603516,4NM8_ABCDEF_HL,1,split_0,4NM8_ABCDEF_HL_LB38Y_1619
2242,1PPF_E_I,['AI15G'],1.1382291316986084,1.0103092193603516,1PPF_E_I,1,split_0,1PPF_E_I_AI15G_647
2243,3HFM_HL_Y,['DY101G'],0.5186731815338135,0.6500968933105469,3HFM_HL_Y,1,split_0,3HFM_HL_Y_DY101G_965
2244,5M2O_A_B,['HA117A'],0.8830339908599854,1.271942138671875,5M2O_A_B,1,split_0,5M2O_A_B_HA117A_1877
2245,1EMV_A_B,['SA27A'],0.9564331769943237,0.5435562133789062,1EMV_A_B,1,split_0,1EMV_A_B_SA27A_169
2246,3SE4_B_A,['LA116A'],0.13220183551311493,0.5661334991455078,3SE4_B_A,1,split_0,3SE4_B_A_LA116A_1987
2247,3SE3_B_A,['NA227A'],0.5428582429885864,0.08234596252441406,3SE3_B_A,1,split_0,3SE3_B_A_NA227A_1799
2248,3NCB_A_B,['AA167H'],-2.272951126098633,-1.2140426635742188,3NCB_A_B,1,split_0,3NCB_A_B_AA167H_783
2249,1MHP_HL_A,['NL51E'],-0.17744916677474976,-0.2583274841308594,1MHP_HL_A,1,split_0,1MHP_HL_A_NL51E_1439
2250,1R0R_E_I,"['EI5D', 'KI8Q', 'AI10V', 'TI12M', 'LI13G', 'EI14D', 'RI16M', 'NI23S', 'GI27S', 'EI38D', 'SI46N']",3.1058459281921387,6.827064514160156,1R0R_E_I,11,split_0,"1R0R_E_I_EI5D,KI8Q,AI10V,TI12M,LI13G,EI14D,RI16M,NI23S,GI27S,EI38D,SI46N_1175"
2251,1R0R_E_I,['AI10V'],-0.9535146951675415,-0.8229198455810547,1R0R_E_I,1,split_0,1R0R_E_I_AI10V_673
2252,1E50_A_B,"['DA52A', 'EA53A']",0.3910408318042755,0.31108665466308594,1E50_A_B,2,split_0,"1E50_A_B_DA52A,EA53A_2019"
2253,1A22_A_B,['HA21A'],0.15543822944164276,1.025787353515625,1A22_A_B,1,split_0,1A22_A_B_HA21A_321
2254,1PPF_E_I,['LI18M'],1.2265255451202393,0.265655517578125,1PPF_E_I,1,split_0,1PPF_E_I_LI18M_1202
2255,1R0R_E_I,"['TI12R', 'LI13R']",6.506483554840088,5.395395278930664,1R0R_E_I,2,split_0,"1R0R_E_I_TI12R,LI13R_1004"
2256,1TM1_E_I,['TI39D'],2.099073648452759,3.177410125732422,1TM1_E_I,1,split_0,1TM1_E_I_TI39D_8
2257,1R0R_E_I,['TI12N'],0.017864227294921875,3.191068649291992,1R0R_E_I,1,split_0,1R0R_E_I_TI12N_717
2258,3S9D_A_B,['EA34A'],0.0,0.09452629089355469,3S9D_A_B,1,split_0,3S9D_A_B_EA34A_1597
2259,1R0R_E_I,"['AI10D', 'GI27A', 'NI28S']",5.834187984466553,0.9358291625976562,1R0R_E_I,3,split_0,"1R0R_E_I_AI10D,GI27A,NI28S_1145"
2260,1PPF_E_I,"['EI10D', 'RI21M', 'LI23F', 'NI28S', 'GI32S', 'EI43D']",0.46085023880004883,1.4691829681396484,1PPF_E_I,6,split_0,"1PPF_E_I_EI10D,RI21M,LI23F,NI28S,GI32S,EI43D_1221"
2261,4PWX_AB_CD,['RB71A'],0.3591063618659973,0.6384105682373047,4PWX_AB_CD,1,split_0,4PWX_AB_CD_RB71A_2046
2262,3AAA_AB_C,['RA252A'],3.0476717948913574,1.0251331329345703,3AAA_AB_C,1,split_0,3AAA_AB_C_RA252A_1234
2263,2SIC_E_I,['MI67A'],0.21785926818847656,1.5592155456542969,2SIC_E_I,1,split_0,2SIC_E_I_MI67A_10
2264,1EAW_A_B,['FA92A'],0.892020046710968,1.2902679443359375,1EAW_A_B,1,split_0,1EAW_A_B_FA92A_251
2265,1PPF_E_I,"['EI10D', 'KI13M', 'LI18M', 'LI23V']",1.6279964447021484,-0.16126441955566406,1PPF_E_I,4,split_0,"1PPF_E_I_EI10D,KI13M,LI18M,LI23V_1209"
2266,1LFD_A_B,['KA35A'],0.29746535420417786,0.9569358825683594,1LFD_A_B,1,split_0,1LFD_A_B_KA35A_152
2267,3BX1_A_C,['YC87I'],1.7820247411727905,0.8549308776855469,3BX1_A_C,1,split_0,3BX1_A_C_YC87I_1558
2268,3F1S_A_B,['DA36A'],2.185483932495117,0.23818016052246094,3F1S_A_B,1,split_0,3F1S_A_B_DA36A_2045
2269,1R0R_E_I,['GI27A'],1.29815673828125,0.3259735107421875,1R0R_E_I,1,split_0,1R0R_E_I_GI27A_936
2270,2NYY_DC_A,['RA1033A'],0.8260335922241211,0.18391799926757812,2NYY_DC_A,1,split_0,2NYY_DC_A_RA1033A_1499
2271,1PPF_E_I,['PI14Q'],-0.8112831711769104,-0.10358428955078125,1PPF_E_I,1,split_0,1PPF_E_I_PI14Q_849
2272,1LFD_A_B,['SA9K'],-0.11787066608667374,-0.8062763214111328,1LFD_A_B,1,split_0,1LFD_A_B_SA9K_172
2273,1A22_A_B,['KA70A'],0.5215702652931213,0.3746471405029297,1A22_A_B,1,split_0,1A22_A_B_KA70A_525
2274,1PPF_E_I,['GI32M'],2.195336103439331,1.53338623046875,1PPF_E_I,1,split_0,1PPF_E_I_GI32M_921
2275,2G2U_A_B,['EB73M'],-2.4665775299072266,-0.01741790771484375,2G2U_A_B,1,split_0,2G2U_A_B_EB73M_408
2276,2NYY_DC_A,['VD36I'],-0.21470792591571808,0.000553131103515625,2NYY_DC_A,1,split_0,2NYY_DC_A_VD36I_1513
2277,1A22_A_B,['EB179A'],0.10801676660776138,0.41182518005371094,1A22_A_B,1,split_0,1A22_A_B_EB179A_435
2278,1KTZ_A_B,['NB23A'],0.28495320677757263,0.22431564331054688,1KTZ_A_B,1,split_0,1KTZ_A_B_NB23A_260
2279,1EMV_A_B,['HA44A'],0.832183837890625,1.7053947448730469,1EMV_A_B,1,split_0,1EMV_A_B_HA44A_183
2280,1R0R_E_I,['KI8H'],-0.5933101773262024,0.1967792510986328,1R0R_E_I,1,split_0,1R0R_E_I_KI8H_912
2281,3QIB_ABP_CD,['KA67A'],0.5660946369171143,0.8176250457763672,3QIB_ABP_CD,1,split_0,3QIB_ABP_CD_KA67A_1908
2282,1A22_A_B,['SB61A'],-0.2224189043045044,0.23400115966796875,1A22_A_B,1,split_0,1A22_A_B_SB61A_477
2283,1PPF_E_I,"['EI10G', 'LI18M', 'YI20S', 'LI23I', 'KI29T', 'GI32S', 'HI52Y', 'FI53P', 'KI55V']",5.622589111328125,3.7734222412109375,1PPF_E_I,9,split_0,"1PPF_E_I_EI10G,LI18M,YI20S,LI23I,KI29T,GI32S,HI52Y,FI53P,KI55V_1210"
2284,1MHP_HL_A,['NL29V'],1.0497993230819702,-0.10189056396484375,1MHP_HL_A,1,split_0,1MHP_HL_A_NL29V_1451
2285,4PWX_AB_CD,['EA201K'],1.729231834411621,-0.008647918701171875,4PWX_AB_CD,1,split_0,4PWX_AB_CD_EA201K_2036
2286,5M2O_A_B,"['EA80A', 'NA120A']",1.210966944694519,0.7309436798095703,5M2O_A_B,2,split_0,"5M2O_A_B_EA80A,NA120A_1884"
2287,1PPF_E_I,['EI19I'],0.7233257293701172,1.0546188354492188,1PPF_E_I,1,split_0,1PPF_E_I_EI19I_731
2288,3SE4_B_C,['KB134A'],1.8023210763931274,0.7950515747070312,3SE4_B_C,1,split_0,3SE4_B_C_KB134A_1812
2289,1MHP_HL_A,['GH54I'],1.3641711473464966,0.24657821655273438,1MHP_HL_A,1,split_0,1MHP_HL_A_GH54I_1478
2290,1JTD_A_B,['DB93A'],1.989831566810608,2.125619888305664,1JTD_A_B,1,split_0,1JTD_A_B_DB93A_2268
2291,1IAR_A_B,['TA13D'],-0.21867252886295319,0.16753005981445312,1IAR_A_B,1,split_0,1IAR_A_B_TA13D_42
2292,3UIG_A_P,['KA58A'],0.4465735852718353,0.16490745544433594,3UIG_A_P,1,split_0,3UIG_A_P_KA58A_1350
2293,1A4Y_A_B,['QB12A'],0.3002651035785675,0.12967681884765625,1A4Y_A_B,1,split_0,1A4Y_A_B_QB12A_621
2294,1A22_A_B,['YA42A'],0.19934363663196564,0.9818630218505859,1A22_A_B,1,split_0,1A22_A_B_YA42A_326
2295,4J2L_A_CD,['LA118E'],-0.6311247944831848,1.3098182678222656,4J2L_A_CD,1,split_0,4J2L_A_CD_LA118E_1970
2296,1KTZ_A_B,['VA62I'],0.2429177165031433,-0.12677764892578125,1KTZ_A_B,1,split_0,1KTZ_A_B_VA62I_240
2297,1A22_A_B,['RB30A'],0.5358468890190125,0.278106689453125,1A22_A_B,1,split_0,1A22_A_B_RB30A_353
2298,1LFD_A_B,['SB39A'],-0.5999683737754822,0.6338729858398438,1LFD_A_B,1,split_0,1LFD_A_B_SB39A_2120
2299,1C1Y_A_B,"['KB30A', 'RB35G']",2.6203253269195557,3.700704574584961,1C1Y_A_B,2,split_0,"1C1Y_A_B_KB30A,RB35G_1803"
2300,3SE3_B_A,"['YB43H', 'NB44A', 'SB47Q']",1.383597493171692,0.3133087158203125,3SE3_B_A,3,split_0,"3SE3_B_A_YB43H,NB44A,SB47Q_1650"
2301,1A22_A_B,['RB11M'],1.0003997087478638,-0.21342849731445312,1A22_A_B,1,split_0,1A22_A_B_RB11M_389
2302,1A22_A_B,['DB85A'],0.9778892993927002,0.09928512573242188,1A22_A_B,1,split_0,1A22_A_B_DB85A_485
2303,3S9D_A_B,"['EB66A', 'LA8A']",4.092513084411621,0.9630012512207031,3S9D_A_B,2,split_0,"3S9D_A_B_EB66A,LA8A_1878"
2304,4MYW_A_B,['IB48A'],2.573214054107666,2.0231056213378906,4MYW_A_B,1,split_0,4MYW_A_B_IB48A_2117
2305,3HFM_HL_Y,['DY101F'],2.1704843044281006,-0.0044002532958984375,3HFM_HL_Y,1,split_0,3HFM_HL_Y_DY101F_937
2306,3SE4_B_A,['NA230A'],0.30293580889701843,0.038364410400390625,3SE4_B_A,1,split_0,3SE4_B_A_NA230A_1996
2307,1A22_A_B,['TB60A'],1.7616124153137207,0.724578857421875,1A22_A_B,1,split_0,1A22_A_B_TB60A_385
2308,1PPF_E_I,['KI13I'],0.6312880516052246,0.11096763610839844,1PPF_E_I,1,split_0,1PPF_E_I_KI13I_883
2309,1E50_A_B,['RA84A'],-0.1912277340888977,1.0084514617919922,1E50_A_B,1,split_0,1E50_A_B_RA84A_2021
2310,3M62_A_B,['EA55A'],1.0515739917755127,0.1269989013671875,3M62_A_B,1,split_0,3M62_A_B_EA55A_1292
2311,1E50_A_B,['NB62A'],0.9096092581748962,0.8383560180664062,1E50_A_B,1,split_0,1E50_A_B_NB62A_2015
2312,1EMV_A_B,['TA36A'],0.8999664783477783,0.392852783203125,1EMV_A_B,1,split_0,1EMV_A_B_TA36A_178
2313,1R0R_E_I,['RI16H'],0.5256845355033875,0.6921119689941406,1R0R_E_I,1,split_0,1R0R_E_I_RI16H_837
2314,1R0R_E_I,['LI13Q'],0.5696492195129395,2.941732406616211,1R0R_E_I,1,split_0,1R0R_E_I_LI13Q_644
2315,1KNE_A_P,"['AA3K', 'TP2K']",1.5997247695922852,-0.681121826171875,1KNE_A_P,2,split_0,"1KNE_A_P_AA3K,TP2K_2064"
2316,3S9D_A_B,['LA8A'],1.965646505355835,0.40290069580078125,3S9D_A_B,1,split_0,3S9D_A_B_LA8A_1860
2317,1PPF_E_I,"['EI10D', 'AI15V', 'TI17S', 'EI19D', 'RI21M', 'KI29T', 'GI32N', 'NI36I', 'EI43D', 'LI48I']",4.598098278045654,4.29340934753418,1PPF_E_I,10,split_0,"1PPF_E_I_EI10D,AI15V,TI17S,EI19D,RI21M,KI29T,GI32N,NI36I,EI43D,LI48I_1230"
2318,2G2U_A_B,"['DA79A', 'EB73M']",-2.1472480297088623,-1.9304847717285156,2G2U_A_B,2,split_0,"2G2U_A_B_DA79A,EB73M_412"
2319,3QIB_ABP_CD,['LD95P'],-0.3697237968444824,0.3394126892089844,3QIB_ABP_CD,1,split_0,3QIB_ABP_CD_LD95P_1904
2320,4BFI_A_B,['LB29K'],2.077467203140259,0.3142509460449219,4BFI_A_B,1,split_0,4BFI_A_B_LB29K_1591
2321,1IAR_A_B,['KA77E'],0.6118258237838745,0.3040962219238281,1IAR_A_B,1,split_0,1IAR_A_B_KA77E_51
2322,3N85_A_LH,['WH30K'],-0.7849546670913696,0.5184497833251953,3N85_A_LH,1,split_0,3N85_A_LH_WH30K_1267
2323,3HFM_HL_Y,"['YL50F', 'RY21A']",4.3327317237854,1.2993183135986328,3HFM_HL_Y,2,split_0,"3HFM_HL_Y_YL50F,RY21A_891"
2324,1A22_A_B,['QA170A'],0.274082213640213,-0.23743057250976562,1A22_A_B,1,split_0,1A22_A_B_QA170A_538
2325,1FSS_A_B,"['TB8V', 'TB9N', 'RB11K', 'HB29R', 'KB32R']",0.8018864393234253,2.206350326538086,1FSS_A_B,5,split_0,"1FSS_A_B_TB8V,TB9N,RB11K,HB29R,KB32R_1320"
2326,3BTF_E_I,['FI13K'],-7.027210712432861,-7.101261138916016,3BTF_E_I,1,split_0,3BTF_E_I_FI13K_992
2327,2NYY_DC_A,['YD30Q'],0.12990403175354004,0.8620491027832031,2NYY_DC_A,1,split_0,2NYY_DC_A_YD30Q_1507
2328,1JTD_A_B,['YB153A'],3.3001062870025635,3.636442184448242,1JTD_A_B,1,split_0,1JTD_A_B_YB153A_2273
2329,1A4Y_A_B,['NB68A'],0.11780958622694016,-0.03633308410644531,1A4Y_A_B,1,split_0,1A4Y_A_B_NB68A_622
2330,1A22_A_B,['RB7A'],0.26912444829940796,0.21239662170410156,1A22_A_B,1,split_0,1A22_A_B_RB7A_407
2331,1LFD_A_B,['DA43A'],-0.4014550745487213,0.3934192657470703,1LFD_A_B,1,split_0,1LFD_A_B_DA43A_158
2332,3NCB_A_B,['AA167H'],-0.7765509486198425,-1.214040756225586,3NCB_A_B,1,split_0,3NCB_A_B_AA167H_776
2333,1S1Q_A_B,['FA42A'],0.19934363663196564,0.9110240936279297,1S1Q_A_B,1,split_0,1S1Q_A_B_FA42A_225
2334,1EMV_A_B,"['QA15E', 'LA16F', 'TA18K', 'TA19K', 'NA22R', 'SA46D', 'KA55R', 'EA56D', 'GA57D', 'DA58R', 'DA59E', 'SA63E', 'NA67K', 'TA68E', 'VA69I', 'QA71E']",1.4230005741119385,-3.075094223022461,1EMV_A_B,16,split_0,"1EMV_A_B_QA15E,LA16F,TA18K,TA19K,NA22R,SA46D,KA55R,EA56D,GA57D,DA58R,DA59E,SA63E,NA67K,TA68E,VA69I,QA71E_139"
2335,1PPF_E_I,['GI32K'],3.306267023086548,1.5224151611328125,1PPF_E_I,1,split_0,1PPF_E_I_GI32K_924
2336,3N85_A_LH,['SH32A'],-0.13407966494560242,-0.08718109130859375,3N85_A_LH,1,split_0,3N85_A_LH_SH32A_1270
2337,1E50_A_B,['DA8A'],-0.4022527039051056,1.8003177642822266,1E50_A_B,1,split_0,1E50_A_B_DA8A_2004
2338,1A22_A_B,['EB86A'],0.4106564223766327,-0.38440513610839844,1A22_A_B,1,split_0,1A22_A_B_EB86A_420
2339,1R0R_E_I,['PI9M'],-0.03315281495451927,-0.3304939270019531,1R0R_E_I,1,split_0,1R0R_E_I_PI9M_868
2340,1R0R_E_I,['NI31S'],0.48534274101257324,-0.5107555389404297,1R0R_E_I,1,split_0,1R0R_E_I_NI31S_976
2341,1MHP_HL_A,['NL29W'],1.5733891725540161,0.3074169158935547,1MHP_HL_A,1,split_0,1MHP_HL_A_NL29W_1468
2342,1PPF_E_I,['KI13P'],1.2661839723587036,1.0123558044433594,1PPF_E_I,1,split_0,1PPF_E_I_KI13P_881
2343,4JFF_ABC_DE,['GC6A'],6.595266342163086,3.4905548095703125,4JFF_ABC_DE,1,split_0,4JFF_ABC_DE_GC6A_1233
2344,1KNE_A_P,"['DA40T', 'TP2I']",0.8872087001800537,-0.09115219116210938,1KNE_A_P,2,split_0,"1KNE_A_P_DA40T,TP2I_2095"
2345,3S9D_A_B,['FA20A'],0.8998063206672668,0.4866466522216797,3S9D_A_B,1,split_0,3S9D_A_B_FA20A_1625
2346,4I77_HL_Z,['YH101F'],0.0,-0.12761306762695312,4I77_HL_Z,1,split_0,4I77_HL_Z_YH101F_1380
2347,1A22_A_B,['FA54A'],0.8793615102767944,0.16358184814453125,1A22_A_B,1,split_0,1A22_A_B_FA54A_512
2348,3M62_A_B,['TA54A'],0.01668989285826683,0.1750946044921875,3M62_A_B,1,split_0,3M62_A_B_TA54A_1291
2349,4CPA_A_I,['VI37L'],1.2793906927108765,-0.09003067016601562,4CPA_A_I,1,split_0,4CPA_A_I_VI37L_284
2350,4J2L_A_CD,"['SA34D', 'LA118E']",0.6970077157020569,1.2145519256591797,4J2L_A_CD,2,split_0,"4J2L_A_CD_SA34D,LA118E_1967"
2351,1MHP_HL_A,['GL91S'],0.5128361582756042,-0.14026260375976562,1MHP_HL_A,1,split_0,1MHP_HL_A_GL91S_1473
2352,3M62_A_B,['VB48A'],1.0904372930526733,0.4804649353027344,3M62_A_B,1,split_0,3M62_A_B_VB48A_1301
2353,1TM1_E_I,['EI41A'],2.9246554374694824,2.9952430725097656,1TM1_E_I,1,split_0,1TM1_E_I_EI41A_10
2354,3HFM_HL_Y,"['YL50A', 'RY21A']",6.369324207305908,3.090116500854492,3HFM_HL_Y,2,split_0,"3HFM_HL_Y_YL50A,RY21A_890"
2355,1E50_A_B,['RB32A'],1.774827480316162,1.2450065612792969,1E50_A_B,1,split_0,1E50_A_B_RB32A_2013
2356,1IAR_A_B,['IA5A'],1.171373963356018,0.5347309112548828,1IAR_A_B,1,split_0,1IAR_A_B_IA5A_31
2357,1R0R_E_I,"['TI12P', 'LI13K', 'EI14D', 'LI18V', 'GI27S', 'SI46N']",7.678322792053223,5.450193405151367,1R0R_E_I,6,split_0,"1R0R_E_I_TI12P,LI13K,EI14D,LI18V,GI27S,SI46N_1116"
2358,1C1Y_A_B,['NB10A'],0.5019832849502563,-0.5178871154785156,1C1Y_A_B,1,split_0,1C1Y_A_B_NB10A_1791
2359,1EFN_A_B,['IA12A'],1.4510266780853271,0.3631591796875,1EFN_A_B,1,split_0,1EFN_A_B_IA12A_71
2360,1LFD_A_B,['RB41A'],0.9006381034851074,0.4112567901611328,1LFD_A_B,1,split_0,1LFD_A_B_RB41A_2122
2361,1LFD_A_B,['YA80K'],0.19934363663196564,1.1716175079345703,1LFD_A_B,1,split_0,1LFD_A_B_YA80K_163
2362,2B10_A_B,['SB87F'],-1.1648274660110474,-3.0850257873535156,2B10_A_B,1,split_0,2B10_A_B_SB87F_203
2363,1A22_A_B,['IB62A'],0.43246692419052124,1.2155780792236328,1A22_A_B,1,split_0,1A22_A_B_IB62A_455
2364,2JCC_ABC_EF,['AA167W'],-0.29880499839782715,-1.0655593872070312,2JCC_ABC_EF,1,split_0,2JCC_ABC_EF_AA167W_1243
2365,1A22_A_B,['IB87A'],0.588454008102417,-0.020109176635742188,1A22_A_B,1,split_0,1A22_A_B_IB87A_459
2366,4J2L_A_CD,['VA23A'],0.08989062905311584,0.7782573699951172,4J2L_A_CD,1,split_0,4J2L_A_CD_VA23A_1968
2367,1R0R_E_I,"['EI5G', 'KI8Q', 'PI9S', 'TI12P', 'LI13Q', 'EI14D', 'RI16V', 'LI18F', 'GI27S', 'VI37A', 'EI38D']",3.5714170932769775,4.425262451171875,1R0R_E_I,11,split_0,"1R0R_E_I_EI5G,KI8Q,PI9S,TI12P,LI13Q,EI14D,RI16V,LI18F,GI27S,VI37A,EI38D_1117"
2368,1PPF_E_I,"['AI15G', 'LI18M', 'LI23V', 'KI29I', 'EI43K']",2.279642343521118,1.136240005493164,1PPF_E_I,5,split_0,"1PPF_E_I_AI15G,LI18M,LI23V,KI29I,EI43K_1207"
2369,4RS1_A_B,['DA92K'],3.977485179901123,-0.5274600982666016,4RS1_A_B,1,split_0,4RS1_A_B_DA92K_2246
2370,1PPF_E_I,['RI21N'],0.32947757840156555,1.5923919677734375,1PPF_E_I,1,split_0,1PPF_E_I_RI21N_809
2371,5E9D_AB_CDE,['KD96Q'],0.18748797476291656,-0.07184410095214844,5E9D_AB_CDE,1,split_0,5E9D_AB_CDE_KD96Q_1050
2372,1A22_A_B,['NB56A'],-0.2552182078361511,0.6302585601806641,1A22_A_B,1,split_0,1A22_A_B_NB56A_449
2373,4GXU_ABCDEF_MN,['DA189E'],2.166057586669922,0.33948707580566406,4GXU_ABCDEF_MN,1,split_0,4GXU_ABCDEF_MN_DA189E_1188
2374,1LFD_A_B,['DA81K'],-0.9017500281333923,-0.07550811767578125,1LFD_A_B,1,split_0,1LFD_A_B_DA81K_164
2375,3VR6_ABCDEF_GH,"['LA477A', 'LB482A', 'LC472A', 'VA478A', 'VB483A', 'VC473A', 'LG139N']",-0.07911093533039093,3.293954849243164,3VR6_ABCDEF_GH,7,split_0,"3VR6_ABCDEF_GH_LA477A,LB482A,LC472A,VA478A,VB483A,VC473A,LG139N_2041"
2376,1MHP_HL_A,"['WL89Q', 'FL32Y']",0.8714090585708618,0.6283607482910156,1MHP_HL_A,2,split_0,"1MHP_HL_A_WL89Q,FL32Y_1491"
2377,4I77_HL_Z,['YH101A'],2.27596378326416,1.0706825256347656,4I77_HL_Z,1,split_0,4I77_HL_Z_YH101A_1393
2378,1KTZ_A_B,['RA13K'],1.1516977548599243,-0.048534393310546875,1KTZ_A_B,1,split_0,1KTZ_A_B_RA13K_241
2379,1JTD_A_B,['NB74A'],1.2099658250808716,1.8050403594970703,1JTD_A_B,1,split_0,1JTD_A_B_NB74A_2266
2380,1A22_A_B,['CB67A'],0.0,0.09615516662597656,1A22_A_B,1,split_0,1A22_A_B_CB67A_480
2381,1TM1_E_I,['TI39P'],3.756010055541992,4.023502349853516,1TM1_E_I,1,split_0,1TM1_E_I_TI39P_17
2382,1A22_A_B,['EB86A'],0.9706884026527405,-0.3844013214111328,1A22_A_B,1,split_0,1A22_A_B_EB86A_369
2383,4OZG_ABJ_GH,['DH98A'],1.6500780582427979,0.20644760131835938,4OZG_ABJ_GH,1,split_0,4OZG_ABJ_GH_DH98A_1997
2384,3S9D_A_B,['LA19A'],1.4916142225265503,0.7731056213378906,3S9D_A_B,1,split_0,3S9D_A_B_LA19A_1861
2385,1LFD_A_B,"['KA39A', 'DB38A']",5.862424373626709,2.8177337646484375,1LFD_A_B,2,split_0,"1LFD_A_B_KA39A,DB38A_2167"
2386,1EAW_A_B,['DA47A'],1.5027753114700317,0.31348419189453125,1EAW_A_B,1,split_0,1EAW_A_B_DA47A_242
2387,1PPF_E_I,['KI13G'],1.248884916305542,0.5109462738037109,1PPF_E_I,1,split_0,1PPF_E_I_KI13G_875
2388,1A22_A_B,['SA57A'],0.20430143177509308,-0.041851043701171875,1A22_A_B,1,split_0,1A22_A_B_SA57A_515
2389,3F1S_A_B,['DA255A'],3.76096773147583,0.08967018127441406,3F1S_A_B,1,split_0,3F1S_A_B_DA255A_2050
2390,4PWX_AB_CD,['RB269A'],1.729231834411621,1.1044425964355469,4PWX_AB_CD,1,split_0,4PWX_AB_CD_RB269A_2041
2391,1PPF_E_I,['LI18V'],-0.4926644563674927,3.4456787109375,1PPF_E_I,1,split_0,1PPF_E_I_LI18V_613
2392,3F1S_A_B,['DA200A'],0.4106564223766327,0.5676498413085938,3F1S_A_B,1,split_0,3F1S_A_B_DA200A_2046
2393,1MHP_HL_A,"['TH50V', 'SL27Q']",-0.6949949264526367,-0.4612579345703125,1MHP_HL_A,2,split_0,"1MHP_HL_A_TH50V,SL27Q_1514"
2394,3QIB_ABP_CD,['SB61A'],0.02633553557097912,0.2131328582763672,3QIB_ABP_CD,1,split_0,3QIB_ABP_CD_SB61A_1912
2395,1R0R_E_I,['LI13A'],0.5256845355033875,4.162723541259766,1R0R_E_I,1,split_0,1R0R_E_I_LI13A_1193
2396,1PPF_E_I,['KI13V'],0.8715066909790039,0.16793251037597656,1PPF_E_I,1,split_0,1PPF_E_I_KI13V_879
2397,3QIB_ABP_CD,['EA75A'],0.0,-0.009973526000976562,3QIB_ABP_CD,1,split_0,3QIB_ABP_CD_EA75A_1910
2398,1PPF_E_I,"['DI7N', 'EI10D', 'AI15V', 'TI17S', 'EI19L', 'RI21M', 'VI42A', 'EI43D']",1.4026328325271606,2.2440853118896484,1PPF_E_I,8,split_0,"1PPF_E_I_DI7N,EI10D,AI15V,TI17S,EI19L,RI21M,VI42A,EI43D_1226"
2399,1PPF_E_I,['PI14T'],-0.26417794823646545,-0.27860260009765625,1PPF_E_I,1,split_0,1PPF_E_I_PI14T_842
2400,1KNE_A_P,['DA40K'],-0.3767928183078766,0.20381927490234375,1KNE_A_P,1,split_0,1KNE_A_P_DA40K_2088
2401,5E9D_AB_CDE,['VE49D'],-0.43268319964408875,0.0416717529296875,5E9D_AB_CDE,1,split_0,5E9D_AB_CDE_VE49D_1045
2402,2NYY_DC_A,['IA928A'],-0.009555884636938572,0.6883773803710938,2NYY_DC_A,1,split_0,2NYY_DC_A_IA928A_1496
2403,5E9D_AB_CDE,"['TD90Q', 'AE98Y']",-1.2722268104553223,-0.6630821228027344,5E9D_AB_CDE,2,split_0,"5E9D_AB_CDE_TD90Q,AE98Y_1054"
2404,4PWX_AB_CD,['DC60K'],0.37095579504966736,0.8777580261230469,4PWX_AB_CD,1,split_0,4PWX_AB_CD_DC60K_2057
2405,3SE3_B_A,"['YB43H', 'NB44E', 'SB47Q', 'QB76A']",2.289372205734253,-0.4154644012451172,3SE3_B_A,4,split_0,"3SE3_B_A_YB43H,NB44E,SB47Q,QB76A_1666"
2406,3NCB_A_B,['AA167H'],-2.2031702995300293,-1.2140216827392578,3NCB_A_B,1,split_0,3NCB_A_B_AA167H_780
2407,3HFM_HL_Y,['KY97R'],3.054218292236328,0.27855491638183594,3HFM_HL_Y,1,split_0,3HFM_HL_Y_KY97R_964
2408,1A4Y_A_B,"['WA438A', 'SA439A', 'EA440A']",1.7856985330581665,2.284944534301758,1A4Y_A_B,3,split_0,"1A4Y_A_B_WA438A,SA439A,EA440A_628"
2409,1R0R_E_I,['EI14I'],0.7369973063468933,1.2766990661621094,1R0R_E_I,1,split_0,1R0R_E_I_EI14I_754
2410,4JGH_ABC_D,['WD44A'],2.049182891845703,0.8007259368896484,4JGH_ABC_D,1,split_0,4JGH_ABC_D_WD44A_2108
2411,1A22_A_B,['IB120A'],2.1780316829681396,-0.020765304565429688,1A22_A_B,1,split_0,1A22_A_B_IB120A_488
2412,1R0R_E_I,['LI13D'],4.539323806762695,6.008159637451172,1R0R_E_I,1,split_0,1R0R_E_I_LI13D_642
2413,3S9D_A_B,"['IB34A', 'MA119A']",4.23505163192749,1.1076698303222656,3S9D_A_B,2,split_0,"3S9D_A_B_IB34A,MA119A_1828"
2414,2SIC_E_I,['MI67V'],0.7132960557937622,1.0067615509033203,2SIC_E_I,1,split_0,2SIC_E_I_MI67V_12
2415,3F1S_A_B,['DA200A'],0.6982964873313904,0.5676631927490234,3F1S_A_B,1,split_0,3F1S_A_B_DA200A_2051
2416,1PPF_E_I,['NI36M'],1.07108736038208,-0.17277908325195312,1PPF_E_I,1,split_0,1PPF_E_I_NI36M_960
2417,3S9D_A_B,['KA104A'],0.21190492808818817,0.49253082275390625,3S9D_A_B,1,split_0,3S9D_A_B_KA104A_1715
2418,1A22_A_B,['NA12A'],0.0962846651673317,-0.12992477416992188,1A22_A_B,1,split_0,1A22_A_B_NA12A_506
2419,1R0R_E_I,['LI13K'],2.8433704376220703,3.475849151611328,1R0R_E_I,1,split_0,1R0R_E_I_LI13K_1192
2420,2JEL_LH_P,['NP12D'],0.0,-0.07457733154296875,2JEL_LH_P,1,split_0,2JEL_LH_P_NP12D_212
2421,1MHP_HL_A,['GH100M'],0.10217975825071335,-0.220367431640625,1MHP_HL_A,1,split_0,1MHP_HL_A_GH100M_1483
2422,3HFM_HL_Y,['RY21H'],2.325532913208008,0.6510238647460938,3HFM_HL_Y,1,split_0,3HFM_HL_Y_RY21H_955
2423,3BX1_A_C,['TC88V'],2.8385491371154785,0.7273063659667969,3BX1_A_C,1,split_0,3BX1_A_C_TC88V_1560
2424,5E9D_AB_CDE,['AE98Y'],-0.8998063206672668,-0.5627326965332031,5E9D_AB_CDE,1,split_0,5E9D_AB_CDE_AE98Y_1046
2425,1JTD_A_B,['LA76A'],1.733952522277832,0.939453125,1JTD_A_B,1,split_0,1JTD_A_B_LA76A_1943
2426,1R0R_E_I,"['EI5G', 'LI13M', 'RI16M', 'EI38D', 'KI50E']",-0.6954318284988403,0.7165260314941406,1R0R_E_I,5,split_0,"1R0R_E_I_EI5G,LI13M,RI16M,EI38D,KI50E_1134"
2427,3S9D_A_B,['IB90A'],1.496372938156128,0.6240119934082031,3S9D_A_B,1,split_0,3S9D_A_B_IB90A_1772
2428,1PPF_E_I,"['LI18M', 'GI32D']",3.9859397411346436,2.040864944458008,1PPF_E_I,2,split_0,"1PPF_E_I_LI18M,GI32D_1219"
2429,3HFM_HL_Y,['DY101F'],2.488123655319214,-0.004398345947265625,3HFM_HL_Y,1,split_0,3HFM_HL_Y_DY101F_972
2430,1H9D_A_B,['NB94A'],2.3043715953826904,0.6673183441162109,1H9D_A_B,1,split_0,1H9D_A_B_NB94A_517
2431,4NM8_ABCDEF_HL,['TB32I'],-0.04939959943294525,0.2790699005126953,4NM8_ABCDEF_HL,1,split_0,4NM8_ABCDEF_HL_TB32I_1615
2432,2G2U_A_B,['RB144A'],-0.3423922061920166,0.5938262939453125,2G2U_A_B,1,split_0,2G2U_A_B_RB144A_386
2433,1LFD_A_B,['YB32W'],-0.21131277084350586,0.11746978759765625,1LFD_A_B,1,split_0,1LFD_A_B_YB32W_2191
2434,1R0R_E_I,['LI13V'],2.1565780639648438,3.4328861236572266,1R0R_E_I,1,split_0,1R0R_E_I_LI13V_636
2435,3M62_A_B,['MB69A'],0.6811227798461914,-0.04534912109375,3M62_A_B,1,split_0,3M62_A_B_MB69A_1305
2436,3SE4_B_C,['MB130A'],0.5728914737701416,0.6945629119873047,3SE4_B_C,1,split_0,3SE4_B_C_MB130A_1805
2437,3S9D_A_B,"['WB87A', 'RA5A']",2.3409221172332764,1.5369415283203125,3S9D_A_B,2,split_0,"3S9D_A_B_WB87A,RA5A_1832"
2438,1LFD_A_B,['SB39A'],-0.8671044707298279,0.6338768005371094,1LFD_A_B,1,split_0,1LFD_A_B_SB39A_2139
2439,2NYY_DC_A,['KA895A'],-0.14115594327449799,0.016571044921875,2NYY_DC_A,1,split_0,2NYY_DC_A_KA895A_1492
2440,1R0R_E_I,['KI8L'],-0.32802942395210266,-0.4242668151855469,1R0R_E_I,1,split_0,1R0R_E_I_KI8L_905
2441,2G2U_A_B,['DA79K'],-0.6709600687026978,-0.2491321563720703,2G2U_A_B,1,split_0,2G2U_A_B_DA79K_407
2442,2JEL_LH_P,['KP79E'],0.4106564223766327,0.47519683837890625,2JEL_LH_P,1,split_0,2JEL_LH_P_KP79E_239
2443,1LFD_A_B,"['NA16A', 'YB40F']",2.3011672496795654,1.2064666748046875,1LFD_A_B,2,split_0,"1LFD_A_B_NA16A,YB40F_2153"
2444,1R0R_E_I,"['EI5D', 'LI13M', 'RI16M', 'EI38D']",-0.2402186095714569,1.4571170806884766,1R0R_E_I,4,split_0,"1R0R_E_I_EI5D,LI13M,RI16M,EI38D_1130"
2445,1E50_A_B,['SB64A'],0.11502811312675476,0.5090217590332031,1E50_A_B,1,split_0,1E50_A_B_SB64A_2016
2446,3NCC_A_B,['AB188H'],-2.342900276184082,-1.7935428619384766,3NCC_A_B,1,split_0,3NCC_A_B_AB188H_792
2447,1MHP_HL_A,"['TH50V', 'SL27Q', 'NL51Y']",-0.9535146951675415,-0.4853172302246094,1MHP_HL_A,3,split_0,"1MHP_HL_A_TH50V,SL27Q,NL51Y_1517"
2448,3S9D_A_B,['EB66A'],2.433549642562866,0.1732940673828125,3S9D_A_B,1,split_0,3S9D_A_B_EB66A_1856
2449,1PPF_E_I,"['EI10D', 'AI15V', 'YI20E', 'RI21M', 'EI43D']",6.527771949768066,3.3291683197021484,1PPF_E_I,5,split_0,"1PPF_E_I_EI10D,AI15V,YI20E,RI21M,EI43D_1224"
2450,3S9D_A_B,['SB36A'],0.4671231210231781,0.3348960876464844,3S9D_A_B,1,split_0,3S9D_A_B_SB36A_1607
2451,1R0R_E_I,['AI10L'],-1.7550112009048462,-0.11622047424316406,1R0R_E_I,1,split_0,1R0R_E_I_AI10L_676
2452,2JEL_LH_P,['EP5D'],0.4106564223766327,-0.27893829345703125,2JEL_LH_P,1,split_0,2JEL_LH_P_EP5D_206
2453,3SE4_B_A,['LB31A'],-0.011969134211540222,0.5281486511230469,3SE4_B_A,1,split_0,3SE4_B_A_LB31A_2000
2454,1PPF_E_I,['NI36H'],-0.5330062508583069,0.19916152954101562,1PPF_E_I,1,split_0,1PPF_E_I_NI36H_965
2455,1A22_A_B,['RB166A'],0.05646670609712601,0.17102813720703125,1A22_A_B,1,split_0,1A22_A_B_RB166A_431
2456,4JFE_ABC_DE,"['AC7I', 'GC6A']",0.16564060747623444,-0.3746681213378906,4JFE_ABC_DE,2,split_0,"4JFE_ABC_DE_AC7I,GC6A_1074"
2457,4I77_HL_Z,['YH100F'],0.0,0.24505615234375,4I77_HL_Z,1,split_0,4I77_HL_Z_YH100F_1390
2458,3HH2_AB_C,['VC15E'],0.6843902468681335,-0.1795654296875,3HH2_AB_C,1,split_0,3HH2_AB_C_VC15E_1356
2459,1R0R_E_I,['AI10P'],3.345353603363037,0.2639427185058594,1R0R_E_I,1,split_0,1R0R_E_I_AI10P_675
2460,1R0R_E_I,['LI13I'],3.2540266513824463,4.4019012451171875,1R0R_E_I,1,split_0,1R0R_E_I_LI13I_639
2461,4RS1_A_B,['KB203A'],0.27628159523010254,-0.05542945861816406,4RS1_A_B,1,split_0,4RS1_A_B_KB203A_2217
2462,3M62_A_B,['DA46A'],2.8000009059906006,1.3553314208984375,3M62_A_B,1,split_0,3M62_A_B_DA46A_1289
2463,1A22_A_B,['IB64A'],1.9783879518508911,1.01593017578125,1A22_A_B,1,split_0,1A22_A_B_IB64A_479
2464,1EMV_A_B,['EA28A'],1.4166347980499268,1.0351448059082031,1EMV_A_B,1,split_0,1EMV_A_B_EA28A_170
2465,2JEL_LH_P,['TP36Q'],0.4106564223766327,0.1395397186279297,2JEL_LH_P,1,split_0,2JEL_LH_P_TP36Q_219
2466,3HFM_HL_Y,['YY20L'],2.185483932495117,1.6757240295410156,3HFM_HL_Y,1,split_0,3HFM_HL_Y_YY20L_990
2467,3SE4_B_C,['EC69A'],1.4014806747436523,0.4754638671875,3SE4_B_C,1,split_0,3SE4_B_C_EC69A_1811
2468,1LFD_A_B,"['YA18A', 'DB38A']",4.708082675933838,2.0606613159179688,1LFD_A_B,2,split_0,"1LFD_A_B_YA18A,DB38A_2165"
2469,1LFD_A_B,['KA35A'],0.2582642138004303,0.956939697265625,1LFD_A_B,1,split_0,1LFD_A_B_KA35A_177
2470,5M2O_A_B,"['NA71A', 'NA120A']",2.4594626426696777,1.2067985534667969,5M2O_A_B,2,split_0,"5M2O_A_B_NA71A,NA120A_1881"
2471,3UIG_A_P,['EA61A'],1.7585606575012207,0.4413280487060547,3UIG_A_P,1,split_0,3UIG_A_P_EA61A_1351
2472,1LFD_A_B,"['YA18A', 'EB37A']",3.4585320949554443,1.0009212493896484,1LFD_A_B,2,split_0,"1LFD_A_B_YA18A,EB37A_2163"
2473,1PPF_E_I,"['YI11H', 'EI19D', 'LI23I', 'NI28S', 'GI32S', 'NI36D', 'VI42M', 'EI43D']",0.32947757840156555,0.5143470764160156,1PPF_E_I,8,split_0,"1PPF_E_I_YI11H,EI19D,LI23I,NI28S,GI32S,NI36D,VI42M,EI43D_1228"
2474,1MAH_A_F,"['YA69N', 'YA121Q', 'WA276R']",10.92611026763916,1.5291099548339844,1MAH_A_F,3,split_0,"1MAH_A_F_YA69N,YA121Q,WA276R_145"
2475,1A22_A_B,['RB30A'],0.5993249416351318,0.27809906005859375,1A22_A_B,1,split_0,1A22_A_B_RB30A_412
2476,1R0R_E_I,['LI13N'],1.500389575958252,3.626749038696289,1R0R_E_I,1,split_0,1R0R_E_I_LI13N_641
2477,3HFM_HL_Y,['NY19D'],0.4106564223766327,0.87493896484375,3HFM_HL_Y,1,split_0,3HFM_HL_Y_NY19D_948
2478,3SE3_B_A,"['YB43H', 'NB44E', 'SB47Q', 'NB51A']",3.1588070392608643,-0.023477554321289062,3SE3_B_A,4,split_0,"3SE3_B_A_YB43H,NB44E,SB47Q,NB51A_1727"
2479,1MHP_HL_A,['LL48W'],1.9084217548370361,0.27449798583984375,1MHP_HL_A,1,split_0,1MHP_HL_A_LL48W_1486
2480,1PPF_E_I,['GI32T'],2.8123996257781982,1.9425830841064453,1PPF_E_I,1,split_0,1PPF_E_I_GI32T_917
2481,4RS1_A_B,['DA92N'],1.4300669431686401,0.08888053894042969,4RS1_A_B,1,split_0,4RS1_A_B_DA92N_2243
2482,4RS1_A_B,['EA25A'],1.5025767087936401,0.6593589782714844,4RS1_A_B,1,split_0,4RS1_A_B_EA25A_2220
2483,1A22_A_B,['KB161A'],0.19934363663196564,-0.043338775634765625,1A22_A_B,1,split_0,1A22_A_B_KB161A_428
2484,1A22_A_B,['QA29A'],-0.5890467166900635,0.2747516632080078,1A22_A_B,1,split_0,1A22_A_B_QA29A_325
2485,1JTD_A_B,['DB168A'],-1.0615314245224,2.65625,1JTD_A_B,1,split_0,1JTD_A_B_DB168A_2274
2486,1PPF_E_I,['KI13C'],0.9628335237503052,0.22472000122070312,1PPF_E_I,1,split_0,1PPF_E_I_KI13C_878
2487,1A22_A_B,"['RA156K', 'DA160H', 'IA168V', 'QA170K']",1.9539144039154053,-1.1457080841064453,1A22_A_B,4,split_0,"1A22_A_B_RA156K,DA160H,IA168V,QA170K_566"
2488,3S9D_A_B,['RA26A'],3.681856870651245,0.7255134582519531,3S9D_A_B,1,split_0,3S9D_A_B_RA26A_1594
2489,3S9D_A_B,['EA103A'],-0.13220183551311493,-0.065460205078125,3S9D_A_B,1,split_0,3S9D_A_B_EA103A_1602
2490,2G2U_A_B,"['EB73M', 'SB130K', 'FB142W', 'YB143F', 'SB146M']",-2.9318337440490723,-1.8421363830566406,2G2U_A_B,5,split_0,"2G2U_A_B_EB73M,SB130K,FB142W,YB143F,SB146M_397"
2491,3UIG_A_P,['EA47A'],0.6467464566230774,0.2407703399658203,3UIG_A_P,1,split_0,3UIG_A_P_EA47A_1349
2492,4NM8_ABCDEF_HL,['TB32E'],-0.5428582429885864,0.4585094451904297,4NM8_ABCDEF_HL,1,split_0,4NM8_ABCDEF_HL_TB32E_1614
2493,3QIB_ABP_CD,['AA61G'],0.8922892808914185,0.5282020568847656,3QIB_ABP_CD,1,split_0,3QIB_ABP_CD_AA61G_1906
2494,3AAA_AB_C,['RA258E'],3.563595771789551,0.77874755859375,3AAA_AB_C,1,split_0,3AAA_AB_C_RA258E_1237
2495,1R0R_E_I,['KI8M'],-0.5612779259681702,-0.16356277465820312,1R0R_E_I,1,split_0,1R0R_E_I_KI8M_907
2496,1A22_A_B,['SA55A'],0.11091385036706924,0.0529022216796875,1A22_A_B,1,split_0,1A22_A_B_SA55A_513
2497,3S9D_A_B,['DA25A'],0.9252009987831116,0.40596771240234375,3S9D_A_B,1,split_0,3S9D_A_B_DA25A_1705
2498,3AAA_AB_C,['RA252E'],4.001186370849609,0.8511867523193359,3AAA_AB_C,1,split_0,3AAA_AB_C_RA252E_1235
2499,1TM1_E_I,['RI43A'],1.2561542987823486,3.040302276611328,1TM1_E_I,1,split_0,1TM1_E_I_RI43A_21
2500,1PPF_E_I,['TI17F'],1.7099932432174683,2.796232223510742,1PPF_E_I,1,split_0,1PPF_E_I_TI17F_700
2501,4RS1_A_B,['DA28K'],3.6194357872009277,0.19446945190429688,4RS1_A_B,1,split_0,4RS1_A_B_DA28K_2223
2502,1MHP_HL_A,"['LH60D', 'KH64Q']",0.04300859197974205,-0.2747001647949219,1MHP_HL_A,2,split_0,"1MHP_HL_A_LH60D,KH64Q_1445"
2503,4JFF_ABC_DE,['TC9A'],6.534448623657227,3.3484954833984375,4JFF_ABC_DE,1,split_0,4JFF_ABC_DE_TC9A_1236
2504,5E9D_AB_CDE,['YD49W'],-0.34910088777542114,0.056369781494140625,5E9D_AB_CDE,1,split_0,5E9D_AB_CDE_YD49W_1047
2505,2NYY_DC_A,['SA874A'],-0.2319817990064621,-0.2591667175292969,2NYY_DC_A,1,split_0,2NYY_DC_A_SA874A_1485
2506,3SF4_A_D,['KD27D'],0.4106564223766327,-0.0859527587890625,3SF4_A_D,1,split_0,3SF4_A_D_KD27D_1262
2507,1A22_A_B,['VB88A'],-0.04618846997618675,0.41169166564941406,1A22_A_B,1,split_0,1A22_A_B_VB88A_460
2508,3BDY_HL_V,"['DL28N', 'PL30A', 'RL31K', 'SL32T', 'TL97S', 'TL98S', 'KH31S', 'DH32G', 'TH55S', 'NH56E', 'GH101V', 'DH103V']",-2.671875476837158,-1.4463081359863281,3BDY_HL_V,12,split_0,"3BDY_HL_V_DL28N,PL30A,RL31K,SL32T,TL97S,TL98S,KH31S,DH32G,TH55S,NH56E,GH101V,DH103V_1533"
2509,1A22_A_B,['RA167K'],0.9535146951675415,0.10647201538085938,1A22_A_B,1,split_0,1A22_A_B_RA167K_550
2510,1KNE_A_P,"['DA40T', 'TP2L']",0.25172290205955505,0.117523193359375,1KNE_A_P,2,split_0,"1KNE_A_P_DA40T,TP2L_2097"
2511,1C1Y_A_B,"['RB5A', 'NB10D']",2.7525272369384766,2.197977066040039,1C1Y_A_B,2,split_0,"1C1Y_A_B_RB5A,NB10D_1800"
2512,1EAW_A_B,['DA91A'],0.6544404625892639,1.6830120086669922,1EAW_A_B,1,split_0,1EAW_A_B_DA91A_250
2513,1PPF_E_I,"['EI10D', 'AI15V', 'TI17S', 'RI21M', 'NI28S', 'GI32S', 'NI36D', 'EI43D']",-0.029628772288560867,2.380769729614258,1PPF_E_I,8,split_0,"1PPF_E_I_EI10D,AI15V,TI17S,RI21M,NI28S,GI32S,NI36D,EI43D_1200"
2514,1R0R_E_I,['AI10Y'],-0.8384865522384644,-2.6665992736816406,1R0R_E_I,1,split_0,1R0R_E_I_AI10Y_687
2515,3LB6_A_C,['KA100A'],5.814425468444824,0.4271583557128906,3LB6_A_C,1,split_0,3LB6_A_C_KA100A_1819
2516,1KNE_A_P,['AA3K'],0.8949532508850098,0.025388717651367188,1KNE_A_P,1,split_0,1KNE_A_P_AA3K_2063
2517,1IAR_A_B,['IA11A'],0.0689675435423851,0.11678123474121094,1IAR_A_B,1,split_0,1IAR_A_B_IA11A_38
2518,1A22_A_B,['EB162A'],-0.07911093533039093,0.004093170166015625,1A22_A_B,1,split_0,1A22_A_B_EB162A_429
2519,1LFD_A_B,"['NA16A', 'QB25A']",0.30178165435791016,0.07597160339355469,1LFD_A_B,2,split_0,"1LFD_A_B_NA16A,QB25A_2145"
2520,1PPF_E_I,['NI36F'],1.8462116718292236,1.9300785064697266,1PPF_E_I,1,split_0,1PPF_E_I_NI36F_966
2521,1EMV_A_B,['SB74A'],-0.24112796783447266,0.16515731811523438,1EMV_A_B,1,split_0,1EMV_A_B_SB74A_149
2522,2G2U_A_B,"['EB73M', 'SB130K', 'FB142W', 'YB143F']",-2.016425609588623,-1.119222640991211,2G2U_A_B,4,split_0,"2G2U_A_B_EB73M,SB130K,FB142W,YB143F_398"
2523,3M62_A_B,['VB67A'],1.1381686925888062,0.3879051208496094,3M62_A_B,1,split_0,3M62_A_B_VB67A_1304
2524,3S9D_A_B,['KA24A'],0.7132960557937622,0.5069732666015625,3S9D_A_B,1,split_0,3S9D_A_B_KA24A_1704
2525,1PPF_E_I,['KI13D'],0.6312880516052246,0.028728485107421875,1PPF_E_I,1,split_0,1PPF_E_I_KI13D_886
2526,3HFM_HL_Y,['YH50A'],7.32283878326416,3.506603240966797,3HFM_HL_Y,1,split_0,3HFM_HL_Y_YH50A_911
2527,1EAW_A_B,['DA214A'],2.2291338443756104,1.196493148803711,1EAW_A_B,1,split_0,1EAW_A_B_DA214A_261
2528,1PPF_E_I,['GI32P'],0.263825386762619,0.4385662078857422,1PPF_E_I,1,split_0,1PPF_E_I_GI32P_918
2529,3SE3_B_A,"['YB43H', 'NB44E', 'SB47Q', 'DB57A']",2.3812906742095947,0.176849365234375,3SE3_B_A,4,split_0,"3SE3_B_A_YB43H,NB44E,SB47Q,DB57A_1658"
2530,1MHP_HL_A,"['TH50V', 'SH35A']",2.0767698287963867,1.3907546997070312,1MHP_HL_A,2,split_0,"1MHP_HL_A_TH50V,SH35A_1501"
2531,3SE9_HL_G,['VH59A'],0.9675655961036682,0.52935791015625,3SE9_HL_G,1,split_1,3SE9_HL_G_VH59A_1815
2532,1AO7_ABC_DE,['KD97P'],-0.26777946949005127,1.1880569458007812,1AO7_ABC_DE,1,split_1,1AO7_ABC_DE_KD97P_1546
2533,2B2X_HL_A,['EH64K'],0.09016634523868561,-0.1475830078125,2B2X_HL_A,1,split_1,2B2X_HL_A_EH64K_1446
2534,1GC1_G_C,['QC64A'],0.44268864393234253,0.28188323974609375,1GC1_G_C,1,split_1,1GC1_G_C_QC64A_530
2535,3BT1_A_U,['KU137A'],0.6200341582298279,0.3106842041015625,3BT1_A_U,1,split_1,3BT1_A_U_KU137A_1699
2536,3QDG_ABC_DE,['GD28Y'],1.5025767087936401,0.565582275390625,3QDG_ABC_DE,1,split_1,3QDG_ABC_DE_GD28Y_1305
2537,1DAN_HL_UT,['TU16A'],-0.059836238622665405,0.9068031311035156,1DAN_HL_UT,1,split_1,1DAN_HL_UT_TU16A_595
2538,3BT1_A_U,['DU273A'],0.04939959943294525,0.10166168212890625,3BT1_A_U,1,split_1,3BT1_A_U_DU273A_1817
2539,1XD3_A_B,['RB54L'],0.8687343001365662,-0.4869842529296875,1XD3_A_B,1,split_1,1XD3_A_B_RB54L_291
2540,4HSA_AB_C,['YA58I'],0.11757265031337738,0.31819915771484375,4HSA_AB_C,1,split_1,4HSA_AB_C_YA58I_1961
2541,1CSE_E_I,['LI38G'],2.2805771827697754,3.9726028442382812,1CSE_E_I,1,split_1,1CSE_E_I_LI38G_0
2542,3SZK_AB_C,['EC123A'],0.8384865522384644,0.7656478881835938,3SZK_AB_C,1,split_1,3SZK_AB_C_EC123A_1181
2543,2B2X_HL_A,"['VH50T', 'EH64K', 'QL28S', 'YL52N', 'FH99Y']",1.7986879348754883,0.8320426940917969,2B2X_HL_A,5,split_1,"2B2X_HL_A_VH50T,EH64K,QL28S,YL52N,FH99Y_1425"
2544,1AO7_ABC_DE,['AE96M'],-0.3088434040546417,-0.6489486694335938,1AO7_ABC_DE,1,split_1,1AO7_ABC_DE_AE96M_1413
2545,3MZG_A_B,['HA182A'],-0.2611351013183594,1.0679359436035156,3MZG_A_B,1,split_1,3MZG_A_B_HA182A_695
2546,3SGB_E_I,"['EI4D', 'AI9V', 'TI11S', 'RI15M', 'VI36A', 'EI37D']",1.5049165487289429,0.20378494262695312,3SGB_E_I,6,split_1,"3SGB_E_I_EI4D,AI9V,TI11S,RI15M,VI36A,EI37D_1153"
2547,3BK3_A_C,['LC2R'],0.02633553557097912,-0.01660919189453125,3BK3_A_C,1,split_1,3BK3_A_C_LC2R_224
2548,3NGB_HL_G,['YL87A'],1.9902998208999634,1.1495780944824219,3NGB_HL_G,1,split_1,3NGB_HL_G_YL87A_2228
2549,3BT1_A_U,['NU170Q'],0.17684276401996613,-0.11833572387695312,3BT1_A_U,1,split_1,3BT1_A_U_NU170Q_1727
2550,1GC1_G_C,['KC46A'],1.4310189485549927,0.9553909301757812,1GC1_G_C,1,split_1,1GC1_G_C_KC46A_519
2551,3BT1_A_U,['RU58A'],-0.06817305088043213,0.6774368286132812,3BT1_A_U,1,split_1,3BT1_A_U_RU58A_1629
2552,3SE9_HL_G,['NH60A'],1.4973200559616089,0.5862464904785156,3SE9_HL_G,1,split_1,3SE9_HL_G_NH60A_1816
2553,3MZG_A_B,"['HA167A', 'HB188A']",3.392699718475342,2.4977035522460938,3MZG_A_B,2,split_1,"3MZG_A_B_HA167A,HB188A_754"
2554,3HG1_ABC_DE,"['SE50F', 'VE51G', 'GE52P', 'IE53Y']",-2.026550531387329,-0.10155487060546875,3HG1_ABC_DE,4,split_1,"3HG1_ABC_DE_SE50F,VE51G,GE52P,IE53Y_1278"
2555,1BJ1_HL_VW,"['HH101Y', 'YH103R', 'SH105T']",-1.1736482381820679,-0.10797882080078125,1BJ1_HL_VW,3,split_1,"1BJ1_HL_VW_HH101Y,YH103R,SH105T_1928"
2556,3NGB_HL_G,['YH75S'],0.3327198326587677,0.7650070190429688,3NGB_HL_G,1,split_1,3NGB_HL_G_YH75S_1577
2557,3SGB_E_I,['RI15Y'],0.29397109150886536,0.19671630859375,3SGB_E_I,1,split_1,3SGB_E_I_RI15Y_835
2558,3BT1_A_U,['TU162A'],-0.08280224353075027,0.3487396240234375,3BT1_A_U,1,split_1,3BT1_A_U_TU162A_1721
2559,1DAN_HL_UT,['KU75A'],0.1166100949048996,1.4882888793945312,1DAN_HL_UT,1,split_1,1DAN_HL_UT_KU75A_1015
2560,3BT1_A_U,['LU111A'],1.4646269083023071,0.5540046691894531,3BT1_A_U,1,split_1,3BT1_A_U_LU111A_1675
2561,3MZG_A_B,['HA167A'],1.481518030166626,1.4465141296386719,3MZG_A_B,1,split_1,3MZG_A_B_HA167A_713
2562,3SGB_E_I,['EI13C'],1.1746745109558105,2.9431800842285156,3SGB_E_I,1,split_1,3SGB_E_I_EI13C_745
2563,3BT1_A_U,['SU95A'],0.8707124590873718,0.5246009826660156,3BT1_A_U,1,split_1,3BT1_A_U_SU95A_1662
2564,1XD3_A_B,['LB8A'],2.6767921447753906,0.9114341735839844,1XD3_A_B,1,split_1,1XD3_A_B_LB8A_301
2565,4GNK_A_B,"['DA279A', 'PA281D']",0.1213308572769165,0.8386764526367188,4GNK_A_B,2,split_1,"4GNK_A_B_DA279A,PA281D_2102"
2566,1AO7_ABC_DE,['RE92A'],0.4193563163280487,0.2736778259277344,1AO7_ABC_DE,1,split_1,1AO7_ABC_DE_RE92A_1389
2567,1AO7_ABC_DE,['QA155A'],0.19838109612464905,0.23949813842773438,1AO7_ABC_DE,1,split_1,1AO7_ABC_DE_QA155A_1463
2568,1CBW_FGH_I,['YI35A'],0.8011558651924133,2.3589324951171875,1CBW_FGH_I,1,split_1,1CBW_FGH_I_YI35A_583
2569,3SGB_E_I,['LI12Q'],2.486466407775879,2.3561668395996094,3SGB_E_I,1,split_1,3SGB_E_I_LI12Q_1177
2570,3SGB_E_I,['EI13P'],2.275153636932373,4.189586639404297,3SGB_E_I,1,split_1,3SGB_E_I_EI13P_748
2571,3SE8_HL_G,['WH47A'],1.4514539241790771,3.506072998046875,3SE8_HL_G,1,split_1,3SE8_HL_G_WH47A_2232
2572,1DAN_HL_UT,['EU15A'],-0.059836238622665405,1.1268768310546875,1DAN_HL_UT,1,split_1,1DAN_HL_UT_EU15A_594
2573,3BT1_A_U,['RU190A'],0.3204018473625183,0.4051055908203125,3BT1_A_U,1,split_1,3BT1_A_U_RU190A_1745
2574,2AK4_ABC_DE,['EA161A'],0.4651035666465759,0.6892318725585938,2AK4_ABC_DE,1,split_1,2AK4_ABC_DE_EA161A_1267
2575,1CBW_FGH_I,['GI36A'],0.9012055397033691,2.382221221923828,1CBW_FGH_I,1,split_1,1CBW_FGH_I_GI36A_584
2576,3BT1_A_U,['VU261A'],0.2402186095714569,0.40515899658203125,3BT1_A_U,1,split_1,3BT1_A_U_VU261A_1809
2577,1VFB_AB_C,['YA49A'],0.7978987097740173,1.3512229919433594,1VFB_AB_C,1,split_1,1VFB_AB_C_YA49A_82
2578,3SGB_E_I,"['EI4D', 'AI9V', 'YI14D', 'RI15M', 'KI23I', 'GI26H', 'NI30Y', 'VI36A', 'EI37H', 'LI44F']",2.3268814086914062,7.237827301025391,3SGB_E_I,10,split_1,"3SGB_E_I_EI4D,AI9V,YI14D,RI15M,KI23I,GI26H,NI30Y,VI36A,EI37H,LI44F_1155"
2579,1AO7_ABC_DE,"['KD66A', 'TA163A']",0.9781012535095215,-2.20355224609375,1AO7_ABC_DE,2,split_1,"1AO7_ABC_DE_KD66A,TA163A_1352"
2580,2B2X_HL_A,"['VH50T', 'EH64K', 'QL28S', 'YL52N', 'SL24R']",0.9765949845314026,0.174713134765625,2B2X_HL_A,5,split_1,"2B2X_HL_A_VH50T,EH64K,QL28S,YL52N,SL24R_1368"
2581,1BD2_ABC_DE,['YE99A'],0.2357640564441681,1.0628585815429688,1BD2_ABC_DE,1,split_1,1BD2_ABC_DE_YE99A_1227
2582,1CSE_E_I,['LI38I'],2.98250150680542,2.8294219970703125,1CSE_E_I,1,split_1,1CSE_E_I_LI38I_3
2583,5CXB_A_B,['VB56W'],0.5644043684005737,0.2793769836425781,5CXB_A_B,1,split_1,5CXB_A_B_VB56W_2199
2584,3MZG_A_B,['HA14A'],-0.37473925948143005,-0.15403366088867188,3MZG_A_B,1,split_1,3MZG_A_B_HA14A_701
2585,1P6A_A_B,['YA87S'],1.2527592182159424,1.1244010925292969,1P6A_A_B,1,split_1,1P6A_A_B_YA87S_1090
2586,3BT1_A_U,['TU64A'],0.659399688243866,0.407196044921875,3BT1_A_U,1,split_1,3BT1_A_U_TU64A_1635
2587,3L5X_A_HL,"['NL92L', 'EL93D', 'YL94S']",-0.5539621114730835,0.0095672607421875,3L5X_A_HL,3,split_1,"3L5X_A_HL_NL92L,EL93D,YL94S_1870"
2588,1DAN_HL_UT,['KT10A'],-0.397342324256897,0.4259033203125,1DAN_HL_UT,1,split_1,1DAN_HL_UT_KT10A_1069
2589,1REW_AB_C,"['FA38A', 'PA39A', 'FB38A', 'PB39A']",2.88371205329895,1.9280433654785156,1REW_AB_C,4,split_1,"1REW_AB_C_FA38A,PA39A,FB38A,PB39A_201"
2590,2J1K_C_T,['RC155A'],0.051550064235925674,0.7686920166015625,2J1K_C_T,1,split_1,2J1K_C_T_RC155A_1087
2591,1CBW_FGH_I,['VI34A'],0.0,0.7233848571777344,1CBW_FGH_I,1,split_1,1CBW_FGH_I_VI34A_582
2592,3SGB_E_I,['AI9V'],-0.7847340703010559,-0.6600608825683594,3SGB_E_I,1,split_1,3SGB_E_I_AI9V_669
2593,1JRH_LH_I,"['AI49S', 'II51T', 'HI55D']",0.07070722430944443,-0.059368133544921875,1JRH_LH_I,3,split_1,"1JRH_LH_I_AI49S,II51T,HI55D_811"
2594,1BD2_ABC_DE,['EE28A'],2.8351387977600098,0.9075241088867188,1BD2_ABC_DE,1,split_1,1BD2_ABC_DE_EE28A_1212
2595,3MZG_A_B,['HA46A'],0.25973644852638245,0.8132667541503906,3MZG_A_B,1,split_1,3MZG_A_B_HA46A_676
2596,3BT1_A_U,['SU44A'],0.22279229760169983,0.6330451965332031,3BT1_A_U,1,split_1,3BT1_A_U_SU44A_1616
2597,1DAN_HL_UT,['ST37A'],-0.0693001002073288,0.16164016723632812,1DAN_HL_UT,1,split_1,1DAN_HL_UT_ST37A_1055
2598,3SGB_E_I,"['YI5H', 'EI13D', 'LI17I', 'NI22S', 'GI26S', 'NI30D', 'VI36M', 'EI37D']",2.3268814086914062,1.2196846008300781,3SGB_E_I,8,split_1,"3SGB_E_I_YI5H,EI13D,LI17I,NI22S,GI26S,NI30D,VI36M,EI37D_1157"
2599,3BT1_A_U,['KU7A'],0.27360501885414124,0.5461273193359375,3BT1_A_U,1,split_1,3BT1_A_U_KU7A_1582
2600,3BT1_A_U,['GU10A'],0.265433132648468,-0.067138671875,3BT1_A_U,1,split_1,3BT1_A_U_GU10A_1585
2601,3NGB_HL_G,['MH70A'],0.5220298767089844,0.002712249755859375,3NGB_HL_G,1,split_1,3NGB_HL_G_MH70A_2216
2602,3BT1_A_U,['LU55A'],1.1109310388565063,0.6545562744140625,3BT1_A_U,1,split_1,3BT1_A_U_LU55A_1626
2603,4P5T_CD_AB,['DD13A'],0.0,-0.11992645263671875,4P5T_CD_AB,1,split_1,4P5T_CD_AB_DD13A_2144
2604,1VFB_AB_C,['DB58A'],-0.20709602534770966,1.3113136291503906,1VFB_AB_C,1,split_1,1VFB_AB_C_DB58A_91
2605,1AO7_ABC_DE,['YC5F'],0.17043781280517578,0.0164031982421875,1AO7_ABC_DE,1,split_1,1AO7_ABC_DE_YC5F_1419
2606,1GC1_G_C,['EC77A'],0.5622846484184265,0.2954826354980469,1GC1_G_C,1,split_1,1GC1_G_C_EC77A_535
2607,1DAN_HL_UT,['VT59A'],0.0,0.046695709228515625,1DAN_HL_UT,1,split_1,1DAN_HL_UT_VT59A_591
2608,2B0U_AB_C,['FC47E'],0.4106564223766327,0.806121826171875,2B0U_AB_C,1,split_1,2B0U_AB_C_FC47E_1326
2609,3BT1_A_U,['PU186A'],-0.013021446764469147,-0.5157089233398438,3BT1_A_U,1,split_1,3BT1_A_U_PU186A_1741
2610,3BT1_A_U,['EU183A'],0.39101532101631165,-0.27386474609375,3BT1_A_U,1,split_1,3BT1_A_U_EU183A_1738
2611,2BDN_HL_A,['NL31R'],-0.9175975322723389,1.2500495910644531,2BDN_HL_A,1,split_1,2BDN_HL_A_NL31R_1549
2612,3IDX_HL_G,"['WG13M', 'MG247A', 'CG14W', 'CG129V']",-0.647828996181488,0.7172660827636719,3IDX_HL_G,4,split_1,"3IDX_HL_G_WG13M,MG247A,CG14W,CG129V_1958"
2613,2B2X_HL_A,"['VH50T', 'EH64Q', 'QL28S', 'YL52N']",0.8883821964263916,0.5382614135742188,2B2X_HL_A,4,split_1,"2B2X_HL_A_VH50T,EH64Q,QL28S,YL52N_1362"
2614,3MZW_A_B,"['NB18T', 'AB49S']",0.09499531984329224,-0.40496063232421875,3MZW_A_B,2,split_1,"3MZW_A_B_NB18T,AB49S_1546"
2615,3SGB_E_I,"['LI12M', 'NI30D', 'SI45N']",1.0968642234802246,-0.03993988037109375,3SGB_E_I,3,split_1,"3SGB_E_I_LI12M,NI30D,SI45N_1132"
2616,1BJ1_HL_VW,"['TH28D', 'NH31H']",-0.693211019039154,0.10449981689453125,1BJ1_HL_VW,2,split_1,"1BJ1_HL_VW_TH28D,NH31H_1934"
2617,1B3S_A_D,['AA102H'],-5.68190336227417,-6.553440093994141,1B3S_A_D,1,split_1,1B3S_A_D_AA102H_67
2618,3BT1_A_U,['TU26A'],0.1863221973180771,0.2771644592285156,3BT1_A_U,1,split_1,3BT1_A_U_TU26A_1598
2619,3MZG_A_B,['HA160A'],1.2168970108032227,0.7416801452636719,3MZG_A_B,1,split_1,3MZG_A_B_HA160A_691
2620,1JRH_LH_I,"['SI44G', 'EI45G', 'II47R']",-3.3792171478271484,-0.3062782287597656,1JRH_LH_I,3,split_1,"1JRH_LH_I_SI44G,EI45G,II47R_836"
2621,3BT1_A_U,['TU67A'],0.1863221973180771,0.19469451904296875,3BT1_A_U,1,split_1,3BT1_A_U_TU67A_1638
2622,1DAN_HL_UT,['KH189A'],-0.18667039275169373,0.38385009765625,1DAN_HL_UT,1,split_1,1DAN_HL_UT_KH189A_576
2623,4NKQ_C_AB,"['LB77A', 'TB78A', 'SB79A']",0.11002849042415619,1.60205078125,4NKQ_C_AB,3,split_1,"4NKQ_C_AB_LB77A,TB78A,SB79A_1680"
2624,2FTL_E_I,['KI15D'],11.502717971801758,12.80832290649414,2FTL_E_I,1,split_1,2FTL_E_I_KI15D_286
2625,3BT1_A_U,['KU50A'],0.6422259211540222,0.1356658935546875,3BT1_A_U,1,split_1,3BT1_A_U_KU50A_1621
2626,1GUA_A_B,['DA30E'],0.2402186095714569,0.16454315185546875,1GUA_A_B,1,split_1,1GUA_A_B_DA30E_2357
2627,1GC1_G_C,['QC89L'],-0.31092584133148193,-1.0854530334472656,1GC1_G_C,1,split_1,1GC1_G_C_QC89L_546
2628,3BT1_A_U,['DU252A'],0.06113170459866524,0.19939422607421875,3BT1_A_U,1,split_1,3BT1_A_U_DU252A_1800
2629,3BT1_A_U,['TU54A'],0.39101532101631165,0.4143180847167969,3BT1_A_U,1,split_1,3BT1_A_U_TU54A_1625
2630,1F47_A_B,['DA7S'],2.064861297607422,0.6177291870117188,1F47_A_B,1,split_1,1F47_A_B_DA7S_804
2631,4NKQ_C_AB,['RB178A'],0.3602045178413391,0.6885833740234375,4NKQ_C_AB,1,split_1,4NKQ_C_AB_RB178A_1708
2632,1BD2_ABC_DE,"['ED93A', 'RA65A']",3.1152541637420654,1.4586830139160156,1BD2_ABC_DE,2,split_1,"1BD2_ABC_DE_ED93A,RA65A_1217"
2633,3BT1_A_U,['KU266A'],0.09499531984329224,0.6861495971679688,3BT1_A_U,1,split_1,3BT1_A_U_KU266A_1812
2634,2FTL_E_I,['TI11A'],4.092513084411621,0.6968879699707031,2FTL_E_I,1,split_1,2FTL_E_I_TI11A_266
2635,3SGB_E_I,['TI11G'],5.584234237670898,3.8390846252441406,3SGB_E_I,1,split_1,3SGB_E_I_TI11G_704
2636,1VFB_AB_C,['KC116A'],0.7137698531150818,1.3275032043457031,1VFB_AB_C,1,split_1,1VFB_AB_C_KC116A_583
2637,1B41_A_B,['KB32R'],0.39144009351730347,0.9038963317871094,1B41_A_B,1,split_1,1B41_A_B_KB32R_1206
2638,1AO7_ABC_DE,['RE92A'],0.20430143177509308,0.27367401123046875,1AO7_ABC_DE,1,split_1,1AO7_ABC_DE_RE92A_1383
2639,1CBW_FGH_I,['RI39A'],0.19993937015533447,4.114696502685547,1CBW_FGH_I,1,split_1,1CBW_FGH_I_RI39A_586
2640,1DAN_HL_UT,['YT73A'],0.6276386380195618,0.857025146484375,1DAN_HL_UT,1,split_1,1DAN_HL_UT_YT73A_555
2641,3BT1_A_U,['TU59A'],0.5530732274055481,0.5243377685546875,3BT1_A_U,1,split_1,3BT1_A_U_TU59A_1630
2642,1DAN_HL_UT,"['EU40A', 'RU41F']",-0.021546082571148872,-0.7548828125,1DAN_HL_UT,2,split_1,"1DAN_HL_UT_EU40A,RU41F_1031"
2643,3BT1_A_U,['YU147A'],-0.11319105327129364,1.4093208312988281,3BT1_A_U,1,split_1,3BT1_A_U_YU147A_1708
2644,3SZK_AB_C,['DC121A'],0.6956096291542053,0.5726318359375,3SZK_AB_C,1,split_1,3SZK_AB_C_DC121A_1179
2645,4P5T_CD_AB,['TD85A'],0.8213128447532654,1.2744979858398438,4P5T_CD_AB,1,split_1,4P5T_CD_AB_TD85A_2156
2646,3SZK_AB_C,['KC56A'],0.0962846651673317,0.3688812255859375,3SZK_AB_C,1,split_1,3SZK_AB_C_KC56A_1186
2647,3BT1_A_U,['GU35A'],0.3204018473625183,-0.4439735412597656,3BT1_A_U,1,split_1,3BT1_A_U_GU35A_1607
2648,1FC2_C_D,['YC10W'],0.4106564223766327,0.054706573486328125,1FC2_C_D,1,split_1,1FC2_C_D_YC10W_272
2649,3SGB_E_I,"['AI9D', 'LI12A']",2.6196630001068115,5.536479949951172,3SGB_E_I,2,split_1,"3SGB_E_I_AI9D,LI12A_1162"
2650,1DAN_HL_UT,['WT9F'],0.6917499899864197,-0.5015220642089844,1DAN_HL_UT,1,split_1,1DAN_HL_UT_WT9F_1070
2651,1AO7_ABC_DE,"['TD91A', 'YC5A']",3.0309817790985107,2.5906448364257812,1AO7_ABC_DE,2,split_1,"1AO7_ABC_DE_TD91A,YC5A_1358"
2652,3BT1_A_U,['DU212A'],-0.06817305088043213,-0.5859832763671875,3BT1_A_U,1,split_1,3BT1_A_U_DU212A_1764
2653,4K71_A_BC,['AA545V'],2.03191876411438,-0.5207977294921875,4K71_A_BC,1,split_1,4K71_A_BC_AA545V_1246
2654,2B0U_AB_C,['FC52E'],0.0,1.3985557556152344,2B0U_AB_C,1,split_1,2B0U_AB_C_FC52E_1328
2655,3HG1_ABC_DE,"['SE50Y', 'VE51G', 'GE52P', 'IE53Y']",-1.7309221029281616,-0.5231246948242188,3HG1_ABC_DE,4,split_1,"3HG1_ABC_DE_SE50Y,VE51G,GE52P,IE53Y_1279"
2656,1VFB_AB_C,['DB100A'],2.941075086593628,2.4063758850097656,1VFB_AB_C,1,split_1,1VFB_AB_C_DB100A_597
2657,3BT1_A_U,['YU90A'],0.17684276401996613,2.1634521484375,3BT1_A_U,1,split_1,3BT1_A_U_YU90A_1658
2658,3SGB_E_I,['NI30Y'],-0.10867909342050552,0.42330169677734375,3SGB_E_I,1,split_1,3SGB_E_I_NI30Y_987
2659,3MZG_A_B,['HA46A'],0.42363032698631287,0.8132743835449219,3MZG_A_B,1,split_1,3MZG_A_B_HA46A_675
2660,1VFB_AB_C,"['YA32A', 'IC124A']",2.9070167541503906,1.0061073303222656,1VFB_AB_C,2,split_1,"1VFB_AB_C_YA32A,IC124A_600"
2661,3MZG_A_B,['HA17A'],-0.22198787331581116,0.4603919982910156,3MZG_A_B,1,split_1,3MZG_A_B_HA17A_720
2662,1HE8_A_B,"['KA80V', 'TA89D']",2.162247657775879,0.80279541015625,1HE8_A_B,2,split_1,"1HE8_A_B_KA80V,TA89D_500"
2663,1BD2_ABC_DE,"['EA63Q', 'KA66A']",1.9614979028701782,0.5874176025390625,1BD2_ABC_DE,2,split_1,"1BD2_ABC_DE_EA63Q,KA66A_1244"
2664,3N0P_A_B,['AA17H'],-0.3632349669933319,-0.46007537841796875,3N0P_A_B,1,split_1,3N0P_A_B_AA17H_763
2665,1DAN_HL_UT,"['DT39A', 'DT53A']",3.857964038848877,1.4650459289550781,1DAN_HL_UT,2,split_1,"1DAN_HL_UT_DT39A,DT53A_571"
2666,1FC2_C_D,['FC26A'],-0.03615420684218407,1.0102424621582031,1FC2_C_D,1,split_1,1FC2_C_D_FC26A_283
2667,1HE8_A_B,"['KA80V', 'DA117A']",0.9443292021751404,-0.01410675048828125,1HE8_A_B,2,split_1,"1HE8_A_B_KA80V,DA117A_508"
2668,1AO7_ABC_DE,['EE28A'],2.022149085998535,0.7395896911621094,1AO7_ABC_DE,1,split_1,1AO7_ABC_DE_EE28A_1371
2669,4NKQ_C_AB,['DB176A'],2.6203253269195557,1.305145263671875,4NKQ_C_AB,1,split_1,4NKQ_C_AB_DB176A_1727
2670,1AO7_ABC_DE,['AE50P'],-0.32551708817481995,-0.00308990478515625,1AO7_ABC_DE,1,split_1,1AO7_ABC_DE_AE50P_1547
2671,1B41_A_B,['AB12S'],0.70695960521698,-0.09247970581054688,1B41_A_B,1,split_1,1B41_A_B_AB12S_1200
2672,4NKQ_C_AB,"['DB176Q', 'VB177Q']",2.488123655319214,1.0413436889648438,4NKQ_C_AB,2,split_1,"4NKQ_C_AB_DB176Q,VB177Q_1726"
2673,4NKQ_C_AB,"['DB176A', 'VB177A', 'RB178A', 'IB179A']",-0.1202327087521553,2.889007568359375,4NKQ_C_AB,4,split_1,"4NKQ_C_AB_DB176A,VB177A,RB178A,IB179A_1705"
2674,3MZG_A_B,['HA160A'],1.0331718921661377,0.74169921875,3MZG_A_B,1,split_1,3MZG_A_B_HA160A_693
2675,3SGB_E_I,['AI9M'],0.0889580100774765,-1.0513458251953125,3SGB_E_I,1,split_1,3SGB_E_I_AI9M_674
2676,5XCO_A_B,"['DA13G', 'VB14A']",1.3228204250335693,1.9778289794921875,5XCO_A_B,2,split_1,"5XCO_A_B_DA13G,VB14A_2327"
2677,3SE8_HL_G,['FH115A'],1.050457239151001,1.1062393188476562,3SE8_HL_G,1,split_1,3SE8_HL_G_FH115A_2251
2678,1AO7_ABC_DE,['YD50A'],0.48383235931396484,1.8655128479003906,1AO7_ABC_DE,1,split_1,1AO7_ABC_DE_YD50A_1344
2679,3SGB_E_I,['RI15T'],0.45373380184173584,0.0018463134765625,3SGB_E_I,1,split_1,3SGB_E_I_RI15T_823
2680,1DQJ_AB_C,"['YB53A', 'LC75A']",1.2174066305160522,2.521717071533203,1DQJ_AB_C,2,split_1,"1DQJ_AB_C_YB53A,LC75A_364"
2681,1JRH_LH_I,['HH107A'],1.698531150817871,1.1494369506835938,1JRH_LH_I,1,split_1,1JRH_LH_I_HH107A_834
2682,1C4Z_ABC_D,['MA174A'],-0.5732470750808716,0.5255279541015625,1C4Z_ABC_D,1,split_1,1C4Z_ABC_D_MA174A_1936
2683,3NPS_A_BC,['DA214A'],1.4673998355865479,1.2761726379394531,3NPS_A_BC,1,split_1,3NPS_A_BC_DA214A_560
2684,1DAN_HL_UT,['VU104A'],0.10984250903129578,0.177947998046875,1DAN_HL_UT,1,split_1,1DAN_HL_UT_VU104A_607
2685,3MZG_A_B,['HA33A'],0.03743046522140503,0.058597564697265625,3MZG_A_B,1,split_1,3MZG_A_B_HA33A_666
2686,1XGR_AB_C,['IB33F'],-1.8012609481811523,-2.3160629272460938,1XGR_AB_C,1,split_1,1XGR_AB_C_IB33F_1345
2687,3SGB_E_I,['TI11R'],1.9727510213851929,4.243434906005859,3SGB_E_I,1,split_1,3SGB_E_I_TI11R_720
2688,2B2X_HL_A,"['VH50T', 'EH64K', 'QL28S', 'YL52N', 'NL30Y', 'SL91I']",1.4782437086105347,1.2949676513671875,2B2X_HL_A,6,split_1,"2B2X_HL_A_VH50T,EH64K,QL28S,YL52N,NL30Y,SL91I_1435"
2689,3Q8D_A_E,['RA228E'],1.2067546844482422,-0.27382659912109375,3Q8D_A_E,1,split_1,3Q8D_A_E_RA228E_1573
2690,1DQJ_AB_C,['DB32A'],2.0143353939056396,1.3395423889160156,1DQJ_AB_C,1,split_1,1DQJ_AB_C_DB32A_351
2691,1MI5_ABC_DE,['YE98A'],1.2319692373275757,0.5580978393554688,1MI5_ABC_DE,1,split_1,1MI5_ABC_DE_YE98A_1117
2692,1MI5_ABC_DE,['HD32A'],1.2319692373275757,1.5314178466796875,1MI5_ABC_DE,1,split_1,1MI5_ABC_DE_HD32A_1088
2693,1AO7_ABC_DE,"['RD27F', 'GD28M', 'SD51M', 'SD94T']",-1.8037333488464355,-0.333984375,1AO7_ABC_DE,4,split_1,"1AO7_ABC_DE_RD27F,GD28M,SD51M,SD94T_1532"
2694,4NKQ_C_AB,['DB176A'],1.8037333488464355,1.305145263671875,4NKQ_C_AB,1,split_1,4NKQ_C_AB_DB176A_1719
2695,1GC1_G_C,['SC42A'],0.0,0.22946548461914062,1GC1_G_C,1,split_1,1GC1_G_C_SC42A_516
2696,1GC1_G_C,['QC33A'],0.10526756942272186,0.3626708984375,1GC1_G_C,1,split_1,1GC1_G_C_QC33A_512
2697,3L5X_A_HL,['YL94A'],-0.8292228579521179,1.2654266357421875,3L5X_A_HL,1,split_1,3L5X_A_HL_YL94A_1858
2698,3UII_A_P,"['KA58Y', 'HA76W']",0.03452153131365776,-0.06357192993164062,3UII_A_P,2,split_1,"3UII_A_P_KA58Y,HA76W_1355"
2699,3SGB_E_I,['PI8M'],-0.5005508065223694,-0.3151512145996094,3SGB_E_I,1,split_1,3SGB_E_I_PI8M_864
2700,1DAN_HL_UT,['YU66L'],0.15484607219696045,2.4696311950683594,1DAN_HL_UT,1,split_1,1DAN_HL_UT_YU66L_1021
2701,1MI5_ABC_DE,['TD24A'],0.2604089677333832,0.533905029296875,1MI5_ABC_DE,1,split_1,1MI5_ABC_DE_TD24A_1083
2702,1FFW_A_B,['FB56A'],3.645939826965332,1.2725143432617188,1FFW_A_B,1,split_1,1FFW_A_B_FB56A_535
2703,1JCK_A_B,['YB90A'],2.077467203140259,1.4272842407226562,1JCK_A_B,1,split_1,1JCK_A_B_YB90A_28
2704,1REW_AB_C,"['DA42A', 'EA98R', 'DB42A', 'EB98R']",0.043651580810546875,-0.1846771240234375,1REW_AB_C,4,split_1,"1REW_AB_C_DA42A,EA98R,DB42A,EB98R_212"
2705,4NKQ_C_AB,"['DC99K', 'RB80D', 'KB90D']",0.5355589389801025,2.108440399169922,4NKQ_C_AB,3,split_1,"4NKQ_C_AB_DC99K,RB80D,KB90D_1715"
2706,4NKQ_C_AB,"['DC99K', 'RB80D']",0.1764526069164276,2.000896453857422,4NKQ_C_AB,2,split_1,"4NKQ_C_AB_DC99K,RB80D_1712"
2707,2BDN_HL_A,['LH27R'],0.6508750319480896,-0.079345703125,2BDN_HL_A,1,split_1,2BDN_HL_A_LH27R_1543
2708,1XD3_A_B,['EB24A'],-0.2402186095714569,-0.209228515625,1XD3_A_B,1,split_1,1XD3_A_B_EB24A_295
2709,2FTL_E_I,['KI15Q'],9.370643615722656,9.161029815673828,2FTL_E_I,1,split_1,2FTL_E_I_KI15Q_292
2710,1C4Z_ABC_D,['FA194A'],1.5964372158050537,0.8500900268554688,1C4Z_ABC_D,1,split_1,1C4Z_ABC_D_FA194A_1937
2711,3MZG_A_B,['HA17A'],-0.297102689743042,0.46039581298828125,3MZG_A_B,1,split_1,3MZG_A_B_HA17A_719
2712,4X4M_AB_E,['HE154A'],0.38309553265571594,0.5890922546386719,4X4M_AB_E,1,split_1,4X4M_AB_E_HE154A_2181
2713,1C4Z_ABC_D,['KD93E'],1.1695482730865479,1.5354499816894531,1C4Z_ABC_D,1,split_1,1C4Z_ABC_D_KD93E_1913
2714,1VFB_AB_C,['YC23A'],0.4106564223766327,-0.113922119140625,1VFB_AB_C,1,split_1,1VFB_AB_C_YC23A_581
2715,3NGB_HL_G,['SL28A'],-0.1423875093460083,0.4341239929199219,3NGB_HL_G,1,split_1,3NGB_HL_G_SL28A_2227
2716,1FFW_A_B,['DB49A'],0.0962846651673317,1.2710494995117188,1FFW_A_B,1,split_1,1FFW_A_B_DB49A_533
2717,3SGB_E_I,['TI11Q'],2.940316677093506,2.7923927307128906,3SGB_E_I,1,split_1,3SGB_E_I_TI11Q_716
2718,3SGB_E_I,['LI12C'],-0.013389315456151962,0.8826751708984375,3SGB_E_I,1,split_1,3SGB_E_I_LI12C_631
2719,2SGQ_E_I,['QI13L'],-2.6035408973693848,-2.356433868408203,2SGQ_E_I,1,split_1,2SGQ_E_I_QI13L_995
2720,1C4Z_ABC_D,['SD1A'],0.5660946369171143,0.3007545471191406,1C4Z_ABC_D,1,split_1,1C4Z_ABC_D_SD1A_1892
2721,1CBW_FGH_I,['RI17A'],0.5013869404792786,1.6655921936035156,1CBW_FGH_I,1,split_1,1CBW_FGH_I_RI17A_579
2722,4MNQ_ABC_DE,"['KC4A', 'HE50W', 'PE51E', 'EE52F', 'YE53E']",4.942731857299805,0.051502227783203125,4MNQ_ABC_DE,5,split_1,"4MNQ_ABC_DE_KC4A,HE50W,PE51E,EE52F,YE53E_1292"
2723,3SGB_E_I,['PI8Q'],-0.31602898240089417,-1.32073974609375,3SGB_E_I,1,split_1,3SGB_E_I_PI8Q_868
2724,3L5X_A_HL,"['NL92S', 'EL93Y', 'YL94G']",-0.9646185040473938,0.333953857421875,3L5X_A_HL,3,split_1,"3L5X_A_HL_NL92S,EL93Y,YL94G_1855"
2725,1DQJ_AB_C,['WC63A'],1.3468719720840454,0.189910888671875,1DQJ_AB_C,1,split_1,1DQJ_AB_C_WC63A_338
2726,2FTL_E_I,['KI15M'],7.692373275756836,7.125072479248047,2FTL_E_I,1,split_1,2FTL_E_I_KI15M_288
2727,1DAN_HL_UT,['YT46A'],-0.1265324056148529,1.0596466064453125,1DAN_HL_UT,1,split_1,1DAN_HL_UT_YT46A_553
2728,4NKQ_C_AB,['IC6G'],0.33445680141448975,0.227783203125,4NKQ_C_AB,1,split_1,4NKQ_C_AB_IC6G_1733
2729,3L5X_A_HL,"['NL92D', 'EL93W', 'YL94S']",-0.7164474129676819,0.310028076171875,3L5X_A_HL,3,split_1,"3L5X_A_HL_NL92D,EL93W,YL94S_1864"
2730,1FC2_C_D,['NC24F'],0.8454979062080383,-0.6624526977539062,1FC2_C_D,1,split_1,1FC2_C_D_NC24F_294
2731,4P5T_CD_AB,['KC40A'],1.13858163356781,1.3855094909667969,4P5T_CD_AB,1,split_1,4P5T_CD_AB_KC40A_2125
2732,3BT1_A_U,['MU235A'],0.04939959943294525,0.47891998291015625,3BT1_A_U,1,split_1,3BT1_A_U_MU235A_1785
2733,3BT1_A_U,['NU80A'],0.204837828874588,0.3858985900878906,3BT1_A_U,1,split_1,3BT1_A_U_NU80A_1648
2734,1AO7_ABC_DE,['QD30L'],1.8337008953094482,-0.8176956176757812,1AO7_ABC_DE,1,split_1,1AO7_ABC_DE_QD30L_1320
2735,3SGB_E_I,['NI30Q'],0.24351918697357178,-0.10660552978515625,3SGB_E_I,1,split_1,3SGB_E_I_NI30Q_982
2736,3BT1_A_U,['RU135A'],0.24874325096607208,-0.053646087646484375,3BT1_A_U,1,split_1,3BT1_A_U_RU135A_1697
2737,3L5X_A_HL,"['NL92V', 'EL93W', 'YL94G']",-0.8356277942657471,-0.19757080078125,3L5X_A_HL,3,split_1,"3L5X_A_HL_NL92V,EL93W,YL94G_1857"
2738,3MZW_A_B,"['NB1A', 'NB18T', 'SB28K', 'AB37S', 'NB38E', 'AB41S', 'AB49S']",-0.25324004888534546,-3.0263938903808594,3MZW_A_B,7,split_1,"3MZW_A_B_NB1A,NB18T,SB28K,AB37S,NB38E,AB41S,AB49S_1565"
2739,3SGB_E_I,"['TI11R', 'LI12R']",5.55207633972168,8.113468170166016,3SGB_E_I,2,split_1,"3SGB_E_I_TI11R,LI12R_991"
2740,1JCK_A_B,['YB26A'],1.747893214225769,1.6700706481933594,1JCK_A_B,1,split_1,1JCK_A_B_YB26A_26
2741,3BT1_A_U,['EU34A'],0.34248337149620056,0.4418373107910156,3BT1_A_U,1,split_1,3BT1_A_U_EU34A_1606
2742,1DAN_HL_UT,"['KT60A', 'DT61A']",-0.5042316913604736,0.8006973266601562,1DAN_HL_UT,2,split_1,"1DAN_HL_UT_KT60A,DT61A_1042"
2743,1MI5_ABC_DE,['KD98A'],1.2319692373275757,0.2912330627441406,1MI5_ABC_DE,1,split_1,1MI5_ABC_DE_KD98A_1103
2744,3QDG_ABC_DE,['DD26Y'],-1.7938382625579834,-1.4446830749511719,3QDG_ABC_DE,1,split_1,3QDG_ABC_DE_DD26Y_1298
2745,3L5X_A_HL,"['HL91P', 'NL92L', 'YL94A']",-0.4446124732494354,1.9290695190429688,3L5X_A_HL,3,split_1,"3L5X_A_HL_HL91P,NL92L,YL94A_1875"
2746,1REW_AB_C,"['LA40P', 'LB40P']",5.307792663574219,1.752044677734375,1REW_AB_C,2,split_1,"1REW_AB_C_LA40P,LB40P_214"
2747,3SGB_E_I,['EI13Y'],0.779313862323761,1.6864013671875,3SGB_E_I,1,split_1,3SGB_E_I_EI13Y_759
2748,1AO7_ABC_DE,['QD30V'],-0.166723370552063,0.536407470703125,1AO7_ABC_DE,1,split_1,1AO7_ABC_DE_QD30V_1326
2749,1DAN_HL_UT,['EU38A'],0.08580537885427475,0.5768051147460938,1DAN_HL_UT,1,split_1,1DAN_HL_UT_EU38A_1033
2750,3SGB_E_I,"['AI9R', 'LI12R']",5.140655517578125,7.119606018066406,3SGB_E_I,2,split_1,"3SGB_E_I_AI9R,LI12R_1178"
2751,1CBW_FGH_I,['GI12A'],0.6015963554382324,2.6162109375,1CBW_FGH_I,1,split_1,1CBW_FGH_I_GI12A_576
2752,3SE9_HL_G,['PH64A'],-0.43484148383140564,-0.0027923583984375,3SE9_HL_G,1,split_1,3SE9_HL_G_PH64A_1818
2753,2B2X_HL_A,"['VH50T', 'EH64D', 'QL28S', 'YL52N']",0.9209862947463989,0.7923202514648438,2B2X_HL_A,4,split_1,"2B2X_HL_A_VH50T,EH64D,QL28S,YL52N_1363"
2754,3BT1_A_U,['RU89A'],0.28166571259498596,0.9549331665039062,3BT1_A_U,1,split_1,3BT1_A_U_RU89A_1657
2755,1AO7_ABC_DE,['EA166A'],3.86672043800354,0.8301849365234375,1AO7_ABC_DE,1,split_1,1AO7_ABC_DE_EA166A_1348
2756,3BT1_A_U,['WU127A'],-0.43699195981025696,1.2671585083007812,3BT1_A_U,1,split_1,3BT1_A_U_WU127A_1689
2757,2OOB_A_B,['AA9E'],3.103360414505005,-0.2975807189941406,2OOB_A_B,1,split_1,2OOB_A_B_AA9E_248
2758,3MZG_A_B,['HA17A'],0.38309553265571594,0.4603919982910156,3MZG_A_B,1,split_1,3MZG_A_B_HA17A_726
2759,1FFW_A_B,['YA50C'],0.12541981041431427,0.9776191711425781,1FFW_A_B,1,split_1,1FFW_A_B_YA50C_1807
2760,3BT1_A_U,['QU191A'],-0.19677335023880005,0.5449409484863281,3BT1_A_U,1,split_1,3BT1_A_U_QU191A_1746
2761,3LZF_AB_HL,['DA222G'],0.5380995869636536,1.2069931030273438,3LZF_AB_HL,1,split_1,3LZF_AB_HL_DA222G_1192
2762,1VFB_AB_C,['YB101F'],0.9535146951675415,2.6034927368164062,1VFB_AB_C,1,split_1,1VFB_AB_C_YB101F_95
2763,4NKQ_C_AB,['LB122A'],0.2361745536327362,0.26790618896484375,4NKQ_C_AB,1,split_1,4NKQ_C_AB_LB122A_1702
2764,1GUA_A_B,['QB11A'],0.10035651177167892,1.9958763122558594,1GUA_A_B,1,split_1,1GUA_A_B_QB11A_2282
2765,1DAN_HL_UT,['VT31A'],-0.1265324056148529,0.09236907958984375,1DAN_HL_UT,1,split_1,1DAN_HL_UT_VT31A_558
2766,2FTL_E_I,['KI15A'],10.159197807312012,9.855350494384766,2FTL_E_I,1,split_1,2FTL_E_I_KI15A_269
2767,3BT1_A_U,['EU49A'],-0.02633553557097912,0.224761962890625,3BT1_A_U,1,split_1,3BT1_A_U_EU49A_1620
2768,1AO7_ABC_DE,"['DD26W', 'RD27F', 'GD28T', 'SD51M', 'SD94T']",-2.7447245121002197,-1.5206718444824219,1AO7_ABC_DE,5,split_1,"1AO7_ABC_DE_DD26W,RD27F,GD28T,SD51M,SD94T_1552"
2769,1MI5_ABC_DE,['QE100A'],1.2319692373275757,-0.014774322509765625,1MI5_ABC_DE,1,split_1,1MI5_ABC_DE_QE100A_1119
2770,3SGB_E_I,['LI12A'],2.9891605377197266,2.9734268188476562,3SGB_E_I,1,split_1,3SGB_E_I_LI12A_629
2771,5XCO_A_B,['SB10A'],1.2860103845596313,0.9526214599609375,5XCO_A_B,1,split_1,5XCO_A_B_SB10A_2305
2772,1VFB_AB_C,"['WB52A', 'DC119A']",2.2483787536621094,4.133007049560547,1VFB_AB_C,2,split_1,"1VFB_AB_C_WB52A,DC119A_608"
2773,3SE9_HL_G,['GH109A'],0.18216991424560547,0.16825485229492188,3SE9_HL_G,1,split_1,3SE9_HL_G_GH109A_1827
2774,5E6P_A_B,['RB42A'],0.6891109943389893,0.5849952697753906,5E6P_A_B,1,split_1,5E6P_A_B_RB42A_2253
2775,3SGB_E_I,"['AI9G', 'TI11M', 'LI12M', 'YI14R', 'RI15L', 'GI26N', 'NI27D', 'SI45N', 'KI49E']",8.00904655456543,8.54397964477539,3SGB_E_I,9,split_1,"3SGB_E_I_AI9G,TI11M,LI12M,YI14R,RI15L,GI26N,NI27D,SI45N,KI49E_1148"
2776,4P5T_CD_AB,['QC62A'],0.0,0.4217643737792969,4P5T_CD_AB,1,split_1,4P5T_CD_AB_QC62A_2129
2777,1CBW_FGH_I,['KI15H'],0.1001696065068245,5.041313171386719,1CBW_FGH_I,1,split_1,1CBW_FGH_I_KI15H_615
2778,1AO7_ABC_DE,"['KD97P', 'RE99P']",-1.2212941646575928,1.4370574951171875,1AO7_ABC_DE,2,split_1,"1AO7_ABC_DE_KD97P,RE99P_1551"
2779,1JRH_LH_I,['DH58A'],1.85547935962677,0.3656730651855469,1JRH_LH_I,1,split_1,1JRH_LH_I_DH58A_829
2780,3SGB_E_I,"['LI12S', 'RI15V', 'LI17I']",4.481256008148193,3.4247398376464844,3SGB_E_I,3,split_1,"3SGB_E_I_LI12S,RI15V,LI17I_1128"
2781,3SGB_E_I,"['EI4D', 'LI12M', 'RI15M', 'EI37D']",0.47637805342674255,0.4203300476074219,3SGB_E_I,4,split_1,"3SGB_E_I_EI4D,LI12M,RI15M,EI37D_1107"
2782,3BT1_A_U,['GU72A'],0.2402186095714569,0.18812942504882812,3BT1_A_U,1,split_1,3BT1_A_U_GU72A_1642
2783,1VFB_AB_C,['TB30A'],-0.055874548852443695,0.6842803955078125,1VFB_AB_C,1,split_1,1VFB_AB_C_TB30A_86
2784,1REW_AB_C,"['LA89A', 'LB89A']",0.2399224489927292,1.7075958251953125,1REW_AB_C,2,split_1,"1REW_AB_C_LA89A,LB89A_204"
2785,3Q8D_A_E,['RA209E'],3.0309817790985107,0.80224609375,3Q8D_A_E,1,split_1,3Q8D_A_E_RA209E_1569
2786,1JRH_LH_I,['VI41A'],1.8835296630859375,0.5844459533691406,1JRH_LH_I,1,split_1,1JRH_LH_I_VI41A_847
2787,1AO7_ABC_DE,"['DD26W', 'RD27F', 'GD28T', 'SD51M', 'SD94T', 'RE99P']",-3.3738555908203125,-1.0330619812011719,1AO7_ABC_DE,6,split_1,"1AO7_ABC_DE_DD26W,RD27F,GD28T,SD51M,SD94T,RE99P_1553"
2788,4MNQ_ABC_DE,"['IE49V', 'HE50G', 'PE51A', 'EE52G', 'YE53I']",1.5196093320846558,1.7032966613769531,4MNQ_ABC_DE,5,split_1,"4MNQ_ABC_DE_IE49V,HE50G,PE51A,EE52G,YE53I_1287"
2789,3BT1_A_U,['KU196A'],0.24874325096607208,0.6271171569824219,3BT1_A_U,1,split_1,3BT1_A_U_KU196A_1749
2790,1FC2_C_D,['FC1M'],0.9126397371292114,0.4549560546875,1FC2_C_D,1,split_1,1FC2_C_D_FC1M_291
2791,2BDN_HL_A,['DH31E'],1.0857164859771729,-0.12701034545898438,2BDN_HL_A,1,split_1,2BDN_HL_A_DH31E_1547
2792,3SGB_E_I,['GI26V'],2.9262657165527344,2.0264129638671875,3SGB_E_I,1,split_1,3SGB_E_I_GI26V_1166
2793,3SGB_E_I,"['EI4D', 'TI11L', 'RI15M', 'GI26D', 'NI30S', 'EI37D', 'TI43S']",3.770814895629883,4.440647125244141,3SGB_E_I,7,split_1,"3SGB_E_I_EI4D,TI11L,RI15M,GI26D,NI30S,EI37D,TI43S_1147"
2794,1AO7_ABC_DE,['AA150G'],0.06194959208369255,0.3888740539550781,1AO7_ABC_DE,1,split_1,1AO7_ABC_DE_AA150G_1459
2795,3BT1_A_U,['HU271A'],0.14745895564556122,0.5181427001953125,3BT1_A_U,1,split_1,3BT1_A_U_HU271A_1815
2796,3SE8_HL_G,['DH110A'],-0.38309553265571594,0.8192291259765625,3SE8_HL_G,1,split_1,3SE8_HL_G_DH110A_2248
2797,1AO7_ABC_DE,"['GD28L', 'SD94T']",-1.028609037399292,0.08440017700195312,1AO7_ABC_DE,2,split_1,"1AO7_ABC_DE_GD28L,SD94T_1527"
2798,3MZG_A_B,['HA14A'],-0.07655175030231476,-0.15402603149414062,3MZG_A_B,1,split_1,3MZG_A_B_HA14A_704
2799,1AO7_ABC_DE,['DD26V'],1.3641711473464966,0.17584991455078125,1AO7_ABC_DE,1,split_1,1AO7_ABC_DE_DD26V_1496
2800,2AW2_A_B,['PB16A'],2.5755908489227295,0.31893157958984375,2AW2_A_B,1,split_1,2AW2_A_B_PB16A_1841
2801,3BT1_A_U,['RU107A'],0.265433132648468,0.717132568359375,3BT1_A_U,1,split_1,3BT1_A_U_RU107A_1671
2802,3SGB_E_I,"['EI4D', 'RI15M', 'EI37D']",0.07745373249053955,-0.2091217041015625,3SGB_E_I,3,split_1,"3SGB_E_I_EI4D,RI15M,EI37D_1103"
2803,1B41_A_B,['TB9N'],3.6109721660614014,0.8576545715332031,1B41_A_B,1,split_1,1B41_A_B_TB9N_1196
2804,4NKQ_C_AB,['DB87R'],0.20278814435005188,-0.39837646484375,4NKQ_C_AB,1,split_1,4NKQ_C_AB_DB87R_1689
2805,1CBW_FGH_I,['GI36A'],0.9641897678375244,2.382221221923828,1CBW_FGH_I,1,split_1,1CBW_FGH_I_GI36A_599
2806,2B2X_HL_A,"['VH50T', 'EH64K', 'QL28S', 'YL52N', 'GH53N']",2.2995564937591553,1.2807159423828125,2B2X_HL_A,5,split_1,"2B2X_HL_A_VH50T,EH64K,QL28S,YL52N,GH53N_1436"
2807,3MZG_A_B,['HA167A'],2.0376904010772705,1.4465141296386719,3MZG_A_B,1,split_1,3MZG_A_B_HA167A_741
2808,1AO7_ABC_DE,"['AE96M', 'GE97S', 'GE98A', 'RE99E']",-3.9038448333740234,-2.1160049438476562,1AO7_ABC_DE,4,split_1,"1AO7_ABC_DE_AE96M,GE97S,GE98A,RE99E_1416"
2809,4NKQ_C_AB,['TB88A'],0.31932955980300903,0.549896240234375,4NKQ_C_AB,1,split_1,4NKQ_C_AB_TB88A_1690
2810,1F47_A_B,['DA4A'],0.6915061473846436,0.4220848083496094,1F47_A_B,1,split_1,1F47_A_B_DA4A_794
2811,1REW_AB_C,"['SA77A', 'SB77A']",0.2032642513513565,0.9133110046386719,1REW_AB_C,2,split_1,"1REW_AB_C_SA77A,SB77A_203"
2812,1JRH_LH_I,['WH54A'],2.687467336654663,3.715412139892578,1JRH_LH_I,1,split_1,1JRH_LH_I_WH54A_825
2813,1MI5_ABC_DE,['PD89A'],1.2319692373275757,0.02342987060546875,1MI5_ABC_DE,1,split_1,1MI5_ABC_DE_PD89A_1094
2814,1DAN_HL_UT,['QT64A'],0.0,0.47170257568359375,1DAN_HL_UT,1,split_1,1DAN_HL_UT_QT64A_592
2815,3SGB_E_I,"['EI4D', 'AI9V', 'TI11S', 'RI15M', 'NI22S', 'GI26S', 'NI30D', 'EI37D']",3.366955280303955,0.8197250366210938,3SGB_E_I,8,split_1,"3SGB_E_I_EI4D,AI9V,TI11S,RI15M,NI22S,GI26S,NI30D,EI37D_1115"
2816,3L5X_A_HL,"['HL91Q', 'NL92D', 'EL93I', 'YL94G']",-1.5510743856430054,0.9225883483886719,3L5X_A_HL,4,split_1,"3L5X_A_HL_HL91Q,NL92D,EL93I,YL94G_1846"
2817,3BT1_A_U,['IU63A'],0.11654140055179596,0.6902236938476562,3BT1_A_U,1,split_1,3BT1_A_U_IU63A_1634
2818,1AO7_ABC_DE,['DA61A'],0.3795585036277771,0.4905128479003906,1AO7_ABC_DE,1,split_1,1AO7_ABC_DE_DA61A_1442
2819,3MZW_A_B,"['NB18T', 'AB37S', 'AB41S', 'LB46T']",-0.14522328972816467,-0.44058990478515625,3MZW_A_B,4,split_1,"3MZW_A_B_NB18T,AB37S,AB41S,LB46T_1560"
2820,2B2X_HL_A,"['VH50T', 'EH64K', 'QL28S', 'YL52N', 'HL31R']",2.1679818630218506,1.8667449951171875,2B2X_HL_A,5,split_1,"2B2X_HL_A_VH50T,EH64K,QL28S,YL52N,HL31R_1381"
2821,3N0P_A_B,['AA17H'],0.297102689743042,-0.4600715637207031,3N0P_A_B,1,split_1,3N0P_A_B_AA17H_757
2822,3BT1_A_U,['TU172A'],0.4106564223766327,0.7156219482421875,3BT1_A_U,1,split_1,3BT1_A_U_TU172A_1729
2823,3BT1_A_U,['GU238A'],-0.08280224353075027,0.17257308959960938,3BT1_A_U,1,split_1,3BT1_A_U_GU238A_1788
2824,3SGB_E_I,['KI7L'],-1.8173596858978271,-0.452423095703125,3SGB_E_I,1,split_1,3SGB_E_I_KI7L_901
2825,3BT1_A_U,['LU185A'],0.204837828874588,0.7852516174316406,3BT1_A_U,1,split_1,3BT1_A_U_LU185A_1740
2826,3N0P_A_B,['AA17H'],-0.38309553265571594,-0.4600677490234375,3N0P_A_B,1,split_1,3N0P_A_B_AA17H_764
2827,3SGB_E_I,['PI8H'],0.27762654423713684,-0.4103240966796875,3SGB_E_I,1,split_1,3SGB_E_I_PI8H_870
2828,1C4Z_ABC_D,['MA157A'],1.9302657842636108,1.141815185546875,1C4Z_ABC_D,1,split_1,1C4Z_ABC_D_MA157A_1929
2829,3L5X_A_HL,"['NL92D', 'EL93W', 'YL94G']",-1.6832761764526367,0.7282905578613281,3L5X_A_HL,3,split_1,"3L5X_A_HL_NL92D,EL93W,YL94G_1845"
2830,4NKQ_C_AB,['RB156Q'],0.33154547214508057,0.2895965576171875,4NKQ_C_AB,1,split_1,4NKQ_C_AB_RB156Q_1723
2831,3SGB_E_I,['EI13L'],0.779313862323761,1.1237602233886719,3SGB_E_I,1,split_1,3SGB_E_I_EI13L_749
2832,1AO7_ABC_DE,"['GE97S', 'GE98A', 'RE99E']",-3.454111337661743,-1.4406814575195312,1AO7_ABC_DE,3,split_1,"1AO7_ABC_DE_GE97S,GE98A,RE99E_1415"
2833,1XD3_A_B,['KB6A'],1.3440860509872437,1.4959030151367188,1XD3_A_B,1,split_1,1XD3_A_B_KB6A_288
2834,4P5T_CD_AB,['KD5A'],1.991546392440796,1.7351760864257812,4P5T_CD_AB,1,split_1,4P5T_CD_AB_KD5A_2139
2835,3BT1_A_U,['LU250A'],0.41706135869026184,0.9196929931640625,3BT1_A_U,1,split_1,3BT1_A_U_LU250A_1798
2836,1DAN_HL_UT,['DU39A'],-0.026554159820079803,1.3753890991210938,1DAN_HL_UT,1,split_1,1DAN_HL_UT_DU39A_1032
2837,2J0T_A_D,['VD69T'],1.288435935974121,0.36904144287109375,2J0T_A_D,1,split_1,2J0T_A_D_VD69T_272
2838,3BT1_A_U,['IU259A'],0.13733132183551788,0.6251258850097656,3BT1_A_U,1,split_1,3BT1_A_U_IU259A_1807
2839,1B41_A_B,['MB33L'],1.811485767364502,0.7917823791503906,1B41_A_B,1,split_1,1B41_A_B_MB33L_1208
2840,5XCO_A_B,['PB6A'],1.0790220499038696,1.3154487609863281,5XCO_A_B,1,split_1,5XCO_A_B_PB6A_2301
2841,3SGB_E_I,['AI9Y'],-1.647277593612671,-0.8019485473632812,3SGB_E_I,1,split_1,3SGB_E_I_AI9Y_683
2842,1AO7_ABC_DE,['KD66A'],1.1308817863464355,-1.3996810913085938,1AO7_ABC_DE,1,split_1,1AO7_ABC_DE_KD66A_1353
2843,1JRH_LH_I,['WH55A'],2.4224019050598145,1.2711982727050781,1JRH_LH_I,1,split_1,1JRH_LH_I_WH55A_826
2844,1BJ1_HL_VW,['NH31H'],-0.7629918456077576,-0.02518463134765625,1BJ1_HL_VW,1,split_1,1BJ1_HL_VW_NH31H_1940
2845,1JRH_LH_I,['NI38A'],0.6341851353645325,-0.21889877319335938,1JRH_LH_I,1,split_1,1JRH_LH_I_NI38A_862
2846,1DQJ_AB_C,"['YB53A', 'DC101A']",2.728342294692993,3.50518798828125,1DQJ_AB_C,2,split_1,"1DQJ_AB_C_YB53A,DC101A_365"
2847,3UII_A_P,['KA58A'],0.045595720410346985,0.7679252624511719,3UII_A_P,1,split_1,3UII_A_P_KA58A_1354
2848,1DAN_HL_UT,"['KU71A', 'KU72A']",-0.23973791301250458,0.19179153442382812,1DAN_HL_UT,2,split_1,"1DAN_HL_UT_KU71A,KU72A_1017"
2849,3MZG_A_B,['HA167A'],1.6149024963378906,1.4465179443359375,3MZG_A_B,1,split_1,3MZG_A_B_HA167A_716
2850,3MZG_A_B,['HA167A'],1.6300702095031738,1.4465179443359375,3MZG_A_B,1,split_1,3MZG_A_B_HA167A_715
2851,2B2X_HL_A,"['VH50T', 'EH64N', 'QL28S', 'YL52N']",1.043681025505066,0.7876205444335938,2B2X_HL_A,4,split_1,"2B2X_HL_A_VH50T,EH64N,QL28S,YL52N_1394"
2852,1AO7_ABC_DE,['RD27F'],-0.19934363663196564,0.20213699340820312,1AO7_ABC_DE,1,split_1,1AO7_ABC_DE_RD27F_1498
2853,1GC1_G_C,['TC11A'],0.0,0.6511764526367188,1GC1_G_C,1,split_1,1GC1_G_C_TC11A_498
2854,3SE8_HL_G,['QH76A'],0.09534351527690887,0.3288764953613281,3SE8_HL_G,1,split_1,3SE8_HL_G_QH76A_2245
2855,1BD2_ABC_DE,['YC5F'],0.7336106896400452,-0.3185462951660156,1BD2_ABC_DE,1,split_1,1BD2_ABC_DE_YC5F_1222
2856,1BJ1_HL_VW,"['ML4L', 'TH28D', 'NH31H', 'HH101Y', 'SH105T']",-1.7956174612045288,-2.3234100341796875,1BJ1_HL_VW,5,split_1,"1BJ1_HL_VW_ML4L,TH28D,NH31H,HH101Y,SH105T_1926"
2857,1CBW_FGH_I,['KI15Q'],0.3088434040546417,5.254852294921875,1CBW_FGH_I,1,split_1,1CBW_FGH_I_KI15Q_614
2858,1FC2_C_D,['NC7F'],0.09132687747478485,-0.9700660705566406,1FC2_C_D,1,split_1,1FC2_C_D_NC7F_287
2859,2B2X_HL_A,"['VH50T', 'EH64K', 'QL28S', 'YL52N', 'GH100F']",1.2479825019836426,0.00148773193359375,2B2X_HL_A,5,split_1,"2B2X_HL_A_VH50T,EH64K,QL28S,YL52N,GH100F_1427"
2860,1XD3_A_B,['KB6R'],0.3026396632194519,1.0445976257324219,1XD3_A_B,1,split_1,1XD3_A_B_KB6R_300
2861,1REW_AB_C,"['FA38A', 'FB38A']",1.3641711473464966,1.6416244506835938,1REW_AB_C,2,split_1,"1REW_AB_C_FA38A,FB38A_199"
2862,2B0U_AB_C,['FC47A'],0.5428582429885864,1.1873893737792969,2B0U_AB_C,1,split_1,2B0U_AB_C_FC47A_1329
2863,3BT1_A_U,['DU139A'],1.048509955406189,0.5632591247558594,3BT1_A_U,1,split_1,3BT1_A_U_DU139A_1701
2864,3SGB_E_I,['AI9D'],0.47637805342674255,3.2129745483398438,3SGB_E_I,1,split_1,3SGB_E_I_AI9D_676
2865,1DAN_HL_UT,['WT20F'],0.6151982545852661,-0.21350479125976562,1DAN_HL_UT,1,split_1,1DAN_HL_UT_WT20F_1061
2866,1REW_AB_C,"['AA23D', 'AB23D']",0.0,-0.360137939453125,1REW_AB_C,2,split_1,"1REW_AB_C_AA23D,AB23D_207"
2867,3MZG_A_B,['HA167A'],1.8215218782424927,1.4465141296386719,3MZG_A_B,1,split_1,3MZG_A_B_HA167A_714
2868,2NOJ_A_B,"['RB24A', 'NB31A']",0.7486768364906311,4.471622467041016,2NOJ_A_B,2,split_1,"2NOJ_A_B_RB24A,NB31A_116"
2869,4NKQ_C_AB,['RC11D'],-0.20550437271595,-0.5574264526367188,4NKQ_C_AB,1,split_1,4NKQ_C_AB_RC11D_1736
2870,1AO7_ABC_DE,['YC5A'],1.5963654518127441,2.2227859497070312,1AO7_ABC_DE,1,split_1,1AO7_ABC_DE_YC5A_1423
2871,3QDG_ABC_DE,"['DD26W', 'LE95W']",-3.354782819747925,-2.065563201904297,3QDG_ABC_DE,2,split_1,"3QDG_ABC_DE_DD26W,LE95W_1311"
2872,3SGB_E_I,"['LI12M', 'TI43N', 'KI49T']",0.27762654423713684,-0.0548095703125,3SGB_E_I,3,split_1,"3SGB_E_I_LI12M,TI43N,KI49T_1121"
2873,3SGB_E_I,['KI7S'],-2.587596893310547,-0.4667816162109375,3SGB_E_I,1,split_1,3SGB_E_I_KI7S_896
2874,3NGB_HL_G,['RH72A'],1.6168254613876343,0.5986557006835938,3NGB_HL_G,1,split_1,3NGB_HL_G_RH72A_2217
2875,1DQJ_AB_C,['WC63A'],1.3468719720840454,0.18991851806640625,1DQJ_AB_C,1,split_1,1DQJ_AB_C_WC63A_332
2876,1XGU_AB_C,['FB33I'],1.8012609481811523,2.2708053588867188,1XGU_AB_C,1,split_1,1XGU_AB_C_FB33I_1225
2877,2FTL_E_I,['VI34A'],4.092513084411621,0.6979942321777344,2FTL_E_I,1,split_1,2FTL_E_I_VI34A_275
2878,1JRH_LH_I,['EI45P'],-3.7898736000061035,0.22707366943359375,1JRH_LH_I,1,split_1,1JRH_LH_I_EI45P_839
2879,3BT1_A_U,['SU102A'],0.6109192967414856,-0.13956832885742188,3BT1_A_U,1,split_1,3BT1_A_U_SU102A_1668
2880,1BJ1_HL_VW,['SH105T'],-0.39057138562202454,-0.209991455078125,1BJ1_HL_VW,1,split_1,1BJ1_HL_VW_SH105T_1942
2881,3BT1_A_U,['HU227A'],0.265433132648468,0.4190101623535156,3BT1_A_U,1,split_1,3BT1_A_U_HU227A_1777
2882,1BD2_ABC_DE,['YC5W'],1.9285753965377808,-0.4085845947265625,1BD2_ABC_DE,1,split_1,1BD2_ABC_DE_YC5W_1240
2883,3L5X_A_HL,"['NL92L', 'EL93L', 'YL94G']",-0.6262500882148743,0.027069091796875,3L5X_A_HL,3,split_1,"3L5X_A_HL_NL92L,EL93L,YL94G_1869"
2884,2B2X_HL_A,"['VH50T', 'EH64K', 'QL28S', 'YL52N', 'NL30V']",2.093480348587036,1.5566139221191406,2B2X_HL_A,5,split_1,"2B2X_HL_A_VH50T,EH64K,QL28S,YL52N,NL30V_1380"
2885,1AO7_ABC_DE,['WA167A'],1.2002081871032715,0.7619705200195312,1AO7_ABC_DE,1,split_1,1AO7_ABC_DE_WA167A_1438
2886,2B2X_HL_A,"['VH50T', 'EH64K', 'QL28S', 'YL52N', 'SL91R']",3.7720232009887695,1.0342674255371094,2B2X_HL_A,5,split_1,"2B2X_HL_A_VH50T,EH64K,QL28S,YL52N,SL91R_1400"
2887,1MQ8_A_B,"['CB32L', 'CB170F', 'KB158C', 'KB165C']",-1.774827480316162,0.1831207275390625,1MQ8_A_B,4,split_1,"1MQ8_A_B_CB32L,CB170F,KB158C,KB165C_234"
2888,3SE8_HL_G,['EL91A'],1.489182472229004,0.0877685546875,3SE8_HL_G,1,split_1,3SE8_HL_G_EL91A_2257
2889,3MZG_A_B,['HA182A'],0.6841716170310974,1.0679092407226562,3MZG_A_B,1,split_1,3MZG_A_B_HA182A_697
2890,2B2X_HL_A,"['VH50T', 'EH64K', 'QL28S', 'YL52K']",1.7014853954315186,0.9708824157714844,2B2X_HL_A,4,split_1,"2B2X_HL_A_VH50T,EH64K,QL28S,YL52K_1385"
2891,4L0P_A_B,['NA59S'],0.3143717646598816,0.14508819580078125,4L0P_A_B,1,split_1,4L0P_A_B_NA59S_1889
2892,1AO7_ABC_DE,"['AE96M', 'GE97S', 'GE98A', 'RE99Q']",-3.9220755100250244,-2.0027122497558594,1AO7_ABC_DE,4,split_1,"1AO7_ABC_DE_AE96M,GE97S,GE98A,RE99Q_1539"
2893,2OOB_A_B,"['AA9E', 'GA13S']",3.103360414505005,-0.4368743896484375,2OOB_A_B,2,split_1,"2OOB_A_B_AA9E,GA13S_250"
2894,2B2X_HL_A,"['VH50T', 'EH64K', 'QL28S', 'YL52N', 'LL49F']",1.756279706954956,1.0154914855957031,2B2X_HL_A,5,split_1,"2B2X_HL_A_VH50T,EH64K,QL28S,YL52N,LL49F_1414"
2895,1AO7_ABC_DE,['TD91A'],0.9576147198677063,0.46735382080078125,1AO7_ABC_DE,1,split_1,1AO7_ABC_DE_TD91A_1356
2896,3BK3_A_C,['AC37R'],1.3827282190322876,0.0377655029296875,3BK3_A_C,1,split_1,3BK3_A_C_AC37R_235
2897,1AO7_ABC_DE,['GD28T'],-0.7592304348945618,0.15454483032226562,1AO7_ABC_DE,1,split_1,1AO7_ABC_DE_GD28T_1504
2898,3BT1_A_U,['RU143A'],0.42034250497817993,1.2079429626464844,3BT1_A_U,1,split_1,3BT1_A_U_RU143A_47
2899,3MZW_A_B,"['NB18T', 'SB28A']",-0.2150040864944458,0.10847854614257812,3MZW_A_B,2,split_1,"3MZW_A_B_NB18T,SB28A_1551"
2900,3D3V_ABC_DE,['LE97A'],2.617166519165039,0.45409393310546875,3D3V_ABC_DE,1,split_1,3D3V_ABC_DE_LE97A_1392
2901,2FTL_E_I,['KI15L'],8.864103317260742,6.7723541259765625,2FTL_E_I,1,split_1,2FTL_E_I_KI15L_290
2902,1AO7_ABC_DE,['RA65A'],3.229688882827759,3.6469268798828125,1AO7_ABC_DE,1,split_1,1AO7_ABC_DE_RA65A_1360
2903,3SGB_E_I,['LI12M'],0.4301895797252655,0.4177703857421875,3SGB_E_I,1,split_1,3SGB_E_I_LI12M_636
2904,3BT1_A_U,['VU222A'],-0.49345865845680237,0.5015869140625,3BT1_A_U,1,split_1,3BT1_A_U_VU222A_1772
2905,1GC1_G_C,['SC31A'],0.10526756942272186,0.21937942504882812,1GC1_G_C,1,split_1,1GC1_G_C_SC31A_510
2906,3IDX_HL_G,"['KG85C', 'EG122C', 'WG13M', 'MG247A', 'CG14W', 'CG129V', 'CG27I', 'CG242Q']",-2.2937450408935547,0.11283111572265625,3IDX_HL_G,8,split_1,"3IDX_HL_G_KG85C,EG122C,WG13M,MG247A,CG14W,CG129V,CG27I,CG242Q_1957"
2907,3BT1_A_U,['SU115A'],0.012741394340991974,0.12738037109375,3BT1_A_U,1,split_1,3BT1_A_U_SU115A_1678
2908,3SZK_AB_C,['EC124A'],0.6956096291542053,0.6730270385742188,3SZK_AB_C,1,split_1,3SZK_AB_C_EC124A_1182
2909,3SGB_E_I,['PI8F'],-0.3449347913265228,0.8368110656738281,3SGB_E_I,1,split_1,3SGB_E_I_PI8F_871
2910,3B4V_AB_C,['LC53A'],3.393157958984375,2.4034576416015625,3B4V_AB_C,1,split_1,3B4V_AB_C_LC53A_1369
2911,3SGB_E_I,['TI11E'],4.460281848907471,3.9071731567382812,3SGB_E_I,1,split_1,3SGB_E_I_TI11E_1168
2912,2B2X_HL_A,"['VH50T', 'EH64K', 'QL28S', 'YL52N', 'SH35V', 'GH102S']",2.469994306564331,0.8476524353027344,2B2X_HL_A,6,split_1,"2B2X_HL_A_VH50T,EH64K,QL28S,YL52N,SH35V,GH102S_1432"
2913,1GC1_G_C,['KC35A'],0.3220660388469696,-0.042362213134765625,1GC1_G_C,1,split_1,1GC1_G_C_KC35A_513
2914,3BT1_A_U,['AU253S'],0.204837828874588,0.007450103759765625,3BT1_A_U,1,split_1,3BT1_A_U_AU253S_1801
2915,3MZG_A_B,['HA160A'],0.8676430583000183,0.7416877746582031,3MZG_A_B,1,split_1,3MZG_A_B_HA160A_694
2916,3SGB_E_I,['TI11A'],3.5919625759124756,1.8043327331542969,3SGB_E_I,1,split_1,3SGB_E_I_TI11A_705
2917,1AO7_ABC_DE,"['RD27A', 'RA170A']",1.1865081787109375,1.7992286682128906,1AO7_ABC_DE,2,split_1,"1AO7_ABC_DE_RD27A,RA170A_1319"
2918,1GC1_G_C,['DC10A'],0.0,1.2208442687988281,1GC1_G_C,1,split_1,1GC1_G_C_DC10A_497
2919,5XCO_A_B,"['DA13C', 'YB11A']",2.7973828315734863,1.9832382202148438,5XCO_A_B,2,split_1,"5XCO_A_B_DA13C,YB11A_2315"
2920,3SGB_E_I,['YI14P'],6.276340007781982,7.253700256347656,3SGB_E_I,1,split_1,3SGB_E_I_YI14P_786
2921,3SGB_E_I,['GI26N'],2.275153636932373,1.1381492614746094,3SGB_E_I,1,split_1,3SGB_E_I_GI26N_941
2922,1F47_A_B,['KA14A'],-0.042640842497348785,0.9271354675292969,1F47_A_B,1,split_1,1F47_A_B_KA14A_802
2923,1DAN_HL_UT,['SU101A'],-0.0028923668432980776,0.752471923828125,1DAN_HL_UT,1,split_1,1DAN_HL_UT_SU101A_1007
2924,3SGB_E_I,['LI12V'],3.0342824459075928,3.1186447143554688,3SGB_E_I,1,split_1,3SGB_E_I_LI12V_632
2925,3N0P_A_B,['AA17H'],-0.09047991037368774,-0.4600715637207031,3N0P_A_B,1,split_1,3N0P_A_B_AA17H_759
2926,1JRH_LH_I,['YH104A'],1.0615314245224,0.9304313659667969,1JRH_LH_I,1,split_1,1JRH_LH_I_YH104A_833
2927,1DAN_HL_UT,"['DT39A', 'KT15A', 'FU50A']",5.735138893127441,2.7900009155273438,1DAN_HL_UT,3,split_1,"1DAN_HL_UT_DT39A,KT15A,FU50A_573"
2928,5CXB_A_B,['EB49D'],0.3650606870651245,0.8715476989746094,5CXB_A_B,1,split_1,5CXB_A_B_EB49D_2195
2929,5F4E_A_B,['EA50A'],0.2884120047092438,2.0292739868164062,5F4E_A_B,1,split_1,5F4E_A_B_EA50A_1245
2930,3SGB_E_I,['TI11Y'],3.366955280303955,0.32401275634765625,3SGB_E_I,1,split_1,3SGB_E_I_TI11Y_721
2931,4K71_A_BC,"['MA416V', 'AA418T', 'GA503R']",1.8028225898742676,-1.0851707458496094,4K71_A_BC,3,split_1,"4K71_A_BC_MA416V,AA418T,GA503R_1262"
2932,3MZW_A_B,"['NB18T', 'LB46Y']",-0.02633553557097912,-1.1394424438476562,3MZW_A_B,2,split_1,"3MZW_A_B_NB18T,LB46Y_1558"
2933,2B2X_HL_A,"['VH50T', 'EH64K', 'QL28S', 'YL52N', 'LH60D']",1.043681025505066,0.496429443359375,2B2X_HL_A,5,split_1,"2B2X_HL_A_VH50T,EH64K,QL28S,YL52N,LH60D_1390"
2934,3MZG_A_B,['HA125A'],0.09897152334451675,0.5486068725585938,3MZG_A_B,1,split_1,3MZG_A_B_HA125A_688
2935,1MI5_ABC_DE,['AD91G'],0.6083049178123474,-0.049655914306640625,1MI5_ABC_DE,1,split_1,1MI5_ABC_DE_AD91G_1096
2936,1AO7_ABC_DE,['RD27P'],0.30800125002861023,0.8814659118652344,1AO7_ABC_DE,1,split_1,1AO7_ABC_DE_RD27P_1545
2937,2AK4_ABC_DE,['NE63A'],-0.04268813133239746,-0.12002182006835938,2AK4_ABC_DE,1,split_1,2AK4_ABC_DE_NE63A_1256
2938,1DAN_HL_UT,['KT43A'],0.9207224249839783,0.6499824523925781,1DAN_HL_UT,1,split_1,1DAN_HL_UT_KT43A_562
2939,3BT1_A_U,['IU211A'],0.14745895564556122,-0.7536354064941406,3BT1_A_U,1,split_1,3BT1_A_U_IU211A_1763
2940,3SGB_E_I,"['KI7R', 'PI8F', 'AI9R', 'TI11K', 'LI12R']",5.736030578613281,9.683708190917969,3SGB_E_I,5,split_1,"3SGB_E_I_KI7R,PI8F,AI9R,TI11K,LI12R_997"
2941,3N0P_A_B,['AA17H'],-0.2870479226112366,-0.46007537841796875,3N0P_A_B,1,split_1,3N0P_A_B_AA17H_760
2942,3BT1_A_U,['QU219A'],-0.06817305088043213,-0.08868026733398438,3BT1_A_U,1,split_1,3BT1_A_U_QU219A_1770
2943,1CBW_FGH_I,['RI39A'],0.22198787331581116,4.114696502685547,1CBW_FGH_I,1,split_1,1CBW_FGH_I_RI39A_601
2944,1B41_A_B,['NB47R'],-0.030388813465833664,-0.14850997924804688,1B41_A_B,1,split_1,1B41_A_B_NB47R_1215
2945,3SGB_E_I,['GI26E'],1.9727510213851929,1.8339004516601562,3SGB_E_I,1,split_1,3SGB_E_I_GI26E_945
2946,3BT1_A_U,['GU268A'],-0.29411500692367554,0.1031494140625,3BT1_A_U,1,split_1,3BT1_A_U_GU268A_1814
2947,3HG1_ABC_DE,"['SE50W', 'VE51G', 'GE52P', 'IE53F']",-1.774827480316162,0.2295074462890625,3HG1_ABC_DE,4,split_1,"3HG1_ABC_DE_SE50W,VE51G,GE52P,IE53F_1277"
2948,3MZW_A_B,"['NB1A', 'NB18T', 'SB28K', 'DB31A', 'AB37S', 'AB41S', 'AB49S']",0.4480868875980377,0.022823333740234375,3MZW_A_B,7,split_1,"3MZW_A_B_NB1A,NB18T,SB28K,DB31A,AB37S,AB41S,AB49S_1563"
2949,4NKQ_C_AB,"['IB179A', 'LB180A']",0.3026396632194519,1.7221717834472656,4NKQ_C_AB,2,split_1,"4NKQ_C_AB_IB179A,LB180A_1729"
2950,4HSA_AB_C,['RA28V'],0.5810942649841309,0.6820945739746094,4HSA_AB_C,1,split_1,4HSA_AB_C_RA28V_1959
2951,3SGB_E_I,['KI7C'],-0.5848572254180908,-0.15990829467773438,3SGB_E_I,1,split_1,3SGB_E_I_KI7C_897
2952,3L5X_A_HL,"['NL92S', 'EL93W', 'YL94G']",-1.2726197242736816,0.21337509155273438,3L5X_A_HL,3,split_1,"3L5X_A_HL_NL92S,EL93W,YL94G_1850"
2953,1C4Z_ABC_D,['VA138A'],0.5660946369171143,0.21501541137695312,1C4Z_ABC_D,1,split_1,1C4Z_ABC_D_VA138A_1918
2954,3BT1_A_U,['PU152A'],0.46005600690841675,-0.11765289306640625,3BT1_A_U,1,split_1,3BT1_A_U_PU152A_1712
2955,1AO7_ABC_DE,['GE97S'],-0.34087562561035156,-0.46114349365234375,1AO7_ABC_DE,1,split_1,1AO7_ABC_DE_GE97S_1414
2956,3SE9_HL_G,['RH74A'],2.6362249851226807,0.19235992431640625,3SE9_HL_G,1,split_1,3SE9_HL_G_RH74A_1820
2957,1DQJ_AB_C,['RC21A'],1.259554386138916,1.8616180419921875,1DQJ_AB_C,1,split_1,1DQJ_AB_C_RC21A_336
2958,3SGB_E_I,['GI26Y'],3.0961108207702637,0.9318809509277344,3SGB_E_I,1,split_1,3SGB_E_I_GI26Y_949
2959,1DAN_HL_UT,['DT39A'],1.3799108266830444,0.489013671875,1DAN_HL_UT,1,split_1,1DAN_HL_UT_DT39A_567
2960,3SGB_E_I,"['AI9D', 'LI12A', 'YI14D']",5.768519878387451,10.031078338623047,3SGB_E_I,3,split_1,"3SGB_E_I_AI9D,LI12A,YI14D_1138"
2961,2AK4_ABC_DE,['QC9A'],0.06589584797620773,1.406982421875,2AK4_ABC_DE,1,split_1,2AK4_ABC_DE_QC9A_1273
2962,3SGB_E_I,['GI26C'],2.611656904220581,1.3058052062988281,3SGB_E_I,1,split_1,3SGB_E_I_GI26C_934
2963,4K71_A_BC,"['MA416V', 'AA418T', 'GA503R']",2.3874666690826416,-1.0851631164550781,4K71_A_BC,3,split_1,"4K71_A_BC_MA416V,AA418T,GA503R_1259"
2964,1AO7_ABC_DE,['GE97S'],-0.31211909651756287,-0.461151123046875,1AO7_ABC_DE,1,split_1,1AO7_ABC_DE_GE97S_1518
2965,1MI5_ABC_DE,['SD26A'],-0.039184655994176865,0.4257621765136719,1MI5_ABC_DE,1,split_1,1MI5_ABC_DE_SD26A_1084
2966,3NGB_HL_G,['VH58T'],0.13793396949768066,-0.12265777587890625,3NGB_HL_G,1,split_1,3NGB_HL_G_VH58T_1574
2967,4K71_A_BC,"['MA416V', 'AA418T']",1.1963605880737305,-0.42786407470703125,4K71_A_BC,2,split_1,"4K71_A_BC_MA416V,AA418T_1244"
2968,3BT1_A_U,['VU69A'],0.22279229760169983,0.2218475341796875,3BT1_A_U,1,split_1,3BT1_A_U_VU69A_1640
2969,1MI5_ABC_DE,['SD51A'],0.4820149838924408,0.30236053466796875,1MI5_ABC_DE,1,split_1,1MI5_ABC_DE_SD51A_1092
2970,4K71_A_BC,['HB157A'],0.6442553997039795,0.7195014953613281,4K71_A_BC,1,split_1,4K71_A_BC_HB157A_1256
2971,1CBW_FGH_I,['FI33A'],0.14287693798542023,1.3668632507324219,1CBW_FGH_I,1,split_1,1CBW_FGH_I_FI33A_596
2972,1BD2_ABC_DE,['YC5F'],0.930243194103241,-0.31855010986328125,1BD2_ABC_DE,1,split_1,1BD2_ABC_DE_YC5F_1239
2973,3BT1_A_U,['SU48A'],0.40418148040771484,0.0320281982421875,3BT1_A_U,1,split_1,3BT1_A_U_SU48A_1619
2974,1DQJ_AB_C,"['SA91A', 'YC20A']",3.5746920108795166,5.155002593994141,1DQJ_AB_C,2,split_1,"1DQJ_AB_C_SA91A,YC20A_358"
2975,3MZG_A_B,['HA125A'],-0.1527513712644577,0.5486106872558594,3MZG_A_B,1,split_1,3MZG_A_B_HA125A_685
2976,3BK3_A_C,['IC22R'],2.1215648651123047,0.5955848693847656,3BK3_A_C,1,split_1,3BK3_A_C_IC22R_232
2977,2DVW_A_B,['RB7A'],0.6936055421829224,0.6026077270507812,2DVW_A_B,1,split_1,2DVW_A_B_RB7A_1566
2978,1VFB_AB_C,['YA50K'],1.716369390487671,0.06912612915039062,1VFB_AB_C,1,split_1,1VFB_AB_C_YA50K_113
2979,1JRH_LH_I,['NI38Q'],0.3635777235031128,0.378631591796875,1JRH_LH_I,1,split_1,1JRH_LH_I_NI38Q_843
2980,3BT1_A_U,['RU214A'],-0.02633553557097912,1.1369056701660156,3BT1_A_U,1,split_1,3BT1_A_U_RU214A_1765
2981,2B2X_HL_A,"['VH50T', 'EH64K', 'QL28S', 'YL52E']",0.8662318587303162,0.426605224609375,2B2X_HL_A,4,split_1,"2B2X_HL_A_VH50T,EH64K,QL28S,YL52E_1369"
2982,1GUA_A_B,"['VB14A', 'EA37A']",1.7006744146347046,2.1847305297851562,1GUA_A_B,2,split_1,"1GUA_A_B_VB14A,EA37A_2318"
2983,3BT1_A_U,['LU61A'],-0.12899070978164673,0.6571159362792969,3BT1_A_U,1,split_1,3BT1_A_U_LU61A_1632
2984,1AO7_ABC_DE,"['EE28A', 'YC8A']",3.425438165664673,3.8426971435546875,1AO7_ABC_DE,2,split_1,"1AO7_ABC_DE_EE28A,YC8A_1373"
2985,1GC1_G_C,['EC85A'],1.3232961893081665,0.7896957397460938,1GC1_G_C,1,split_1,1GC1_G_C_EC85A_537
2986,4NKQ_C_AB,['YB82F'],-0.23420381546020508,-0.3352470397949219,4NKQ_C_AB,1,split_1,4NKQ_C_AB_YB82F_1686
2987,1VFB_AB_C,['WA92A'],3.350074291229248,0.441650390625,1VFB_AB_C,1,split_1,1VFB_AB_C_WA92A_593
2988,3IDX_HL_G,"['CG27I', 'CG242Q']",-2.46614146232605,-0.4183082580566406,3IDX_HL_G,2,split_1,"3IDX_HL_G_CG27I,CG242Q_1962"
2989,1DAN_HL_UT,['KT23A'],0.1166100949048996,0.9966545104980469,1DAN_HL_UT,1,split_1,1DAN_HL_UT_KT23A_1059
2990,4NKQ_C_AB,['SB123A'],0.27542412281036377,0.4554100036621094,4NKQ_C_AB,1,split_1,4NKQ_C_AB_SB123A_1703
2991,4NKQ_C_AB,['QB120A'],-0.3986872732639313,0.77471923828125,4NKQ_C_AB,1,split_1,4NKQ_C_AB_QB120A_1700
2992,5F4E_A_B,['RA139A'],1.4903171062469482,0.23031234741210938,5F4E_A_B,1,split_1,5F4E_A_B_RA139A_1250
2993,3SGB_E_I,['RI15G'],1.1071680784225464,1.606903076171875,3SGB_E_I,1,split_1,3SGB_E_I_RI15G_818
2994,1XGU_AB_C,['FB33A'],4.0624799728393555,4.099361419677734,1XGU_AB_C,1,split_1,1XGU_AB_C_FB33A_1227
2995,1AO7_ABC_DE,"['GD28L', 'SD94A']",-0.5086029171943665,0.5299568176269531,1AO7_ABC_DE,2,split_1,"1AO7_ABC_DE_GD28L,SD94A_1526"
2996,3MZG_A_B,['HA167A'],2.455331325531006,1.4465141296386719,3MZG_A_B,1,split_1,3MZG_A_B_HA167A_744
2997,3D5R_A_C,['AC38N'],-1.5695295333862305,-1.3169746398925781,3D5R_A_C,1,split_1,3D5R_A_C_AC38N_190
2998,1AO7_ABC_DE,['YC5A'],1.745092511177063,2.2227821350097656,1AO7_ABC_DE,1,split_1,1AO7_ABC_DE_YC5A_1411
2999,3BT1_A_U,['NU257A'],-0.23381365835666656,0.0241241455078125,3BT1_A_U,1,split_1,3BT1_A_U_NU257A_1805
3000,1JRH_LH_I,['NI38A'],-0.2931166887283325,-0.2188873291015625,1JRH_LH_I,1,split_1,1JRH_LH_I_NI38A_842
3001,3IDX_HL_G,"['TG41C', 'GG245C', 'WG13M', 'MG247A', 'CG14W', 'CG129V', 'CG27I', 'CG242Q']",-2.332111358642578,-0.5468406677246094,3IDX_HL_G,8,split_1,"3IDX_HL_G_TG41C,GG245C,WG13M,MG247A,CG14W,CG129V,CG27I,CG242Q_1960"
3002,3L5X_A_HL,"['NL92S', 'EL93I', 'YL94G']",-0.807335615158081,0.053493499755859375,3L5X_A_HL,3,split_1,"3L5X_A_HL_NL92S,EL93I,YL94G_1862"
3003,3BT1_A_U,['QU21A'],0.3128545880317688,0.131561279296875,3BT1_A_U,1,split_1,3BT1_A_U_QU21A_1594
3004,3MZW_A_B,"['NB1A', 'NB18T', 'SB28K', 'AB37S', 'NB38E', 'AB41S', 'AB49S']",0.5680727958679199,-3.0264015197753906,3MZW_A_B,7,split_1,"3MZW_A_B_NB1A,NB18T,SB28K,AB37S,NB38E,AB41S,AB49S_1569"
3005,2J0T_A_D,['SD68A'],2.1063730716705322,-0.0331878662109375,2J0T_A_D,1,split_1,2J0T_A_D_SD68A_257
3006,4K71_A_BC,"['MA416V', 'AA418T', 'GA503E', 'AA545V']",3.459150552749634,-0.6862945556640625,4K71_A_BC,4,split_1,"4K71_A_BC_MA416V,AA418T,GA503E,AA545V_1253"
3007,1JCK_A_B,['GB102A'],0.013021446764469147,-0.21054840087890625,1JCK_A_B,1,split_1,1JCK_A_B_GB102A_30
3008,4GNK_A_B,['LB764A'],-1.420637845993042,1.0496673583984375,4GNK_A_B,1,split_1,4GNK_A_B_LB764A_2103
3009,3SGB_E_I,['YI14H'],1.713875651359558,2.03839111328125,3SGB_E_I,1,split_1,3SGB_E_I_YI14H_795
3010,5XCO_A_B,"['DA13G', 'IB9A']",2.7973828315734863,2.2367324829101562,5XCO_A_B,2,split_1,"5XCO_A_B_DA13G,IB9A_2322"
3011,3BT1_A_U,['LU1A'],0.34248337149620056,1.1766319274902344,3BT1_A_U,1,split_1,3BT1_A_U_LU1A_1578
3012,1REW_AB_C,"['SA58R', 'SB58R']",1.6668107509613037,0.33161163330078125,1REW_AB_C,2,split_1,"1REW_AB_C_SA58R,SB58R_217"
3013,1DAN_HL_UT,"['EU89A', 'NU90A']",-0.09357527643442154,0.5462913513183594,1DAN_HL_UT,2,split_1,"1DAN_HL_UT_EU89A,NU90A_1010"
3014,1C4Z_ABC_D,['KD61E'],0.7250281572341919,1.4278068542480469,1C4Z_ABC_D,1,split_1,1C4Z_ABC_D_KD61E_1908
3015,5XCO_A_B,"['DA13G', 'DB12A']",2.7973828315734863,1.2467193603515625,5XCO_A_B,2,split_1,"5XCO_A_B_DA13G,DB12A_2325"
3016,1DAN_HL_UT,"['TT55A', 'KT15A']",3.0546562671661377,1.5345039367675781,1DAN_HL_UT,2,split_1,"1DAN_HL_UT_TT55A,KT15A_566"
3017,3D3V_ABC_DE,['YC8A'],3.413588047027588,3.1315536499023438,3D3V_ABC_DE,1,split_1,3D3V_ABC_DE_YC8A_1393
3018,1AO7_ABC_DE,['QA155A'],0.4116840958595276,0.23950576782226562,1AO7_ABC_DE,1,split_1,1AO7_ABC_DE_QA155A_1342
3019,1X1X_A_D,['AD76E'],-0.8235527276992798,-0.9384078979492188,1X1X_A_D,1,split_1,1X1X_A_D_AD76E_99
3020,1DAN_HL_UT,['RU54A'],-0.0028923668432980776,1.0938682556152344,1DAN_HL_UT,1,split_1,1DAN_HL_UT_RU54A_1025
3021,1CBW_FGH_I,['GI37A'],0.8011558651924133,1.3714752197265625,1CBW_FGH_I,1,split_1,1CBW_FGH_I_GI37A_585
3022,3BT1_A_U,['RU25A'],1.0169651508331299,0.5665168762207031,3BT1_A_U,1,split_1,3BT1_A_U_RU25A_1597
3023,2B0U_AB_C,['VC15E'],0.0,0.5877113342285156,2B0U_AB_C,1,split_1,2B0U_AB_C_VC15E_1325
3024,3QDG_ABC_DE,['FE97W'],0.9345039129257202,0.3092765808105469,3QDG_ABC_DE,1,split_1,3QDG_ABC_DE_FE97W_1301
3025,4HSA_AB_C,['WA40V'],-0.2224259227514267,1.315704345703125,4HSA_AB_C,1,split_1,4HSA_AB_C_WA40V_1960
3026,2REX_A_B,['YB97F'],0.0,-0.46440887451171875,2REX_A_B,1,split_1,2REX_A_B_YB97F_2259
3027,1VFB_AB_C,['TA53R'],1.6465885639190674,-0.14257049560546875,1VFB_AB_C,1,split_1,1VFB_AB_C_TA53R_115
3028,1REW_AB_C,"['DA42P', 'DB42P']",2.355921745300293,-0.25337982177734375,1REW_AB_C,2,split_1,"1REW_AB_C_DA42P,DB42P_216"
3029,4G2V_A_B,"['RA198E', 'NA260R']",2.2844555377960205,3.2653846740722656,4G2V_A_B,2,split_1,"4G2V_A_B_RA198E,NA260R_1001"
3030,1AO7_ABC_DE,['RA65A'],3.155595064163208,3.64691162109375,1AO7_ABC_DE,1,split_1,1AO7_ABC_DE_RA65A_1445
3031,3MZG_A_B,['HB188A'],2.342900276184082,1.6344757080078125,3MZG_A_B,1,split_1,3MZG_A_B_HB188A_735
3032,1AO7_ABC_DE,"['AE96M', 'GE97S']",-1.0448415279388428,-1.2246780395507812,1AO7_ABC_DE,2,split_1,"1AO7_ABC_DE_AE96M,GE97S_1537"
3033,1CBW_FGH_I,['KI15E'],3.9066314697265625,6.409816741943359,1CBW_FGH_I,1,split_1,1CBW_FGH_I_KI15E_613
3034,1DAN_HL_UT,['QT32A'],0.7290357351303101,-0.21390533447265625,1DAN_HL_UT,1,split_1,1DAN_HL_UT_QT32A_559
3035,3QDG_ABC_DE,['GD28N'],0.8517016768455505,0.5005264282226562,3QDG_ABC_DE,1,split_1,3QDG_ABC_DE_GD28N_1309
3036,1AO7_ABC_DE,"['DD26W', 'RD27F', 'SD51M', 'SD94T', 'AE96M', 'GE97S', 'GE98A', 'RE99Q']",-3.451117753982544,-4.021732330322266,1AO7_ABC_DE,8,split_1,"1AO7_ABC_DE_DD26W,RD27F,SD51M,SD94T,AE96M,GE97S,GE98A,RE99Q_1544"
3037,5F4E_A_B,['EA50K'],0.41565605998039246,0.8209915161132812,5F4E_A_B,1,split_1,5F4E_A_B_EA50K_1246
3038,4NKQ_C_AB,['YB82A'],-0.37545090913772583,0.6903266906738281,4NKQ_C_AB,1,split_1,4NKQ_C_AB_YB82A_1685
3039,3NPS_A_BC,['RA48A'],-1.0632169246673584,0.44482421875,3NPS_A_BC,1,split_1,3NPS_A_BC_RA48A_542
3040,1CBW_FGH_I,['II18A'],1.4157211780548096,0.5754661560058594,1CBW_FGH_I,1,split_1,1CBW_FGH_I_II18A_593
3041,5K39_A_B,['MB108A'],-0.4778553247451782,0.4649543762207031,5K39_A_B,1,split_1,5K39_A_B_MB108A_1859
3042,3NGB_HL_G,['PH63K'],0.23262739181518555,0.36676025390625,3NGB_HL_G,1,split_1,3NGB_HL_G_PH63K_1575
3043,3MZW_A_B,['NB18G'],0.07263598591089249,0.2293701171875,3MZW_A_B,1,split_1,3MZW_A_B_NB18G_1542
3044,3MZW_A_B,"['NB1A', 'NB18T', 'SB28K', 'DB32E', 'AB37S', 'AB41S', 'AB49S']",-0.6799096465110779,-0.1175994873046875,3MZW_A_B,7,split_1,"3MZW_A_B_NB1A,NB18T,SB28K,DB32E,AB37S,AB41S,AB49S_1564"
3045,5F4E_A_B,['KB139A'],0.29455143213272095,0.2280120849609375,5F4E_A_B,1,split_1,5F4E_A_B_KB139A_1256
3046,2FTL_E_I,['KI15T'],10.59748363494873,9.119632720947266,2FTL_E_I,1,split_1,2FTL_E_I_KI15T_285
3047,4NKQ_C_AB,['EC8R'],2.6404104232788086,0.04845428466796875,4NKQ_C_AB,1,split_1,4NKQ_C_AB_EC8R_1734
3048,3SGB_E_I,['TI11I'],1.7529135942459106,1.2029380798339844,3SGB_E_I,1,split_1,3SGB_E_I_TI11I_711
3049,1DAN_HL_UT,['WT40A'],1.5000076293945312,1.4182167053222656,1DAN_HL_UT,1,split_1,1DAN_HL_UT_WT40A_550
3050,1AO7_ABC_DE,"['GD28I', 'SD94T']",-0.8996182680130005,-0.5424461364746094,1AO7_ABC_DE,2,split_1,"1AO7_ABC_DE_GD28I,SD94T_1525"
3051,4GNK_A_B,"['LB764A', 'DA279A', 'PA281D']",-1.7232774496078491,1.6549949645996094,4GNK_A_B,3,split_1,"4GNK_A_B_LB764A,DA279A,PA281D_2105"
3052,3BT1_A_U,['SU88A'],0.1956523358821869,0.17034149169921875,3BT1_A_U,1,split_1,3BT1_A_U_SU88A_1656
3053,1DQJ_AB_C,"['DB32A', 'KC97A']",1.1228859424591064,5.338520050048828,1DQJ_AB_C,2,split_1,"1DQJ_AB_C_DB32A,KC97A_361"
3054,3NGB_HL_G,"['TH33Y', 'GH56S', 'AH57G', 'VH58T', 'PH63K', 'VH74T', 'YH75S']",1.9390616416931152,-1.4946784973144531,3NGB_HL_G,7,split_1,"3NGB_HL_G_TH33Y,GH56S,AH57G,VH58T,PH63K,VH74T,YH75S_1584"
3055,2B2X_HL_A,"['VH50T', 'EH64K', 'QL28S', 'YL52N', 'GH100F']",1.617763876914978,0.001495361328125,2B2X_HL_A,5,split_1,"2B2X_HL_A_VH50T,EH64K,QL28S,YL52N,GH100F_1371"
3056,3SGB_E_I,['GI26I'],4.092513084411621,2.6248435974121094,3SGB_E_I,1,split_1,3SGB_E_I_GI26I_939
3057,2B2X_HL_A,"['VH50T', 'EH64K', 'QL28S', 'YL52N', 'YH59E']",1.5879316329956055,0.6020050048828125,2B2X_HL_A,5,split_1,"2B2X_HL_A_VH50T,EH64K,QL28S,YL52N,YH59E_1389"
3058,3BT1_A_U,['QU246A'],0.46005600690841675,0.17171478271484375,3BT1_A_U,1,split_1,3BT1_A_U_QU246A_1794
3059,1DAN_HL_UT,['RU45A'],0.5193140506744385,1.67926025390625,1DAN_HL_UT,1,split_1,1DAN_HL_UT_RU45A_1029
3060,1DAN_HL_UT,['FT71A'],1.10543692111969,1.2340774536132812,1DAN_HL_UT,1,split_1,1DAN_HL_UT_FT71A_554
3061,2PCC_A_B,['KB92A'],0.9018709659576416,0.7218208312988281,2PCC_A_B,1,split_1,2PCC_A_B_KB92A_207
3062,1AO7_ABC_DE,['SD51M'],-0.3777339458465576,0.004791259765625,1AO7_ABC_DE,1,split_1,1AO7_ABC_DE_SD51M_1509
3063,1AO7_ABC_DE,"['GD28M', 'SD94A']",-0.8046229481697083,0.38114166259765625,1AO7_ABC_DE,2,split_1,"1AO7_ABC_DE_GD28M,SD94A_1528"
3064,3BT1_A_U,['KU43A'],0.22279229760169983,1.0995407104492188,3BT1_A_U,1,split_1,3BT1_A_U_KU43A_1615
3065,3NGB_HL_G,['YH60A'],0.5396178364753723,1.5016098022460938,3NGB_HL_G,1,split_1,3NGB_HL_G_YH60A_2212
3066,3BT1_A_U,['VU123A'],0.7882063388824463,0.45618438720703125,3BT1_A_U,1,split_1,3BT1_A_U_VU123A_1685
3067,1DAN_HL_UT,"['KT36A', 'DT39A']",1.5714305639266968,1.0488967895507812,1DAN_HL_UT,2,split_1,"1DAN_HL_UT_KT36A,DT39A_1057"
3068,1DAN_HL_UT,['PU2A'],-0.18582704663276672,0.29262542724609375,1DAN_HL_UT,1,split_1,1DAN_HL_UT_PU2A_556
3069,3L5X_A_HL,"['HL91P', 'NL92I', 'EL93D', 'YL94A']",-0.6469592452049255,1.9115867614746094,3L5X_A_HL,4,split_1,"3L5X_A_HL_HL91P,NL92I,EL93D,YL94A_1867"
3070,3SGB_E_I,['AI9R'],2.0356457233428955,3.156177520751953,3SGB_E_I,1,split_1,3SGB_E_I_AI9R_682
3071,2B2X_HL_A,"['VH50T', 'EH64K', 'QL28S']",0.9403850436210632,0.6612510681152344,2B2X_HL_A,3,split_1,"2B2X_HL_A_VH50T,EH64K,QL28S_1366"
3072,1AO7_ABC_DE,"['EA63Q', 'KA66A']",0.929108202457428,1.245880126953125,1AO7_ABC_DE,2,split_1,"1AO7_ABC_DE_EA63Q,KA66A_1430"
3073,4NKQ_C_AB,['KB90D'],-0.19934363663196564,0.0667724609375,4NKQ_C_AB,1,split_1,4NKQ_C_AB_KB90D_1695
3074,3RF3_A_C,['AC8K'],1.729231834411621,-0.22459793090820312,3RF3_A_C,1,split_1,3RF3_A_C_AC8K_1577
3075,2FTL_E_I,['KI15I'],11.171451568603516,7.587654113769531,2FTL_E_I,1,split_1,2FTL_E_I_KI15I_289
3076,3SGB_E_I,['PI8A'],-0.18949657678604126,-0.6689376831054688,3SGB_E_I,1,split_1,3SGB_E_I_PI8A_857
3077,3MZG_A_B,['HB188A'],-0.44731462001800537,1.6344833374023438,3MZG_A_B,1,split_1,3MZG_A_B_HB188A_728
3078,1C4Z_ABC_D,['LA139A'],1.2169697284698486,0.734619140625,1C4Z_ABC_D,1,split_1,1C4Z_ABC_D_LA139A_1919
3079,1BJ1_HL_VW,"['HH101Y', 'YH103R', 'GH104N', 'SH105T']",-0.7629918456077576,-0.4040260314941406,1BJ1_HL_VW,4,split_1,"1BJ1_HL_VW_HH101Y,YH103R,GH104N,SH105T_1932"
3080,3BT1_A_U,['LU19A'],0.17684276401996613,0.3422431945800781,3BT1_A_U,1,split_1,3BT1_A_U_LU19A_1592
3081,3BT1_A_U,['SU205A'],-0.2150040864944458,0.2781257629394531,3BT1_A_U,1,split_1,3BT1_A_U_SU205A_1757
3082,3BT1_A_U,['VU236A'],0.15741637349128723,0.28473663330078125,3BT1_A_U,1,split_1,3BT1_A_U_VU236A_1786
3083,3MZG_A_B,['HA84A'],0.010214942507445812,0.5516242980957031,3MZG_A_B,1,split_1,3MZG_A_B_HA84A_678
3084,5F4E_A_B,['QA109A'],-0.03091755323112011,0.25624847412109375,5F4E_A_B,1,split_1,5F4E_A_B_QA109A_1248
3085,1B41_A_B,['NB47W'],0.03665820509195328,0.1955413818359375,1B41_A_B,1,split_1,1B41_A_B_NB47W_1214
3086,3N0P_A_B,['AA17H'],-0.3238008916378021,-0.4600677490234375,3N0P_A_B,1,split_1,3N0P_A_B_AA17H_765
3087,3BT1_A_U,['LU221A'],0.265433132648468,0.7471733093261719,3BT1_A_U,1,split_1,3BT1_A_U_LU221A_1771
3088,3SGB_E_I,"['KI7T', 'PI8E', 'AI9Y']",-3.8578999042510986,-0.9910888671875,3SGB_E_I,3,split_1,"3SGB_E_I_KI7T,PI8E,AI9Y_1884"
3089,2AK4_ABC_DE,['ND51A'],1.4039890766143799,0.5818443298339844,2AK4_ABC_DE,1,split_1,2AK4_ABC_DE_ND51A_1248
3090,4MNQ_ABC_DE,"['LC6A', 'AD93S', 'LD94G', 'PD95T', 'GD97K']",5.102494716644287,1.5530471801757812,4MNQ_ABC_DE,5,split_1,"4MNQ_ABC_DE_LC6A,AD93S,LD94G,PD95T,GD97K_1293"
3091,1GUA_A_B,['KB10A'],-0.3999384045600891,1.4661178588867188,1GUA_A_B,1,split_1,1GUA_A_B_KB10A_2281
3092,1MI5_ABC_DE,['TD94A'],0.9429946541786194,0.63427734375,1MI5_ABC_DE,1,split_1,1MI5_ABC_DE_TD94A_1099
3093,5K39_A_B,['FB142A'],2.7175374031066895,0.6624794006347656,5K39_A_B,1,split_1,5K39_A_B_FB142A_1862
3094,3BK3_A_C,['IC28A'],1.2615159749984741,0.6171188354492188,3BK3_A_C,1,split_1,3BK3_A_C_IC28A_233
3095,1DQJ_AB_C,['SA91A'],1.4325294494628906,1.1223640441894531,1DQJ_AB_C,1,split_1,1DQJ_AB_C_SA91A_349
3096,3SGB_E_I,"['TI11P', 'LI12K', 'EI13D', 'LI17V', 'SI45N']",4.912168979644775,9.515129089355469,3SGB_E_I,5,split_1,"3SGB_E_I_TI11P,LI12K,EI13D,LI17V,SI45N_1093"
3097,3BT1_A_U,['LU66A'],1.3769124746322632,0.9088325500488281,3BT1_A_U,1,split_1,3BT1_A_U_LU66A_1637
3098,1AO7_ABC_DE,['EA166A'],2.6047894954681396,0.8301811218261719,1AO7_ABC_DE,1,split_1,1AO7_ABC_DE_EA166A_1354
3099,1CBW_FGH_I,['KI46A'],0.09961305558681488,1.9963798522949219,1CBW_FGH_I,1,split_1,1CBW_FGH_I_KI46A_587
3100,3SGB_E_I,['NI30D'],0.9109824895858765,-0.29622650146484375,3SGB_E_I,1,split_1,3SGB_E_I_NI30D_980
3101,1CBW_FGH_I,['GI12A'],0.6857352256774902,2.6162071228027344,1CBW_FGH_I,1,split_1,1CBW_FGH_I_GI12A_589
3102,4NKQ_C_AB,['DB176E'],0.4682212769985199,0.8669357299804688,4NKQ_C_AB,1,split_1,4NKQ_C_AB_DB176E_1707
3103,3SGB_E_I,['AI9S'],0.9109824895858765,0.7969322204589844,3SGB_E_I,1,split_1,3SGB_E_I_AI9S_667
3104,5XCO_A_B,"['DA13C', 'IB9A']",2.7973828315734863,2.151500701904297,5XCO_A_B,2,split_1,"5XCO_A_B_DA13C,IB9A_2313"
3105,3L5X_A_HL,"['HL91P', 'NL92L', 'EL93D', 'YL94T']",-0.8104133009910583,1.5558357238769531,3L5X_A_HL,4,split_1,"3L5X_A_HL_HL91P,NL92L,EL93D,YL94T_1860"
3106,1BJ1_HL_VW,['TH59A'],0.8510478734970093,0.3852081298828125,1BJ1_HL_VW,1,split_1,1BJ1_HL_VW_TH59A_1923
3107,1GC1_G_C,['KC75A'],0.15796467661857605,0.7055473327636719,1GC1_G_C,1,split_1,1GC1_G_C_KC75A_534
3108,5UFQ_A_C,"['DA12G', 'QC25R', 'KC55G']",1.5138851404190063,0.7976913452148438,5UFQ_A_C,3,split_1,"5UFQ_A_C_DA12G,QC25R,KC55G_2332"
3109,1C4Z_ABC_D,['YA149A'],1.288435935974121,0.6770515441894531,1C4Z_ABC_D,1,split_1,1C4Z_ABC_D_YA149A_1926
3110,1BD2_ABC_DE,['YC5A'],3.2765021324157715,2.6608047485351562,1BD2_ABC_DE,1,split_1,1BD2_ABC_DE_YC5A_1228
3111,3BT1_A_U,['DU74A'],0.3052099347114563,0.5664138793945312,3BT1_A_U,1,split_1,3BT1_A_U_DU74A_1644
3112,2PCC_A_B,"['KB92A', 'VA197A']",1.5015023946762085,1.003936767578125,2PCC_A_B,2,split_1,"2PCC_A_B_KB92A,VA197A_209"
3113,1AO7_ABC_DE,['SD94A'],0.0,0.3055229187011719,1AO7_ABC_DE,1,split_1,1AO7_ABC_DE_SD94A_1511
3114,3MZG_A_B,['HA125A'],-0.39687785506248474,0.5486068725585938,3MZG_A_B,1,split_1,3MZG_A_B_HA125A_683
3115,1DQJ_AB_C,['RC21A'],1.1690744161605835,1.8616104125976562,1DQJ_AB_C,1,split_1,1DQJ_AB_C_RC21A_331
3116,1LP9_ABC_EF,['TA163A'],-0.40431997179985046,0.027400970458984375,1LP9_ABC_EF,1,split_1,1LP9_ABC_EF_TA163A_1426
3117,1AO7_ABC_DE,"['DD26W', 'RD27F', 'SD51M', 'AE96M', 'GE97S', 'GE98A', 'RE99Q']",-3.7107627391815186,-3.6257362365722656,1AO7_ABC_DE,7,split_1,"1AO7_ABC_DE_DD26W,RD27F,SD51M,AE96M,GE97S,GE98A,RE99Q_1543"
3118,3SGB_E_I,['GI26F'],3.022313356399536,0.5478324890136719,3SGB_E_I,1,split_1,3SGB_E_I_GI26F_947
3119,3NGB_HL_G,['RH54A'],-0.2552182078361511,0.5744476318359375,3NGB_HL_G,1,split_1,3NGB_HL_G_RH54A_2207
3120,1DQJ_AB_C,['TC89A'],0.8412202596664429,-0.0963287353515625,1DQJ_AB_C,1,split_1,1DQJ_AB_C_TC89A_340
3121,1GC1_G_C,['NC30A'],0.17043781280517578,0.02767181396484375,1GC1_G_C,1,split_1,1GC1_G_C_NC30A_509
3122,1AO7_ABC_DE,['YC5F'],0.1695607602596283,0.016399383544921875,1AO7_ABC_DE,1,split_1,1AO7_ABC_DE_YC5F_1390
3123,1CBW_FGH_I,['KI15Y'],-2.641486644744873,4.786914825439453,1CBW_FGH_I,1,split_1,1CBW_FGH_I_KI15Y_618
3124,3MZG_A_B,['HA17A'],0.3632349669933319,0.4604034423828125,3MZG_A_B,1,split_1,3MZG_A_B_HA17A_725
3125,3SGB_E_I,"['EI4D', 'LI12M', 'RI15M', 'GI26D', 'EI37D']",1.9727510213851929,2.6847763061523438,3SGB_E_I,5,split_1,"3SGB_E_I_EI4D,LI12M,RI15M,GI26D,EI37D_1165"
3126,2J0T_A_D,['SD68Y'],2.97835373878479,0.07427215576171875,2J0T_A_D,1,split_1,2J0T_A_D_SD68Y_260
3127,4NKQ_C_AB,['KB89D'],1.0615314245224,0.10406875610351562,4NKQ_C_AB,1,split_1,4NKQ_C_AB_KB89D_1692
3128,1AO7_ABC_DE,['RA75A'],0.5347237586975098,0.7488861083984375,1AO7_ABC_DE,1,split_1,1AO7_ABC_DE_RA75A_1454
3129,3BT1_A_U,['PU149A'],0.5969786047935486,-0.09723281860351562,3BT1_A_U,1,split_1,3BT1_A_U_PU149A_1710
3130,3SGB_E_I,['NI30R'],0.5794370174407959,1.4359626770019531,3SGB_E_I,1,split_1,3SGB_E_I_NI30R_986
3131,1AO7_ABC_DE,['LC1A'],0.6994990706443787,2.413043975830078,1AO7_ABC_DE,1,split_1,1AO7_ABC_DE_LC1A_1327
3132,4P5T_CD_AB,['KD7A'],1.5492380857467651,1.6781730651855469,4P5T_CD_AB,1,split_1,4P5T_CD_AB_KD7A_2140
3133,1VFB_AB_C,"['WA92A', 'LC129A']",3.3088436126708984,2.163166046142578,1VFB_AB_C,2,split_1,"1VFB_AB_C_WA92A,LC129A_606"
3134,3SGB_E_I,['NI30T'],0.009847073815762997,0.37084197998046875,3SGB_E_I,1,split_1,3SGB_E_I_NI30T_975
3135,1C4Z_ABC_D,"['SA243P', 'NA245P']",-0.07573513686656952,0.5941505432128906,1C4Z_ABC_D,2,split_1,"1C4Z_ABC_D_SA243P,NA245P_1939"
3136,1GUA_A_B,['VB14A'],0.10035651177167892,1.1823234558105469,1GUA_A_B,1,split_1,1GUA_A_B_VB14A_2284
3137,5F4E_A_B,['DA51A'],0.10968799889087677,2.4666671752929688,5F4E_A_B,1,split_1,5F4E_A_B_DA51A_1247
3138,2AJF_A_E,['YA23F'],1.3977943658828735,0.8710365295410156,2AJF_A_E,1,split_1,2AJF_A_E_YA23F_1334
3139,3BT1_A_U,['RU53A'],0.8882246017456055,-0.02669525146484375,3BT1_A_U,1,split_1,3BT1_A_U_RU53A_1624
3140,3BT1_A_U,['NU218A'],-0.17908690869808197,0.73162841796875,3BT1_A_U,1,split_1,3BT1_A_U_NU218A_1769
3141,1DAN_HL_UT,['NT13A'],0.18021486699581146,0.9638252258300781,1DAN_HL_UT,1,split_1,1DAN_HL_UT_NT13A_1067
3142,2FTL_E_I,['GI37A'],4.092513084411621,1.7048454284667969,2FTL_E_I,1,split_1,2FTL_E_I_GI37A_278
3143,3SE8_HL_G,['EL1A'],-0.5475789904594421,0.3370170593261719,3SE8_HL_G,1,split_1,3SE8_HL_G_EL1A_2252
3144,1AO7_ABC_DE,"['AE96M', 'GE97S', 'GE98A', 'RE99Q']",-3.9603114128112793,-2.0027122497558594,1AO7_ABC_DE,4,split_1,"1AO7_ABC_DE_AE96M,GE97S,GE98A,RE99Q_1418"
3145,1DQJ_AB_C,['YB50A'],6.891109943389893,5.576930999755859,1DQJ_AB_C,1,split_1,1DQJ_AB_C_YB50A_353
3146,1AO7_ABC_DE,['SD31A'],0.9827497601509094,1.0133056640625,1AO7_ABC_DE,1,split_1,1AO7_ABC_DE_SD31A_1338
3147,1AO7_ABC_DE,"['YD50A', 'QA155A']",0.27613577246665955,2.0026702880859375,1AO7_ABC_DE,2,split_1,"1AO7_ABC_DE_YD50A,QA155A_1343"
3148,5F4E_A_B,['RA139E'],2.1438913345336914,-0.04924774169921875,5F4E_A_B,1,split_1,5F4E_A_B_RA139E_1251
3149,1AO7_ABC_DE,['VA152A'],-0.1942489743232727,0.536956787109375,1AO7_ABC_DE,1,split_1,1AO7_ABC_DE_VA152A_1461
3150,1DAN_HL_UT,"['DT39A', 'TT55A']",4.159247875213623,1.9127006530761719,1DAN_HL_UT,2,split_1,"1DAN_HL_UT_DT39A,TT55A_572"
3151,3L5X_A_HL,"['NL92F', 'EL93W', 'YL94G']",-1.233542799949646,-0.34220123291015625,3L5X_A_HL,3,split_1,"3L5X_A_HL_NL92F,EL93W,YL94G_1853"
3152,1AO7_ABC_DE,"['DD26W', 'RD27F', 'SD51M', 'SD94T', 'VC7R']",-1.3930768966674805,-0.26505279541015625,1AO7_ABC_DE,5,split_1,"1AO7_ABC_DE_DD26W,RD27F,SD51M,SD94T,VC7R_1523"
3153,3BT1_A_U,['NU188A'],-0.23381365835666656,0.7979240417480469,3BT1_A_U,1,split_1,3BT1_A_U_NU188A_1743
3154,4P5T_CD_AB,['KC68A'],0.9917506575584412,0.7516136169433594,4P5T_CD_AB,1,split_1,4P5T_CD_AB_KC68A_2132
3155,3SGB_E_I,['YI14T'],4.871827125549316,5.166656494140625,3SGB_E_I,1,split_1,3SGB_E_I_YI14T_785
3156,1TM5_E_I,['AI40M'],-1.0276678800582886,-1.2174034118652344,1TM5_E_I,1,split_1,1TM5_E_I_AI40M_17
3157,2B2X_HL_A,"['VH50T', 'EH64K', 'QL28S', 'YL52N', 'GH53S']",1.7195769548416138,0.6764869689941406,2B2X_HL_A,5,split_1,"2B2X_HL_A_VH50T,EH64K,QL28S,YL52N,GH53S_1405"
3158,3SGB_E_I,['YI14H'],1.4057077169418335,2.0383987426757812,3SGB_E_I,1,split_1,3SGB_E_I_YI14H_1144
3159,5XCO_A_B,"['DA13G', 'PB13A']",2.1223227977752686,1.9095306396484375,5XCO_A_B,2,split_1,"5XCO_A_B_DA13G,PB13A_2326"
3160,3SZK_AB_C,['NC35A'],0.12519049644470215,2.4241600036621094,3SZK_AB_C,1,split_1,3SZK_AB_C_NC35A_1167
3161,1VFB_AB_C,['SC24A'],0.8513460755348206,0.15066146850585938,1VFB_AB_C,1,split_1,1VFB_AB_C_SC24A_582
3162,3SGB_E_I,['NI30E'],0.9627103805541992,-0.22678375244140625,3SGB_E_I,1,split_1,3SGB_E_I_NI30E_983
3163,3L5X_A_HL,"['NL92S', 'EL93V', 'YL94G']",-0.5171037912368774,0.2646064758300781,3L5X_A_HL,3,split_1,"3L5X_A_HL_NL92S,EL93V,YL94G_1873"
3164,1XD3_A_B,['KB27A'],-0.0624210461974144,0.36602020263671875,1XD3_A_B,1,split_1,1XD3_A_B_KB27A_289
3165,3BT1_A_U,['HU47A'],0.39101532101631165,0.35601043701171875,3BT1_A_U,1,split_1,3BT1_A_U_HU47A_1618
3166,3BT1_A_U,['HU164A'],1.0284249782562256,1.1634674072265625,3BT1_A_U,1,split_1,3BT1_A_U_HU164A_1723
3167,3SE9_HL_G,['LH34A'],0.5569091439247131,1.4535942077636719,3SE9_HL_G,1,split_1,3SE9_HL_G_LH34A_1809
3168,1F47_A_B,['YA5A'],0.8693669438362122,1.5950889587402344,1F47_A_B,1,split_1,1F47_A_B_YA5A_795
3169,5F4E_A_B,['EB26A'],1.4491522312164307,-0.14910125732421875,5F4E_A_B,1,split_1,5F4E_A_B_EB26A_1252
3170,2B2X_HL_A,"['VH50T', 'EH64K', 'QL28S', 'YL52N', 'YH58W']",1.864993929862976,0.6943893432617188,2B2X_HL_A,5,split_1,"2B2X_HL_A_VH50T,EH64K,QL28S,YL52N,YH58W_1411"
3171,1GC1_G_C,['LC44A'],1.0560202598571777,1.4692955017089844,1GC1_G_C,1,split_1,1GC1_G_C_LC44A_517
3172,1DAN_HL_UT,['LT67A'],-0.059836238622665405,0.6624984741210938,1DAN_HL_UT,1,split_1,1DAN_HL_UT_LT67A_593
3173,1JRH_LH_I,['NI38Q'],0.7058437466621399,0.3786277770996094,1JRH_LH_I,1,split_1,1JRH_LH_I_NI38Q_863
3174,2B2X_HL_A,"['VH50T', 'EH64K', 'QL28S', 'YL52N', 'LL49K']",1.841896891593933,1.0911674499511719,2B2X_HL_A,5,split_1,"2B2X_HL_A_VH50T,EH64K,QL28S,YL52N,LL49K_1383"
3175,3NGB_HL_G,['YH75A'],-0.19612087309360504,0.9280929565429688,3NGB_HL_G,1,split_1,3NGB_HL_G_YH75A_2219
3176,5XCO_A_B,"['DA13C', 'YB8A']",2.618992567062378,2.3693466186523438,5XCO_A_B,2,split_1,"5XCO_A_B_DA13C,YB8A_2312"
3177,1DAN_HL_UT,['VT28A'],-0.18582704663276672,0.599822998046875,1DAN_HL_UT,1,split_1,1DAN_HL_UT_VT28A_552
3178,1AO7_ABC_DE,"['GD28M', 'SD94T']",-1.7472666501998901,-0.049224853515625,1AO7_ABC_DE,2,split_1,"1AO7_ABC_DE_GD28M,SD94T_1529"
3179,3SGB_E_I,['AI9V'],-0.6595435738563538,-0.6600608825683594,3SGB_E_I,1,split_1,3SGB_E_I_AI9V_1172
3180,1HE8_A_B,"['KA80V', 'DA95A']",1.038295030593872,0.5476112365722656,1HE8_A_B,2,split_1,"1HE8_A_B_KA80V,DA95A_504"
3181,3BE1_HL_A,"['DL28N', 'PL30A', 'RL31K', 'SL32T', 'TL97S', 'TL98S', 'KH30S', 'DH31G', 'TH54S', 'NH55E', 'GH100V', 'DH102V']",-2.728342294692993,-2.939922332763672,3BE1_HL_A,12,split_1,"3BE1_HL_A_DL28N,PL30A,RL31K,SL32T,TL97S,TL98S,KH30S,DH31G,TH54S,NH55E,GH100V,DH102V_1536"
3182,3IDX_HL_G,"['WG13M', 'SG111T', 'WG200S', 'MG247A', 'CG14W', 'CG129V', 'CG27I', 'CG242Q']",-1.864798665046692,0.17623138427734375,3IDX_HL_G,8,split_1,"3IDX_HL_G_WG13M,SG111T,WG200S,MG247A,CG14W,CG129V,CG27I,CG242Q_1955"
3183,3SGB_E_I,"['EI4D', 'AI9V', 'TI11S', 'YI14D', 'RI15M', 'NI22S', 'GI26S', 'EI37D']",4.871827125549316,6.643077850341797,3SGB_E_I,8,split_1,"3SGB_E_I_EI4D,AI9V,TI11S,YI14D,RI15M,NI22S,GI26S,EI37D_1113"
3184,2B2X_HL_A,"['VH50T', 'EH64K', 'QL28S']",1.043681025505066,0.6612548828125,2B2X_HL_A,3,split_1,"2B2X_HL_A_VH50T,EH64K,QL28S_1398"
3185,3SGB_E_I,['KI7D'],-0.6233893632888794,-0.5643043518066406,3SGB_E_I,1,split_1,3SGB_E_I_KI7D_905
3186,1FFW_A_B,['DB44A'],-0.07415315508842468,-0.18687057495117188,1FFW_A_B,1,split_1,1FFW_A_B_DB44A_532
3187,1MI5_ABC_DE,['TD50A'],-0.5584657788276672,0.34207916259765625,1MI5_ABC_DE,1,split_1,1MI5_ABC_DE_TD50A_1091
3188,4X4M_AB_E,['RE155A'],1.7401713132858276,0.537841796875,4X4M_AB_E,1,split_1,4X4M_AB_E_RE155A_2182
3189,2AK4_ABC_DE,['LA163A'],0.14038239419460297,0.15211868286132812,2AK4_ABC_DE,1,split_1,2AK4_ABC_DE_LA163A_1268
3190,2AJF_A_E,['KE22R'],-0.007359746843576431,0.033168792724609375,2AJF_A_E,1,split_1,2AJF_A_E_KE22R_275
3191,4L0P_A_B,['SA20F'],0.05646670609712601,0.20737075805664062,4L0P_A_B,1,split_1,4L0P_A_B_SA20F_1887
3192,2B2X_HL_A,"['VH50T', 'EH64K', 'QL28S', 'YL52N', 'SH35A', 'GH102S']",2.617070198059082,1.0729522705078125,2B2X_HL_A,6,split_1,"2B2X_HL_A_VH50T,EH64K,QL28S,YL52N,SH35A,GH102S_1431"
3193,1AO7_ABC_DE,['SD94T'],-0.4934868812561035,-0.14996719360351562,1AO7_ABC_DE,1,split_1,1AO7_ABC_DE_SD94T_1513
3194,4NKQ_C_AB,"['DB87A', 'TB88A', 'KB89A']",0.3535848557949066,1.6136398315429688,4NKQ_C_AB,3,split_1,"4NKQ_C_AB_DB87A,TB88A,KB89A_1687"
3195,3SGB_E_I,['EI13N'],1.1020385026931763,2.42742919921875,3SGB_E_I,1,split_1,3SGB_E_I_EI13N_752
3196,1C4Z_ABC_D,['KD93A'],1.135684609413147,0.8486061096191406,1C4Z_ABC_D,1,split_1,1C4Z_ABC_D_KD93A_1912
3197,2B2X_HL_A,"['VH50T', 'EH64K', 'QL28S', 'YL52N', 'GH100S']",1.6016782522201538,0.6112022399902344,2B2X_HL_A,5,split_1,"2B2X_HL_A_VH50T,EH64K,QL28S,YL52N,GH100S_1428"
3198,1AO7_ABC_DE,['SD94N'],1.907029390335083,-0.20349884033203125,1AO7_ABC_DE,1,split_1,1AO7_ABC_DE_SD94N_1512
3199,2B2X_HL_A,"['VH50T', 'EH64K', 'QL28S', 'YL52N', 'WL90Q']",3.120450735092163,1.6983413696289062,2B2X_HL_A,5,split_1,"2B2X_HL_A_VH50T,EH64K,QL28S,YL52N,WL90Q_1418"
3200,3SGB_E_I,"['AI9G', 'LI12M', 'LI17V', 'KI23I', 'EI37K']",3.229379177093506,1.2765960693359375,3SGB_E_I,5,split_1,"3SGB_E_I_AI9G,LI12M,LI17V,KI23I,EI37K_1131"
3201,4X4M_AB_E,['KE153E'],0.9535146951675415,0.2488861083984375,4X4M_AB_E,1,split_1,4X4M_AB_E_KE153E_2184
3202,1MI5_ABC_DE,['SE25A'],0.03228163346648216,0.4251670837402344,1MI5_ABC_DE,1,split_1,1MI5_ABC_DE_SE25A_1104
3203,4NKQ_C_AB,"['YB119A', 'QB120A', 'KB121A', 'LB122A', 'SB123A', 'YB124A']",-0.31075555086135864,3.5183258056640625,4NKQ_C_AB,6,split_1,"4NKQ_C_AB_YB119A,QB120A,KB121A,LB122A,SB123A,YB124A_1698"
3204,3SGB_E_I,"['TI11P', 'LI12K', 'EI13D', 'LI17V', 'GI26S', 'SI45N']",5.05522346496582,9.467254638671875,3SGB_E_I,6,split_1,"3SGB_E_I_TI11P,LI12K,EI13D,LI17V,GI26S,SI45N_1094"
3205,5XCO_A_B,"['DA13C', 'DB12A']",2.7973828315734863,1.2471733093261719,5XCO_A_B,2,split_1,"5XCO_A_B_DA13C,DB12A_2316"
3206,3L5X_A_HL,"['EL93F', 'YL94G']",-0.42820003628730774,0.08472061157226562,3L5X_A_HL,2,split_1,"3L5X_A_HL_EL93F,YL94G_1877"
3207,1AO7_ABC_DE,"['PE100A', 'YC5A']",2.406045913696289,2.0838279724121094,1AO7_ABC_DE,2,split_1,"1AO7_ABC_DE_PE100A,YC5A_1397"
3208,1FC2_C_D,['QC28K'],0.17043781280517578,-0.061767578125,1FC2_C_D,1,split_1,1FC2_C_D_QC28K_288
3209,1AO7_ABC_DE,['TA163A'],0.5292381048202515,0.1648101806640625,1AO7_ABC_DE,1,split_1,1AO7_ABC_DE_TA163A_1465
3210,1BD2_ABC_DE,['DD30N'],1.9193298816680908,-0.3820381164550781,1BD2_ABC_DE,1,split_1,1BD2_ABC_DE_DD30N_1218
3211,1XD3_A_B,['DB58A'],-0.2402186095714569,0.604583740234375,1XD3_A_B,1,split_1,1XD3_A_B_DB58A_299
3212,3BT1_A_U,['NU160Q'],0.39101532101631165,0.18534088134765625,3BT1_A_U,1,split_1,3BT1_A_U_NU160Q_1719
3213,1BJ1_HL_VW,"['HH101Y', 'YH103I', 'GH104A', 'SH105K']",-0.4314463436603546,-0.245758056640625,1BJ1_HL_VW,4,split_1,"1BJ1_HL_VW_HH101Y,YH103I,GH104A,SH105K_1930"
3214,1B41_A_B,['LB35W'],1.3045446872711182,1.1314773559570312,1B41_A_B,1,split_1,1B41_A_B_LB35W_1212
3215,3SGB_E_I,['YI14M'],2.002784252166748,3.0880203247070312,3SGB_E_I,1,split_1,3SGB_E_I_YI14M_789
3216,1XD3_A_B,['KB27R'],0.26598143577575684,0.19916152954101562,1XD3_A_B,1,split_1,1XD3_A_B_KB27R_303
3217,1SBB_A_B,['VB26Y'],-1.4554979801177979,-0.27217864990234375,1SBB_A_B,1,split_1,1SBB_A_B_VB26Y_118
3218,1JRH_LH_I,['GI40A'],4.3771071434021,0.45468902587890625,1JRH_LH_I,1,split_1,1JRH_LH_I_GI40A_866
3219,3SE9_HL_G,['DH77A'],-0.7541710138320923,0.8791389465332031,3SE9_HL_G,1,split_1,3SE9_HL_G_DH77A_1822
3220,3NGB_HL_G,['TH33Y'],0.08423155546188354,-1.3126182556152344,3NGB_HL_G,1,split_1,3NGB_HL_G_TH33Y_1571
3221,3SGB_E_I,"['PI8S', 'AI9L', 'TI11K', 'LI12R']",4.974817752838135,6.4402313232421875,3SGB_E_I,4,split_1,"3SGB_E_I_PI8S,AI9L,TI11K,LI12R_999"
3222,3BT1_A_U,['DU22A'],0.23156951367855072,0.47859954833984375,3BT1_A_U,1,split_1,3BT1_A_U_DU22A_1595
3223,1FC2_C_D,['KC3D'],1.0615314245224,0.18956375122070312,1FC2_C_D,1,split_1,1FC2_C_D_KC3D_292
3224,4P5T_CD_AB,['LC61A'],1.009981393814087,1.2398262023925781,4P5T_CD_AB,1,split_1,4P5T_CD_AB_LC61A_2128
3225,4NKQ_C_AB,"['IB179A', 'LB180A']",0.2402186095714569,1.7221794128417969,4NKQ_C_AB,2,split_1,"4NKQ_C_AB_IB179A,LB180A_1721"
3226,3BT1_A_U,['EU132A'],-0.1619131714105606,0.628326416015625,3BT1_A_U,1,split_1,3BT1_A_U_EU132A_1694
3227,1AO7_ABC_DE,['DD26W'],-1.0804502964019775,-1.7247047424316406,1AO7_ABC_DE,1,split_1,1AO7_ABC_DE_DD26W_1497
3228,1AO7_ABC_DE,"['PE100A', 'QA155A']",0.9303608536720276,0.4781646728515625,1AO7_ABC_DE,2,split_1,"1AO7_ABC_DE_PE100A,QA155A_1406"
3229,1VFB_AB_C,['RB99Y'],1.2359321117401123,-0.0592041015625,1VFB_AB_C,1,split_1,1VFB_AB_C_RB99Y_106
3230,3BT1_A_U,['VU14A'],0.28166571259498596,0.21399688720703125,3BT1_A_U,1,split_1,3BT1_A_U_VU14A_1588
3231,4NKQ_C_AB,['NC4E'],-0.39057138562202454,-0.12290191650390625,4NKQ_C_AB,1,split_1,4NKQ_C_AB_NC4E_1732
3232,1DAN_HL_UT,"['SU101A', 'RU102A']",0.6385655999183655,2.945850372314453,1DAN_HL_UT,2,split_1,"1DAN_HL_UT_SU101A,RU102A_1008"
3233,3MZG_A_B,['HA167A'],-0.6862740516662598,1.4465255737304688,3MZG_A_B,1,split_1,3MZG_A_B_HA167A_709
3234,1FC2_C_D,['KC31A'],1.526620626449585,1.1255989074707031,1FC2_C_D,1,split_1,1FC2_C_D_KC31A_280
3235,1HE8_A_B,"['KA80V', 'EA606A']",0.45456182956695557,0.17478179931640625,1HE8_A_B,2,split_1,"1HE8_A_B_KA80V,EA606A_510"
3236,5XCO_A_B,['YB8A'],1.3641711473464966,2.31622314453125,5XCO_A_B,1,split_1,5XCO_A_B_YB8A_2303
3237,1AO7_ABC_DE,['ND52A'],0.3549194037914276,0.33574676513671875,1AO7_ABC_DE,1,split_1,1AO7_ABC_DE_ND52A_1347
3238,1JRH_LH_I,['YH60A'],1.2561542987823486,1.1991500854492188,1JRH_LH_I,1,split_1,1JRH_LH_I_YH60A_830
3239,1SBB_A_B,['VB26Y'],-0.9060932397842407,-0.2721900939941406,1SBB_A_B,1,split_1,1SBB_A_B_VB26Y_121
3240,3WWN_A_B,['RA221E'],-0.33671388030052185,0.40779876708984375,3WWN_A_B,1,split_1,3WWN_A_B_RA221E_1952
3241,4GNK_A_B,['KA294A'],0.09897152334451675,1.5982093811035156,4GNK_A_B,1,split_1,4GNK_A_B_KA294A_2101
3242,3SGB_E_I,['TI11L'],2.471339225769043,1.6313323974609375,3SGB_E_I,1,split_1,3SGB_E_I_TI11L_710
3243,3SZK_AB_C,['DC48A'],0.20430143177509308,0.22454452514648438,3SZK_AB_C,1,split_1,3SZK_AB_C_DC48A_1184
3244,5XCO_A_B,['IB9A'],2.7973828315734863,1.9438896179199219,5XCO_A_B,1,split_1,5XCO_A_B_IB9A_2304
3245,2J0T_A_D,"['TD2L', 'VD4S']",3.4705440998077393,0.06157684326171875,2J0T_A_D,2,split_1,"2J0T_A_D_TD2L,VD4S_262"
3246,3BE1_HL_A,"['DL28N', 'PL30A', 'RL31K', 'SL32T', 'YL57F', 'TL97S', 'TL98S', 'KH30S', 'DH31G', 'TH54S', 'NH55E', 'GH100V', 'DH102V']",-2.8837804794311523,-2.305774688720703,3BE1_HL_A,13,split_1,"3BE1_HL_A_DL28N,PL30A,RL31K,SL32T,YL57F,TL97S,TL98S,KH30S,DH31G,TH54S,NH55E,GH100V,DH102V_1531"
3247,3BT1_A_U,['LU180A'],0.6719609498977661,0.6153144836425781,3BT1_A_U,1,split_1,3BT1_A_U_LU180A_1735
3248,2BDN_HL_A,['YL30K'],0.6750600934028625,-0.3679313659667969,2BDN_HL_A,1,split_1,2BDN_HL_A_YL30K_1548
3249,1AO7_ABC_DE,"['SD31A', 'YC5F']",-0.04054573178291321,0.24628448486328125,1AO7_ABC_DE,2,split_1,"1AO7_ABC_DE_SD31A,YC5F_1340"
3250,1BJ1_HL_VW,"['HH101Y', 'YH103R', 'GH104D', 'SH105N']",-0.995850682258606,-0.7924995422363281,1BJ1_HL_VW,4,split_1,"1BJ1_HL_VW_HH101Y,YH103R,GH104D,SH105N_1943"
3251,1JRH_LH_I,['RI74A'],-0.24642235040664673,0.7749824523925781,1JRH_LH_I,1,split_1,1JRH_LH_I_RI74A_859
3252,3SGB_E_I,"['KI7T', 'PI8E', 'AI9Y', 'LI12G', 'RI15M', 'GI26P', 'NI30V']",1.8472059965133667,4.060295104980469,3SGB_E_I,7,split_1,"3SGB_E_I_KI7T,PI8E,AI9Y,LI12G,RI15M,GI26P,NI30V_1885"
3253,1AO7_ABC_DE,['QA155A'],0.4208890199661255,0.23950576782226562,1AO7_ABC_DE,1,split_1,1AO7_ABC_DE_QA155A_1405
3254,3SGB_E_I,"['EI4D', 'AI9V', 'EI13D', 'RI15M', 'GI26S', 'EI37D', 'LI42I', 'KI49R']",1.0863780975341797,1.0588836669921875,3SGB_E_I,8,split_1,"3SGB_E_I_EI4D,AI9V,EI13D,RI15M,GI26S,EI37D,LI42I,KI49R_1161"
3255,1AO7_ABC_DE,"['AE96M', 'GE97S', 'GE98A']",-3.544039249420166,-1.7227554321289062,1AO7_ABC_DE,3,split_1,"1AO7_ABC_DE_AE96M,GE97S,GE98A_1538"
3256,1DAN_HL_UT,"['TU103A', 'VU104A']",-0.14902915060520172,0.7946548461914062,1DAN_HL_UT,2,split_1,"1DAN_HL_UT_TU103A,VU104A_1006"
3257,1AO7_ABC_DE,['PE100A'],1.149296522140503,0.0450897216796875,1AO7_ABC_DE,1,split_1,1AO7_ABC_DE_PE100A_1395
3258,3BP8_A_C,['AC51F'],0.6154942512512207,-0.8944892883300781,3BP8_A_C,1,split_1,3BP8_A_C_AC51F_79
3259,1AO7_ABC_DE,['RD27A'],0.5465116500854492,1.1153488159179688,1AO7_ABC_DE,1,split_1,1AO7_ABC_DE_RD27A_1316
3260,2AW2_A_B,['VB35A'],1.0963916778564453,0.24468612670898438,2AW2_A_B,1,split_1,2AW2_A_B_VB35A_1843
3261,1AO7_ABC_DE,['QA155A'],-0.10445237159729004,0.239501953125,1AO7_ABC_DE,1,split_1,1AO7_ABC_DE_QA155A_1345
3262,3SGB_E_I,"['KI7S', 'PI8D', 'AI9Y']",-4.137707710266113,-1.9210853576660156,3SGB_E_I,3,split_1,"3SGB_E_I_KI7S,PI8D,AI9Y_1886"
3263,1DAN_HL_UT,"['KU107A', 'DU110A']",0.042667556554079056,2.5215835571289062,1DAN_HL_UT,2,split_1,"1DAN_HL_UT_KU107A,DU110A_1004"
3264,2B0U_AB_C,['FC52A'],0.0,1.6436233520507812,2B0U_AB_C,1,split_1,2B0U_AB_C_FC52A_1331
3265,3SE9_HL_G,['YH104A'],0.45625215768814087,1.6464042663574219,3SE9_HL_G,1,split_1,3SE9_HL_G_YH104A_1823
3266,1DQJ_AB_C,"['WB98A', 'YC20A']",5.114386558532715,6.067840576171875,1DQJ_AB_C,2,split_1,"1DQJ_AB_C_WB98A,YC20A_368"
3267,3NPS_A_BC,['QA169A'],0.7412393689155579,0.219024658203125,3NPS_A_BC,1,split_1,3NPS_A_BC_QA169A_559
3268,2VLN_A_B,['AB75N'],-2.3355860710144043,-2.2160263061523438,2VLN_A_B,1,split_1,2VLN_A_B_AB75N_130
3269,4HSA_AB_C,['HA59S'],-0.12264595180749893,0.04146575927734375,4HSA_AB_C,1,split_1,4HSA_AB_C_HA59S_1962
3270,1C4Z_ABC_D,['ED57R'],0.06714180111885071,1.450042724609375,1C4Z_ABC_D,1,split_1,1C4Z_ABC_D_ED57R_1904
3271,3SE8_HL_G,['RH30A'],-0.03886324167251587,0.8401260375976562,3SE8_HL_G,1,split_1,3SE8_HL_G_RH30A_2231
3272,5CXB_A_B,['RB54A'],0.5644043684005737,0.3787994384765625,5CXB_A_B,1,split_1,5CXB_A_B_RB54A_2197
3273,1CBW_FGH_I,['KI15G'],4.156491279602051,6.5771484375,1CBW_FGH_I,1,split_1,1CBW_FGH_I_KI15G_603
3274,1DAN_HL_UT,['RU41A'],0.0,0.7835617065429688,1DAN_HL_UT,1,split_1,1DAN_HL_UT_RU41A_597
3275,3BT1_A_U,['MU244A'],0.12702755630016327,0.4395599365234375,3BT1_A_U,1,split_1,3BT1_A_U_MU244A_1793
3276,3BT1_A_U,['GU20A'],0.0,0.17021560668945312,3BT1_A_U,1,split_1,3BT1_A_U_GU20A_1593
3277,1C4Z_ABC_D,['QA141A'],-0.38742002844810486,0.3191070556640625,1C4Z_ABC_D,1,split_1,1C4Z_ABC_D_QA141A_1920
3278,3SGB_E_I,['GI26P'],1.0968642234802246,1.2372055053710938,3SGB_E_I,1,split_1,3SGB_E_I_GI26P_937
3279,3SE9_HL_G,['WH51A'],1.2552056312561035,2.4667930603027344,3SE9_HL_G,1,split_1,3SE9_HL_G_WH51A_1811
3280,1JRH_LH_I,['WI72Y'],1.2411547899246216,-0.3280754089355469,1JRH_LH_I,1,split_1,1JRH_LH_I_WI72Y_877
3281,3BT1_A_U,['EU206A'],-0.11319105327129364,0.10758590698242188,3BT1_A_U,1,split_1,3BT1_A_U_EU206A_1758
3282,3SGB_E_I,['GI26A'],1.3641711473464966,1.7066535949707031,3SGB_E_I,1,split_1,3SGB_E_I_GI26A_1125
3283,5UFQ_A_C,['DA12G'],1.3788002729415894,0.5878257751464844,5UFQ_A_C,1,split_1,5UFQ_A_C_DA12G_2329
3284,3BT1_A_U,['NU155A'],0.6016620397567749,0.3362846374511719,3BT1_A_U,1,split_1,3BT1_A_U_NU155A_1714
3285,1VFB_AB_C,['DC119A'],0.9535146951675415,-0.2809257507324219,1VFB_AB_C,1,split_1,1VFB_AB_C_DC119A_585
3286,3SE9_HL_G,['EL90A'],0.4106564223766327,0.45006561279296875,3SE9_HL_G,1,split_1,3SE9_HL_G_EL90A_1832
3287,3BTG_E_I,['GI13K'],-12.352226257324219,-11.32229232788086,3BTG_E_I,1,split_1,3BTG_E_I_GI13K_1077
3288,2BNQ_ABC_DE,['VC9C'],0.5019832849502563,0.62939453125,2BNQ_ABC_DE,1,split_1,2BNQ_ABC_DE_VC9C_1275
3289,1AO7_ABC_DE,"['DD26W', 'GD28M', 'SD51M', 'SD94T']",-1.0787051916122437,-2.0621566772460938,1AO7_ABC_DE,4,split_1,"1AO7_ABC_DE_DD26W,GD28M,SD51M,SD94T_1534"
3290,4P5T_CD_AB,['ED2A'],1.0615314245224,0.5064239501953125,4P5T_CD_AB,1,split_1,4P5T_CD_AB_ED2A_2137
3291,1C4Z_ABC_D,['LD30A'],-0.343514621257782,1.5743446350097656,1C4Z_ABC_D,1,split_1,1C4Z_ABC_D_LD30A_1900
3292,1VFB_AB_C,['NC19A'],0.3962641656398773,0.5920944213867188,1VFB_AB_C,1,split_1,1VFB_AB_C_NC19A_580
3293,3SZK_AB_C,['YC41A'],2.982339382171631,1.6512947082519531,3SZK_AB_C,1,split_1,3SZK_AB_C_YC41A_1171
3294,1AO7_ABC_DE,"['DD26W', 'GD28T', 'SD51M', 'SD94T']",-1.2376387119293213,-1.7516441345214844,1AO7_ABC_DE,4,split_1,"1AO7_ABC_DE_DD26W,GD28T,SD51M,SD94T_1535"
3295,1AO7_ABC_DE,['YC5A'],1.3831615447998047,2.222789764404297,1AO7_ABC_DE,1,split_1,1AO7_ABC_DE_YC5A_1399
3296,1FFW_A_B,['VA107M'],1.1313122510910034,0.19041824340820312,1FFW_A_B,1,split_1,1FFW_A_B_VA107M_525
3297,5E6P_A_B,['AA494E'],1.1179981231689453,-0.8246688842773438,5E6P_A_B,1,split_1,5E6P_A_B_AA494E_2256
3298,3BT1_A_U,['RU2A'],0.09499531984329224,0.6881294250488281,3BT1_A_U,1,split_1,3BT1_A_U_RU2A_1579
3299,1AO7_ABC_DE,['AA150P'],1.0039665699005127,0.035663604736328125,1AO7_ABC_DE,1,split_1,1AO7_ABC_DE_AA150P_1420
3300,3L5X_A_HL,"['HL91Q', 'NL92D', 'EL93L', 'YL94G']",-1.7859313488006592,1.35711669921875,3L5X_A_HL,4,split_1,"3L5X_A_HL_HL91Q,NL92D,EL93L,YL94G_1844"
3301,3BT1_A_U,['RU87A'],0.2402186095714569,0.3858757019042969,3BT1_A_U,1,split_1,3BT1_A_U_RU87A_1655
3302,1VFB_AB_C,['QC121A'],2.878286361694336,-0.19731903076171875,1VFB_AB_C,1,split_1,1VFB_AB_C_QC121A_587
3303,2PCC_A_B,['EA290A'],6.202554702758789,0.7183494567871094,2PCC_A_B,1,split_1,2PCC_A_B_EA290A_206
3304,3Q8D_A_E,['RA97A'],0.45807787775993347,0.8878517150878906,3Q8D_A_E,1,split_1,3Q8D_A_E_RA97A_1575
3305,1VFB_AB_C,"['WA92A', 'RC125A']",3.3948090076446533,1.177001953125,1VFB_AB_C,2,split_1,"1VFB_AB_C_WA92A,RC125A_605"
3306,5K39_A_B,['IB148A'],2.0530591011047363,1.03424072265625,5K39_A_B,1,split_1,5K39_A_B_IB148A_1863
3307,2AK4_ABC_DE,['EA154A'],0.2349146157503128,0.002704620361328125,2AK4_ABC_DE,1,split_1,2AK4_ABC_DE_EA154A_1263
3308,2B2X_HL_A,"['VH50T', 'EH64K', 'QL28S', 'YL52D']",1.5446677207946777,0.7342453002929688,2B2X_HL_A,4,split_1,"2B2X_HL_A_VH50T,EH64K,QL28S,YL52D_1416"
3309,1VFB_AB_C,['RB99W'],0.7052898406982422,-0.408416748046875,1VFB_AB_C,1,split_1,1VFB_AB_C_RB99W_107
3310,4P5T_CD_AB,['PD73A'],0.0,-0.3976860046386719,4P5T_CD_AB,1,split_1,4P5T_CD_AB_PD73A_2149
3311,1BJ1_HL_VW,"['LH72V', 'TH74V']",0.6709600687026978,0.2925453186035156,1BJ1_HL_VW,2,split_1,"1BJ1_HL_VW_LH72V,TH74V_1935"
3312,5XCO_A_B,"['DA13C', 'PB13A']",1.7475835084915161,1.8935813903808594,5XCO_A_B,2,split_1,"5XCO_A_B_DA13C,PB13A_2317"
3313,1B41_A_B,"['TB8V', 'TB9I']",0.39468640089035034,-0.13766098022460938,1B41_A_B,2,split_1,"1B41_A_B_TB8V,TB9I_1197"
3314,1AO7_ABC_DE,['WD95A'],2.224470615386963,1.6373329162597656,1AO7_ABC_DE,1,split_1,1AO7_ABC_DE_WD95A_1368
3315,1B41_A_B,['TB9I'],0.024689070880413055,-0.32305145263671875,1B41_A_B,1,split_1,1B41_A_B_TB9I_1195
3316,1CBW_FGH_I,['KI15S'],3.4258387088775635,6.116455078125,1CBW_FGH_I,1,split_1,1CBW_FGH_I_KI15S_605
3317,2B2X_HL_A,['EH64K'],-0.15706361830234528,-0.14759445190429688,2B2X_HL_A,1,split_1,2B2X_HL_A_EH64K_1377
3318,1DAN_HL_UT,['QT32A'],0.5466929078102112,-0.21390533447265625,1DAN_HL_UT,1,split_1,1DAN_HL_UT_QT32A_1058
3319,2J0T_A_D,['TD2R'],5.046028137207031,0.9623489379882812,2J0T_A_D,1,split_1,2J0T_A_D_TD2R_264
3320,1C4Z_ABC_D,['IA159A'],0.4106564223766327,1.036590576171875,1C4Z_ABC_D,1,split_1,1C4Z_ABC_D_IA159A_1931
3321,3SE9_HL_G,['TH56A'],-0.8454979062080383,0.5852508544921875,3SE9_HL_G,1,split_1,3SE9_HL_G_TH56A_1813
3322,3MZW_A_B,"['NB1A', 'NB18T']",0.34248337149620056,0.007472991943359375,3MZW_A_B,2,split_1,"3MZW_A_B_NB1A,NB18T_1545"
3323,3QDG_ABC_DE,"['DD26Y', 'LE95W']",-3.5434513092041016,-1.797149658203125,3QDG_ABC_DE,2,split_1,"3QDG_ABC_DE_DD26Y,LE95W_1312"
3324,3SZK_AB_C,['DC51A'],0.20430143177509308,1.0713958740234375,3SZK_AB_C,1,split_1,3SZK_AB_C_DC51A_1185
3325,1BD2_ABC_DE,"['YE99A', 'YC5F']",0.8948648571968079,0.6613616943359375,1BD2_ABC_DE,2,split_1,"1BD2_ABC_DE_YE99A,YC5F_1226"
3326,1C4Z_ABC_D,['CA324A'],0.10801676660776138,0.7096138000488281,1C4Z_ABC_D,1,split_1,1C4Z_ABC_D_CA324A_1940
3327,3NGB_HL_G,['DH103A'],0.058909811079502106,0.9277076721191406,3NGB_HL_G,1,split_1,3NGB_HL_G_DH103A_2220
3328,1F47_A_B,['PA9A'],-0.05756485462188721,1.9010086059570312,1F47_A_B,1,split_1,1F47_A_B_PA9A_799
3329,3SGB_E_I,['KI7A'],-2.572140693664551,-0.4921379089355469,3SGB_E_I,1,split_1,3SGB_E_I_KI7A_895
3330,1HE8_A_B,"['KA80V', 'KA108E']",2.162247657775879,2.190959930419922,1HE8_A_B,2,split_1,"1HE8_A_B_KA80V,KA108E_503"
3331,3SGB_E_I,['EI13K'],0.1687806099653244,3.133960723876953,3SGB_E_I,1,split_1,3SGB_E_I_EI13K_754
3332,1AO7_ABC_DE,"['PE100A', 'YC5A']",1.9248974323272705,2.0838356018066406,1AO7_ABC_DE,2,split_1,"1AO7_ABC_DE_PE100A,YC5A_1400"
3333,3BT1_A_U,['NU9A'],0.3052099347114563,0.06055450439453125,3BT1_A_U,1,split_1,3BT1_A_U_NU9A_1584
3334,1AO7_ABC_DE,"['AE96M', 'GE97S', 'GE98A']",-3.549654960632324,-1.7227630615234375,1AO7_ABC_DE,3,split_1,"1AO7_ABC_DE_AE96M,GE97S,GE98A_1417"
3335,1VFB_AB_C,['YB32E'],1.903039813041687,0.59002685546875,1VFB_AB_C,1,split_1,1VFB_AB_C_YB32E_103
3336,4NKQ_C_AB,['RB178D'],-0.2906705141067505,0.20258712768554688,4NKQ_C_AB,1,split_1,4NKQ_C_AB_RB178D_1709
3337,3SE8_HL_G,['GH56A'],0.35136178135871887,-0.1042327880859375,3SE8_HL_G,1,split_1,3SE8_HL_G_GH56A_2237
3338,4G2V_A_B,['NA260R'],0.22198787331581116,0.5787010192871094,4G2V_A_B,1,split_1,4G2V_A_B_NA260R_1000
3339,1JRH_LH_I,['SI44A'],0.45807787775993347,0.17803192138671875,1JRH_LH_I,1,split_1,1JRH_LH_I_SI44A_870
3340,5XCO_A_B,"['DA13G', 'SB10A']",2.791428565979004,0.5272369384765625,5XCO_A_B,2,split_1,"5XCO_A_B_DA13G,SB10A_2323"
3341,3SZK_AB_C,['GC122A'],0.37473925948143005,0.5918121337890625,3SZK_AB_C,1,split_1,3SZK_AB_C_GC122A_1180
3342,2J0T_A_D,"['TD2L', 'VD4S', 'SD68A']",5.2862467765808105,-0.00592041015625,2J0T_A_D,3,split_1,"2J0T_A_D_TD2L,VD4S,SD68A_263"
3343,3MZG_A_B,['HA84A'],0.20338982343673706,0.5516204833984375,3MZG_A_B,1,split_1,3MZG_A_B_HA84A_681
3344,2FTL_E_I,['RI39A'],4.092513084411621,4.007457733154297,2FTL_E_I,1,split_1,2FTL_E_I_RI39A_279
3345,3MZG_A_B,['HA167A'],2.2031702995300293,1.4465141296386719,3MZG_A_B,1,split_1,3MZG_A_B_HA167A_742
3346,1TM4_E_I,['GI40M'],-2.232905387878418,-2.3801231384277344,1TM4_E_I,1,split_1,1TM4_E_I_GI40M_1
3347,1LP9_ABC_EF,['KA66A'],1.1528583765029907,1.8044586181640625,1LP9_ABC_EF,1,split_1,1LP9_ABC_EF_KA66A_1429
3348,1XD3_A_B,['KB11R'],1.4024070501327515,0.3657646179199219,1XD3_A_B,1,split_1,1XD3_A_B_KB11R_302
3349,1AO7_ABC_DE,['YC5A'],1.562010407447815,2.2227935791015625,1AO7_ABC_DE,1,split_1,1AO7_ABC_DE_YC5A_1387
3350,1DAN_HL_UT,['KT15A'],2.5879082679748535,0.7121734619140625,1DAN_HL_UT,1,split_1,1DAN_HL_UT_KT15A_1066
3351,1AO7_ABC_DE,['RD27A'],0.4344104528427124,1.1153526306152344,1AO7_ABC_DE,1,split_1,1AO7_ABC_DE_RD27A_1317
3352,2J0T_A_D,['TD2S'],1.5944323539733887,0.2525291442871094,2J0T_A_D,1,split_1,2J0T_A_D_TD2S_265
3353,1VFB_AB_C,['SB28E'],-0.10405386239290237,0.22123336791992188,1VFB_AB_C,1,split_1,1VFB_AB_C_SB28E_99
3354,3BT1_A_U,['EU15A'],0.11654140055179596,0.12154388427734375,3BT1_A_U,1,split_1,3BT1_A_U_EU15A_1589
3355,1DQJ_AB_C,['YA50A'],2.6794981956481934,3.843463897705078,1DQJ_AB_C,1,split_1,1DQJ_AB_C_YA50A_348
3356,1JRH_LH_I,['KI42A'],3.7898736000061035,0.19659042358398438,1JRH_LH_I,1,split_1,1JRH_LH_I_KI42A_868
3357,1C4Z_ABC_D,['AD56G'],0.5660946369171143,0.13984298706054688,1C4Z_ABC_D,1,split_1,1C4Z_ABC_D_AD56G_1902
3358,2AJF_A_E,['FE38S'],-0.08225392550230026,1.8181877136230469,2AJF_A_E,1,split_1,2AJF_A_E_FE38S_276
3359,1AO7_ABC_DE,"['GD28M', 'SD51M', 'SD94T']",-2.126458168029785,-0.4941558837890625,1AO7_ABC_DE,3,split_1,"1AO7_ABC_DE_GD28M,SD51M,SD94T_1530"
3360,3BP8_A_C,"['FA115A', 'AC51F']",-0.7745522260665894,1.1205329895019531,3BP8_A_C,2,split_1,"3BP8_A_C_FA115A,AC51F_80"
3361,1DQJ_AB_C,['KC96A'],6.158576488494873,6.143196105957031,1DQJ_AB_C,1,split_1,1DQJ_AB_C_KC96A_342
3362,3BT1_A_U,['KU167A'],0.28166571259498596,0.376983642578125,3BT1_A_U,1,split_1,3BT1_A_U_KU167A_1726
3363,1JRH_LH_I,['WI46F'],0.15162824094295502,0.2541542053222656,1JRH_LH_I,1,split_1,1JRH_LH_I_WI46F_872
3364,3BT1_A_U,['TU8A'],0.17684276401996613,0.4813079833984375,3BT1_A_U,1,split_1,3BT1_A_U_TU8A_1583
3365,1JRH_LH_I,['WI72F'],1.0974485874176025,0.39003753662109375,1JRH_LH_I,1,split_1,1JRH_LH_I_WI72F_876
3366,3LZF_AB_HL,"['DA187E', 'DA222G']",0.12744316458702087,2.535503387451172,3LZF_AB_HL,2,split_1,"3LZF_AB_HL_DA187E,DA222G_1193"
3367,1DAN_HL_UT,['TU42A'],0.0,2.2812042236328125,1DAN_HL_UT,1,split_1,1DAN_HL_UT_TU42A_598
3368,1VFB_AB_C,['RB99A'],-0.09977996349334717,2.1139678955078125,1VFB_AB_C,1,split_1,1VFB_AB_C_RB99A_93
3369,3QDG_ABC_DE,['FE97Y'],1.3945599794387817,0.5623016357421875,3QDG_ABC_DE,1,split_1,3QDG_ABC_DE_FE97Y_1310
3370,1AO7_ABC_DE,['QA72A'],0.35666170716285706,0.10677719116210938,1AO7_ABC_DE,1,split_1,1AO7_ABC_DE_QA72A_1408
3371,3MZW_A_B,"['NB18T', 'DB32E']",0.21388307213783264,-0.016582489013671875,3MZW_A_B,2,split_1,"3MZW_A_B_NB18T,DB32E_1555"
3372,3SGB_E_I,"['AI9T', 'LI12M']",0.47637805342674255,0.5307579040527344,3SGB_E_I,2,split_1,"3SGB_E_I_AI9T,LI12M_1135"
3373,4L0P_A_B,['TA76Q'],1.472187876701355,0.2292633056640625,4L0P_A_B,1,split_1,4L0P_A_B_TA76Q_1890
3374,2PCC_A_B,"['KB77A', 'EA290A']",1.102177381515503,1.9743232727050781,2PCC_A_B,2,split_1,"2PCC_A_B_KB77A,EA290A_212"
3375,3SGB_E_I,"['AI9R', 'TI11K', 'LI12R', 'EI13S']",7.194701671600342,10.592002868652344,3SGB_E_I,4,split_1,"3SGB_E_I_AI9R,TI11K,LI12R,EI13S_1000"
3376,1VFB_AB_C,['DB58N'],-0.12823893129825592,0.2567481994628906,1VFB_AB_C,1,split_1,1VFB_AB_C_DB58N_104
3377,3SZK_AB_C,['YC40A'],2.9048476219177246,2.1872901916503906,3SZK_AB_C,1,split_1,3SZK_AB_C_YC40A_1170
3378,1VFB_AB_C,['DB54A'],0.6389058828353882,3.4930458068847656,1VFB_AB_C,1,split_1,1VFB_AB_C_DB54A_89
3379,4P5T_CD_AB,['ED77A'],1.009981393814087,0.7894554138183594,4P5T_CD_AB,1,split_1,4P5T_CD_AB_ED77A_2152
3380,3N0P_A_B,['AA17H'],0.22198787331581116,-0.4600715637207031,3N0P_A_B,1,split_1,3N0P_A_B_AA17H_758
3381,1P69_A_B,['SA15P'],0.793380618095398,1.2246932983398438,1P69_A_B,1,split_1,1P69_A_B_SA15P_1022
3382,2B2X_HL_A,['VH50T'],0.09016634523868561,0.14997100830078125,2B2X_HL_A,1,split_1,2B2X_HL_A_VH50T_1378
3383,1E96_A_B,['LA134R'],-0.12744316458702087,1.3123970031738281,1E96_A_B,1,split_1,1E96_A_B_LA134R_76
3384,3MZW_A_B,['NB18A'],0.025214528664946556,0.6323814392089844,3MZW_A_B,1,split_1,3MZW_A_B_NB18A_1543
3385,1MQ8_A_B,"['CB32L', 'CB170F', 'LB160C', 'KB165C']",3.7200927734375,-0.5565032958984375,1MQ8_A_B,4,split_1,"1MQ8_A_B_CB32L,CB170F,LB160C,KB165C_237"
3386,1AO7_ABC_DE,"['EA63Q', 'KA66A']",1.3316361904144287,1.2458763122558594,1AO7_ABC_DE,2,split_1,"1AO7_ABC_DE_EA63Q,KA66A_1333"
3387,1B41_A_B,['MB33Y'],0.70695960521698,1.1669502258300781,1B41_A_B,1,split_1,1B41_A_B_MB33Y_1210
3388,3HG1_ABC_DE,"['SE50W', 'VE51G', 'GE52P', 'IE53F', 'GE99N', 'TE100L', 'EE102G', 'LE103W']",-2.980065107345581,-0.9104537963867188,3HG1_ABC_DE,8,split_1,"3HG1_ABC_DE_SE50W,VE51G,GE52P,IE53F,GE99N,TE100L,EE102G,LE103W_1283"
3389,1SMF_E_I,['II5A'],3.5114190578460693,0.21976470947265625,1SMF_E_I,1,split_1,1SMF_E_I_II5A_1074
3390,3SE8_HL_G,['PH81A'],-0.06978079676628113,0.4383049011230469,3SE8_HL_G,1,split_1,3SE8_HL_G_PH81A_2247
3391,3MZW_A_B,['NB18T'],-0.14522328972816467,-0.3794403076171875,3MZW_A_B,1,split_1,3MZW_A_B_NB18T_1541
3392,1MI5_ABC_DE,['LD90A'],1.2319692373275757,0.27800750732421875,1MI5_ABC_DE,1,split_1,1MI5_ABC_DE_LD90A_1095
3393,3SGB_E_I,['NI30C'],0.3497045636177063,0.6106758117675781,3SGB_E_I,1,split_1,3SGB_E_I_NI30C_973
3394,1C4Z_ABC_D,['SA164A'],-0.4106564223766327,0.4192848205566406,1C4Z_ABC_D,1,split_1,1C4Z_ABC_D_SA164A_1934
3395,4P5T_CD_AB,['VC66A'],0.8687343001365662,0.9438667297363281,4P5T_CD_AB,1,split_1,4P5T_CD_AB_VC66A_2131
3396,3SGB_E_I,['GI26M'],2.7940638065338135,2.662403106689453,3SGB_E_I,1,split_1,3SGB_E_I_GI26M_940
3397,1HE8_A_B,"['KA80V', 'RA83A']",1.897843837738037,0.8463478088378906,1HE8_A_B,2,split_1,"1HE8_A_B_KA80V,RA83A_499"
3398,1FC2_C_D,['NC24A'],0.6057023406028748,0.5296707153320312,1FC2_C_D,1,split_1,1FC2_C_D_NC24A_277
3399,3MZG_A_B,"['HA167A', 'HB188A']",1.3352652788162231,2.4977035522460938,3MZG_A_B,2,split_1,"3MZG_A_B_HA167A,HB188A_748"
3400,3SGB_E_I,['YI14N'],3.158531904220581,4.80517578125,3SGB_E_I,1,split_1,3SGB_E_I_YI14N_790
3401,1VFB_AB_C,['SB28D'],0.0,-0.0314483642578125,1VFB_AB_C,1,split_1,1VFB_AB_C_SB28D_98
3402,3HG1_ABC_DE,"['SE50Y', 'VE51G', 'GE52P', 'IE53F']",-1.5820304155349731,-0.5246200561523438,3HG1_ABC_DE,4,split_1,"3HG1_ABC_DE_SE50Y,VE51G,GE52P,IE53F_1276"
3403,1DAN_HL_UT,['WT40F'],1.2705957889556885,-0.2835731506347656,1DAN_HL_UT,1,split_1,1DAN_HL_UT_WT40F_1053
3404,3BT1_A_U,['PU216A'],-0.11319105327129364,-0.11901092529296875,3BT1_A_U,1,split_1,3BT1_A_U_PU216A_1767
3405,1AO7_ABC_DE,['EA55A'],0.8556438088417053,-0.21976470947265625,1AO7_ABC_DE,1,split_1,1AO7_ABC_DE_EA55A_1440
3406,1CBW_FGH_I,['II19A'],0.09961305558681488,0.823699951171875,1CBW_FGH_I,1,split_1,1CBW_FGH_I_II19A_580
3407,4P5T_CD_AB,['NC63A'],1.496372938156128,1.408843994140625,4P5T_CD_AB,1,split_1,4P5T_CD_AB_NC63A_2130
3408,1JRH_LH_I,['DH56A'],1.88694429397583,2.1009140014648438,1JRH_LH_I,1,split_1,1JRH_LH_I_DH56A_827
3409,1CBW_FGH_I,['KI15L'],-1.5974150896072388,4.021129608154297,1CBW_FGH_I,1,split_1,1CBW_FGH_I_KI15L_612
3410,1JRH_LH_I,"['SI61Y', 'DI62E', 'HI63Q', 'VI64I', 'GI65M', 'DI66Y', 'SI68D', 'NI69V', 'LI71A']",2.9601571559906006,-1.7974090576171875,1JRH_LH_I,9,split_1,"1JRH_LH_I_SI61Y,DI62E,HI63Q,VI64I,GI65M,DI66Y,SI68D,NI69V,LI71A_812"
3411,3BT1_A_U,['TU46A'],0.46005600690841675,-0.00569915771484375,3BT1_A_U,1,split_1,3BT1_A_U_TU46A_1617
3412,3BT1_A_U,['RU105A'],0.40418148040771484,0.24872970581054688,3BT1_A_U,1,split_1,3BT1_A_U_RU105A_1670
3413,1REW_AB_C,['QC55A'],2.6585614681243896,0.30457305908203125,1REW_AB_C,1,split_1,1REW_AB_C_QC55A_219
3414,3MZG_A_B,['HA14A'],0.3238008916378021,-0.15402603149414062,3MZG_A_B,1,split_1,3MZG_A_B_HA14A_708
3415,1BD2_ABC_DE,['DD30N'],1.9555097818374634,-0.3820457458496094,1BD2_ABC_DE,1,split_1,1BD2_ABC_DE_DD30N_1221
3416,1JRH_LH_I,"['AI93L', 'VI94M']",0.6339466571807861,-0.5062484741210938,1JRH_LH_I,2,split_1,"1JRH_LH_I_AI93L,VI94M_815"
3417,3BT1_A_U,['PU136A'],0.33521392941474915,0.3727912902832031,3BT1_A_U,1,split_1,3BT1_A_U_PU136A_1698
3418,2VLO_A_B,['AB95K'],-1.960514783859253,-1.7729568481445312,2VLO_A_B,1,split_1,2VLO_A_B_AB95K_193
3419,1JRH_LH_I,['YI39F'],1.0276678800582886,-0.5164718627929688,1JRH_LH_I,1,split_1,1JRH_LH_I_YI39F_865
3420,2AK4_ABC_DE,['SD94A'],1.4039890766143799,0.9540596008300781,2AK4_ABC_DE,1,split_1,2AK4_ABC_DE_SD94A_1249
3421,1VFB_AB_C,['RC125A'],1.8377223014831543,0.58251953125,1VFB_AB_C,1,split_1,1VFB_AB_C_RC125A_589
3422,4K71_A_BC,"['MA416V', 'AA418T']",1.2319692373275757,-0.4278564453125,4K71_A_BC,2,split_1,"4K71_A_BC_MA416V,AA418T_1260"
3423,3BT1_A_U,['TU84A'],-0.08280224353075027,0.5853385925292969,3BT1_A_U,1,split_1,3BT1_A_U_TU84A_1652
3424,3BT1_A_U,['YU85A'],0.24874325096607208,1.3235092163085938,3BT1_A_U,1,split_1,3BT1_A_U_YU85A_1653
3425,3SGB_E_I,['LI12T'],3.2047202587127686,3.354888916015625,3SGB_E_I,1,split_1,3SGB_E_I_LI12T_633
3426,3BT1_A_U,['LU166A'],0.7458703517913818,1.1075592041015625,3BT1_A_U,1,split_1,3BT1_A_U_LU166A_1725
3427,2FTL_E_I,['PI13A'],4.092513084411621,1.8518791198730469,2FTL_E_I,1,split_1,2FTL_E_I_PI13A_268
3428,1JRH_LH_I,['WI46Y'],0.016232576221227646,0.06451797485351562,1JRH_LH_I,1,split_1,1JRH_LH_I_WI46Y_854
3429,3NGB_HL_G,['VL1A'],-0.7609419822692871,0.5281600952148438,3NGB_HL_G,1,split_1,3NGB_HL_G_VL1A_2224
3430,3BT1_A_U,['VU70A'],0.14745895564556122,0.30680084228515625,3BT1_A_U,1,split_1,3BT1_A_U_VU70A_1641
3431,1DAN_HL_UT,"['DT56A', 'ET57A']",0.3045600950717926,0.5806236267089844,1DAN_HL_UT,2,split_1,"1DAN_HL_UT_DT56A,ET57A_1043"
3432,3SGB_E_I,['TI11M'],2.0356457233428955,1.8393974304199219,3SGB_E_I,1,split_1,3SGB_E_I_TI11M_712
3433,3Q8D_A_E,['RA209A'],1.3232961893081665,1.1136207580566406,3Q8D_A_E,1,split_1,3Q8D_A_E_RA209A_1568
3434,1MI5_ABC_DE,['GE26A'],-0.2893606722354889,0.18319320678710938,1MI5_ABC_DE,1,split_1,1MI5_ABC_DE_GE26A_1105
3435,3SGB_E_I,"['PI8S', 'AI9R', 'TI11P', 'LI12R']",8.204559326171875,10.515701293945312,3SGB_E_I,4,split_1,"3SGB_E_I_PI8S,AI9R,TI11P,LI12R_1180"
3436,1XD3_A_B,['KB33R'],0.0,0.2850532531738281,1XD3_A_B,1,split_1,1XD3_A_B_KB33R_304
3437,1GC1_G_C,['KC2A'],-0.01668989285826683,0.3174400329589844,1GC1_G_C,1,split_1,1GC1_G_C_KC2A_494
3438,3SGB_E_I,['NI30G'],0.31183531880378723,0.17053985595703125,3SGB_E_I,1,split_1,3SGB_E_I_NI30G_970
3439,3SGB_E_I,['YI14Q'],3.2810475826263428,4.650218963623047,3SGB_E_I,1,split_1,3SGB_E_I_YI14Q_793
3440,3BT1_A_U,['DU122A'],0.7882063388824463,0.865875244140625,3BT1_A_U,1,split_1,3BT1_A_U_DU122A_1684
3441,3L5X_A_HL,"['NL92S', 'EL93W', 'YL94A']",-0.30316370725631714,0.4560203552246094,3L5X_A_HL,3,split_1,"3L5X_A_HL_NL92S,EL93W,YL94A_1878"
3442,3BT1_A_U,['NU159A'],0.3707006871700287,0.36541748046875,3BT1_A_U,1,split_1,3BT1_A_U_NU159A_1718
3443,1JCK_A_B,['TB20A'],1.3232961893081665,1.4773826599121094,1JCK_A_B,1,split_1,1JCK_A_B_TB20A_24
3444,2FTL_E_I,['KI15F'],7.027210712432861,7.391063690185547,2FTL_E_I,1,split_1,2FTL_E_I_KI15F_295
3445,1VFB_AB_C,['SA93A'],0.34327760338783264,0.06831741333007812,1VFB_AB_C,1,split_1,1VFB_AB_C_SA93A_85
3446,1CBW_FGH_I,['TI11A'],0.19993937015533447,0.7826423645019531,1CBW_FGH_I,1,split_1,1CBW_FGH_I_TI11A_575
3447,5XCO_A_B,"['DA13C', 'LB7A']",2.7973828315734863,2.0919265747070312,5XCO_A_B,2,split_1,"5XCO_A_B_DA13C,LB7A_2311"
3448,3MZW_A_B,"['NB18T', 'LB46T']",-0.17908690869808197,-0.2643165588378906,3MZW_A_B,2,split_1,"3MZW_A_B_NB18T,LB46T_1557"
3449,3MZW_A_B,"['NB1E', 'NB18T', 'AB37S', 'AB41S', 'AB49S']",0.28166571259498596,-1.3020782470703125,3MZW_A_B,5,split_1,"3MZW_A_B_NB1E,NB18T,AB37S,AB41S,AB49S_1549"
3450,3BT1_A_U,['PU178A'],-0.2733250856399536,-0.12129974365234375,3BT1_A_U,1,split_1,3BT1_A_U_PU178A_1733
3451,3SGB_E_I,['NI30H'],-0.12480123341083527,0.212432861328125,3SGB_E_I,1,split_1,3SGB_E_I_NI30H_984
3452,3MZG_A_B,['HA33A'],0.17804041504859924,0.058612823486328125,3MZG_A_B,1,split_1,3MZG_A_B_HA33A_669
3453,3SGB_E_I,"['EI4D', 'AI9V', 'TI11S', 'RI15M', 'NI22S', 'GI26S', 'VI36A', 'EI37D']",2.6196630001068115,0.49250030517578125,3SGB_E_I,8,split_1,"3SGB_E_I_EI4D,AI9V,TI11S,RI15M,NI22S,GI26S,VI36A,EI37D_1100"
3454,3SGB_E_I,['EI13M'],-0.18949657678604126,1.9043426513671875,3SGB_E_I,1,split_1,3SGB_E_I_EI13M_751
3455,2NU2_E_I,['RI13L'],-3.366955280303955,-4.803016662597656,2NU2_E_I,1,split_1,2NU2_E_I_RI13L_1019
3456,3MZW_A_B,"['NB1A', 'NB18T', 'SB28K', 'AB37S', 'NB38E', 'AB41S', 'AB49S']",-0.14522328972816467,-3.0264015197753906,3MZW_A_B,7,split_1,"3MZW_A_B_NB1A,NB18T,SB28K,AB37S,NB38E,AB41S,AB49S_1566"
3457,3SGB_E_I,['GI26S'],1.6076903343200684,0.5457305908203125,3SGB_E_I,1,split_1,3SGB_E_I_GI26S_933
3458,3MZW_A_B,"['NB1A', 'NB18T', 'SB28K', 'AB37S', 'AB41S', 'EB42A', 'AB49S']",-0.3854418992996216,-1.1231536865234375,3MZW_A_B,7,split_1,"3MZW_A_B_NB1A,NB18T,SB28K,AB37S,AB41S,EB42A,AB49S_1567"
3459,3SGB_E_I,['AI9P'],0.5527053475379944,3.0214576721191406,3SGB_E_I,1,split_1,3SGB_E_I_AI9P_671
3460,2J0T_A_D,['TD2A'],4.289029121398926,0.35404205322265625,2J0T_A_D,1,split_1,2J0T_A_D_TD2A_269
3461,1JRH_LH_I,['EI35Q'],0.09961305558681488,-0.05596160888671875,1JRH_LH_I,1,split_1,1JRH_LH_I_EI35Q_810
3462,3SGB_E_I,['EI13W'],1.5477023124694824,2.1779632568359375,3SGB_E_I,1,split_1,3SGB_E_I_EI13W_760
3463,4K71_A_BC,"['AA418T', 'GA503E', 'AA545V']",3.1290411949157715,-1.3597068786621094,4K71_A_BC,3,split_1,"4K71_A_BC_AA418T,GA503E,AA545V_1252"
3464,3NGB_HL_G,['EL88A'],1.2987502813339233,0.24098968505859375,3NGB_HL_G,1,split_1,3NGB_HL_G_EL88A_2229
3465,1DQJ_AB_C,"['SA91A', 'RC21A']",3.172151565551758,3.780712127685547,1DQJ_AB_C,2,split_1,"1DQJ_AB_C_SA91A,RC21A_357"
3466,2B2X_HL_A,"['VH50T', 'EH64K', 'QL28S', 'YL52N', 'GH100M']",1.1458607912063599,0.10614013671875,2B2X_HL_A,5,split_1,"2B2X_HL_A_VH50T,EH64K,QL28S,YL52N,GH100M_1367"
3467,4P5T_CD_AB,['HC69A'],1.009981393814087,0.08858489990234375,4P5T_CD_AB,1,split_1,4P5T_CD_AB_HC69A_2133
3468,1AO7_ABC_DE,['LC1A'],1.4165904521942139,2.4130592346191406,1AO7_ABC_DE,1,split_1,1AO7_ABC_DE_LC1A_1324
3469,2B2X_HL_A,"['VH50T', 'EH64K', 'QL28S', 'YL52N', 'YH58E']",3.120450735092163,2.0194015502929688,2B2X_HL_A,5,split_1,"2B2X_HL_A_VH50T,EH64K,QL28S,YL52N,YH58E_1410"
3470,1CBW_FGH_I,['KI15F'],-1.9846572875976562,4.2462310791015625,1CBW_FGH_I,1,split_1,1CBW_FGH_I_KI15F_617
3471,2FTL_E_I,['KI15H'],8.781781196594238,8.695873260498047,2FTL_E_I,1,split_1,2FTL_E_I_KI15H_293
3472,1DAN_HL_UT,['TU103A'],0.10984250903129578,0.625457763671875,1DAN_HL_UT,1,split_1,1DAN_HL_UT_TU103A_606
3473,4X4M_AB_E,['RE155E'],0.641829788684845,0.18248748779296875,4X4M_AB_E,1,split_1,4X4M_AB_E_RE155E_2186
3474,1JRH_LH_I,['YI39A'],3.656642436981201,1.076934814453125,1JRH_LH_I,1,split_1,1JRH_LH_I_YI39A_864
3475,3SGB_E_I,['EI13A'],1.0192363262176514,2.1359481811523438,3SGB_E_I,1,split_1,3SGB_E_I_EI13A_743
3476,1C4Z_ABC_D,['ED90A'],-0.43484148383140564,0.27082061767578125,1C4Z_ABC_D,1,split_1,1C4Z_ABC_D_ED90A_1909
3477,3SE9_HL_G,['RH67A'],1.4459420442581177,0.1501617431640625,3SE9_HL_G,1,split_1,3SE9_HL_G_RH67A_1819
3478,1B41_A_B,['RB27F'],2.108170986175537,1.3689689636230469,1B41_A_B,1,split_1,1B41_A_B_RB27F_1201
3479,3SGB_E_I,['YI14L'],1.5761455297470093,1.8124198913574219,3SGB_E_I,1,split_1,3SGB_E_I_YI14L_787
3480,2FTL_E_I,['KI15Y'],6.8570098876953125,8.31240463256836,2FTL_E_I,1,split_1,2FTL_E_I_KI15Y_296
3481,5CXB_A_B,['RB54E'],2.6803719997406006,2.8025894165039062,5CXB_A_B,1,split_1,5CXB_A_B_RB54E_2198
3482,1JCK_A_B,['NB23A'],2.077467203140259,1.0971794128417969,1JCK_A_B,1,split_1,1JCK_A_B_NB23A_25
3483,1XD3_A_B,['EB51A'],1.5346089601516724,0.5722198486328125,1XD3_A_B,1,split_1,1XD3_A_B_EB51A_297
3484,3BT1_A_U,['YU193A'],-0.06817305088043213,1.3223800659179688,3BT1_A_U,1,split_1,3BT1_A_U_YU193A_1747
3485,3NGB_HL_G,['VH74A'],1.070440649986267,-0.19005584716796875,3NGB_HL_G,1,split_1,3NGB_HL_G_VH74A_2218
3486,3SGB_E_I,['GI26A'],1.2227966785430908,1.7066726684570312,3SGB_E_I,1,split_1,3SGB_E_I_GI26A_932
3487,3BT1_A_U,['KU230A'],0.265433132648468,0.34426116943359375,3BT1_A_U,1,split_1,3BT1_A_U_KU230A_1780
3488,1AO7_ABC_DE,['AE96K'],0.06157408282160759,-0.7242202758789062,1AO7_ABC_DE,1,split_1,1AO7_ABC_DE_AE96K_1517
3489,3MZW_A_B,"['NB1A', 'NB18T', 'AB37S', 'AB41S', 'AB49S']",-0.08280224353075027,-0.9297599792480469,3MZW_A_B,5,split_1,"3MZW_A_B_NB1A,NB18T,AB37S,AB41S,AB49S_1550"
3490,3BT1_A_U,['VU41A'],0.4889618456363678,0.7813835144042969,3BT1_A_U,1,split_1,3BT1_A_U_VU41A_1613
3491,1DQJ_AB_C,['DC101A'],1.3012763261795044,1.64447021484375,1DQJ_AB_C,1,split_1,1DQJ_AB_C_DC101A_345
3492,1VFB_AB_C,"['YA50A', 'DC119A']",1.2319692373275757,1.19921875,1VFB_AB_C,2,split_1,"1VFB_AB_C_YA50A,DC119A_602"
3493,3MZW_A_B,"['NB18T', 'NB38E', 'AB49S']",0.13733132183551788,-1.31298828125,3MZW_A_B,3,split_1,"3MZW_A_B_NB18T,NB38E,AB49S_1559"
3494,1AO7_ABC_DE,"['EA63Q', 'QD30V']",-0.006822939030826092,0.411376953125,1AO7_ABC_DE,2,split_1,"1AO7_ABC_DE_EA63Q,QD30V_1332"
3495,4MNQ_ABC_DE,"['HE50W', 'PE51E', 'EE52F', 'YE53E', 'AD93S', 'LD94G', 'PD95T', 'GD97K']",0.8976401090621948,-1.909393310546875,4MNQ_ABC_DE,8,split_1,"4MNQ_ABC_DE_HE50W,PE51E,EE52F,YE53E,AD93S,LD94G,PD95T,GD97K_1286"
3496,2FTL_E_I,['GI36A'],4.942731857299805,3.130474090576172,2FTL_E_I,1,split_1,2FTL_E_I_GI36A_277
3497,3SGB_E_I,['TI11D'],4.956133842468262,3.2318191528320312,3SGB_E_I,1,split_1,3SGB_E_I_TI11D_714
3498,1MI5_ABC_DE,['EE50A'],0.8189382553100586,0.400390625,1MI5_ABC_DE,1,split_1,1MI5_ABC_DE_EE50A_1110
3499,4P5T_CD_AB,['KD10A'],0.2402186095714569,0.11396408081054688,4P5T_CD_AB,1,split_1,4P5T_CD_AB_KD10A_2142
3500,1F47_A_B,['LA6A'],0.9254311323165894,1.431060791015625,1F47_A_B,1,split_1,1F47_A_B_LA6A_796
3501,1GC1_G_C,['LC51A'],1.234022855758667,0.22113418579101562,1GC1_G_C,1,split_1,1GC1_G_C_LC51A_522
3502,3BT1_A_U,['DU260A'],0.10586630553007126,0.1681365966796875,3BT1_A_U,1,split_1,3BT1_A_U_DU260A_1808
3503,1MI5_ABC_DE,['SD95A'],0.8272079229354858,0.4328880310058594,1MI5_ABC_DE,1,split_1,1MI5_ABC_DE_SD95A_1100
3504,3QDG_ABC_DE,['RD27W'],0.5964834690093994,0.19440841674804688,3QDG_ABC_DE,1,split_1,3QDG_ABC_DE_RD27W_1299
3505,1DAN_HL_UT,['VU113A'],-0.18866854906082153,0.18264007568359375,1DAN_HL_UT,1,split_1,1DAN_HL_UT_VU113A_1002
3506,1REW_AB_C,"['DA19A', 'WA20A', 'DB19A', 'WB20A']",2.063082218170166,5.087760925292969,1REW_AB_C,4,split_1,"1REW_AB_C_DA19A,WA20A,DB19A,WB20A_198"
3507,1DAN_HL_UT,['LU82A'],0.07995188981294632,0.8717117309570312,1DAN_HL_UT,1,split_1,1DAN_HL_UT_LU82A_1012
3508,3MZG_A_B,['HA84A'],0.1905435174703598,0.5516204833984375,3MZG_A_B,1,split_1,3MZG_A_B_HA84A_680
3509,1DAN_HL_UT,"['TT55A', 'FU50A']",4.325087070465088,2.3018569946289062,1DAN_HL_UT,2,split_1,"1DAN_HL_UT_TT55A,FU50A_565"
3510,1GUA_A_B,['KB32A'],0.7992769479751587,1.44158935546875,1GUA_A_B,1,split_1,1GUA_A_B_KB32A_2286
3511,3L5X_A_HL,"['NL92D', 'EL93P', 'YL94G']",-1.470618486404419,1.5722007751464844,3L5X_A_HL,3,split_1,"3L5X_A_HL_NL92D,EL93P,YL94G_1848"
3512,1DAN_HL_UT,"['NU17A', 'QU20A']",0.41449108719825745,0.4661827087402344,1DAN_HL_UT,2,split_1,"1DAN_HL_UT_NU17A,QU20A_1036"
3513,3HG1_ABC_DE,"['SE50Y', 'VE51G', 'GE52P', 'IE53F', 'GE99N', 'TE100L', 'EE102G', 'LE103W']",-2.854874610900879,-1.4881820678710938,3HG1_ABC_DE,8,split_1,"3HG1_ABC_DE_SE50Y,VE51G,GE52P,IE53F,GE99N,TE100L,EE102G,LE103W_1281"
3514,3SGB_E_I,['PI8E'],-0.6233893632888794,-1.9584426879882812,3SGB_E_I,1,split_1,3SGB_E_I_PI8E_869
3515,3BT1_A_U,['EU36A'],0.09499531984329224,0.4995918273925781,3BT1_A_U,1,split_1,3BT1_A_U_EU36A_1608
3516,3BT1_A_U,['GU131A'],-0.2150040864944458,0.2666587829589844,3BT1_A_U,1,split_1,3BT1_A_U_GU131A_1693
3517,3BK3_A_C,['IC3A'],1.0386539697647095,0.5318527221679688,3BK3_A_C,1,split_1,3BK3_A_C_IC3A_225
3518,3MZG_A_B,['HA17A'],0.2870479226112366,0.46039581298828125,3MZG_A_B,1,split_1,3MZG_A_B_HA17A_722
3519,3SGB_E_I,['AI9H'],-0.45318859815597534,0.6488761901855469,3SGB_E_I,1,split_1,3SGB_E_I_AI9H_680
3520,1VFB_AB_C,['DB54A'],0.9920468330383301,3.4930458068847656,1VFB_AB_C,1,split_1,1VFB_AB_C_DB54A_596
3521,1GC1_G_C,['TC15A'],0.3220660388469696,-0.1690673828125,1GC1_G_C,1,split_1,1GC1_G_C_TC15A_499
3522,1B3S_A_D,['FD30Y'],0.5960938334465027,-0.2979316711425781,1B3S_A_D,1,split_1,1B3S_A_D_FD30Y_68
3523,2B2X_HL_A,"['VH50T', 'EH64N', 'QL28S', 'YL52N']",0.9711056351661682,0.7876243591308594,2B2X_HL_A,4,split_1,"2B2X_HL_A_VH50T,EH64N,QL28S,YL52N_1364"
3524,4K71_A_BC,['GA503E'],0.7422019243240356,0.21773147583007812,4K71_A_BC,1,split_1,4K71_A_BC_GA503E_1243
3525,3SGB_E_I,['EI13T'],2.1434850692749023,4.648101806640625,3SGB_E_I,1,split_1,3SGB_E_I_EI13T_747
3526,3NGB_HL_G,['FL89A'],0.8450669050216675,1.5934181213378906,3NGB_HL_G,1,split_1,3NGB_HL_G_FL89A_2230
3527,2B2X_HL_A,"['VH50T', 'EH64K', 'QL28S', 'YL52R']",1.8889000415802002,1.1916046142578125,2B2X_HL_A,4,split_1,"2B2X_HL_A_VH50T,EH64K,QL28S,YL52R_1384"
3528,3SGB_E_I,"['LI12M', 'SI45N']",0.45373380184173584,0.24788284301757812,3SGB_E_I,2,split_1,"3SGB_E_I_LI12M,SI45N_1142"
3529,2B2X_HL_A,"['VH50T', 'EH64K', 'QL28S', 'YL52N', 'GH54I']",2.4078521728515625,1.2618026733398438,2B2X_HL_A,5,split_1,"2B2X_HL_A_VH50T,EH64K,QL28S,YL52N,GH54I_1407"
3530,4K71_A_BC,"['MA416V', 'AA418T', 'GA503E', 'AA545V']",3.814058780670166,-0.6862831115722656,4K71_A_BC,4,split_1,"4K71_A_BC_MA416V,AA418T,GA503E,AA545V_1258"
3531,1GC1_G_C,['NC73A'],-0.10801676660776138,0.26482391357421875,1GC1_G_C,1,split_1,1GC1_G_C_NC73A_533
3532,1JRH_LH_I,['RI74A'],1.032008171081543,0.7749786376953125,1JRH_LH_I,1,split_1,1JRH_LH_I_RI74A_878
3533,3SGB_E_I,['GI26W'],3.912061929702759,1.4764900207519531,3SGB_E_I,1,split_1,3SGB_E_I_GI26W_950
3534,3BTE_E_I,['EI13K'],-9.424007415771484,-11.957443237304688,3BTE_E_I,1,split_1,3BTE_E_I_EI13K_1012
3535,3L5X_A_HL,"['NL92D', 'EL93W', 'YL94E']",-1.1968846321105957,0.35480499267578125,3L5X_A_HL,3,split_1,"3L5X_A_HL_NL92D,EL93W,YL94E_1854"
3536,1JRH_LH_I,['WL92A'],2.819669008255005,0.6365623474121094,1JRH_LH_I,1,split_1,1JRH_LH_I_WL92A_820
3537,3MZG_A_B,['HA160A'],1.2081542015075684,0.7416801452636719,3MZG_A_B,1,split_1,3MZG_A_B_HA160A_692
3538,3MZG_A_B,['HA33A'],0.09897152334451675,0.058612823486328125,3MZG_A_B,1,split_1,3MZG_A_B_HA33A_667
3539,1BJ1_HL_VW,['HH107A'],0.7900062203407288,-0.2970542907714844,1BJ1_HL_VW,1,split_1,1BJ1_HL_VW_HH107A_1925
3540,1JCK_A_B,['NB60A'],1.0159357786178589,1.7960052490234375,1JCK_A_B,1,split_1,1JCK_A_B_NB60A_27
3541,3U82_A_B,"['TB28A', 'QB29A', 'EB90A', 'NB98A']",-1.0106927156448364,-0.062442779541015625,3U82_A_B,4,split_1,"3U82_A_B_TB28A,QB29A,EB90A,NB98A_2120"
3542,3MZG_A_B,['HA14A'],-0.1678786277770996,-0.154022216796875,3MZG_A_B,1,split_1,3MZG_A_B_HA14A_703
3543,3NGB_HL_G,['NH59A'],1.7387419939041138,0.8082923889160156,3NGB_HL_G,1,split_1,3NGB_HL_G_NH59A_2211
3544,2J0T_A_D,['SD68E'],2.185483932495117,0.7724952697753906,2J0T_A_D,1,split_1,2J0T_A_D_SD68E_258
3545,1JRH_LH_I,['EI45A'],-0.6970635056495667,0.006603240966796875,1JRH_LH_I,1,split_1,1JRH_LH_I_EI45A_871
3546,3BT1_A_U,['QU232A'],0.09499531984329224,0.20653152465820312,3BT1_A_U,1,split_1,3BT1_A_U_QU232A_1782
3547,1FC2_C_D,['NC24A'],0.5822779536247253,0.5296783447265625,1FC2_C_D,1,split_1,1FC2_C_D_NC24A_282
3548,3SE9_HL_G,['GL29A'],0.45625215768814087,0.4528160095214844,3SE9_HL_G,1,split_1,3SE9_HL_G_GL29A_1830
3549,3BT1_A_U,['GU156A'],-0.23381365835666656,-0.032032012939453125,3BT1_A_U,1,split_1,3BT1_A_U_GU156A_1715
3550,3SGB_E_I,['NI30A'],0.33107247948646545,0.23236846923828125,3SGB_E_I,1,split_1,3SGB_E_I_NI30A_971
3551,3BT1_A_U,['RU140A'],0.3632349669933319,0.575531005859375,3BT1_A_U,1,split_1,3BT1_A_U_RU140A_45
3552,1BD2_ABC_DE,"['DD30N', 'YC5A']",1.4770017862319946,2.4120521545410156,1BD2_ABC_DE,2,split_1,"1BD2_ABC_DE_DD30N,YC5A_1220"
3553,3BT1_A_U,['DU138A'],1.2959980964660645,0.4471626281738281,3BT1_A_U,1,split_1,3BT1_A_U_DU138A_1700
3554,3MZG_A_B,['HA167A'],0.7340859770774841,1.4465179443359375,3MZG_A_B,1,split_1,3MZG_A_B_HA167A_710
3555,1FFW_A_B,['CB55A'],0.20430143177509308,1.0950851440429688,1FFW_A_B,1,split_1,1FFW_A_B_CB55A_534
3556,3NPS_A_BC,['NA90A'],0.2535327076911926,0.7304153442382812,3NPS_A_BC,1,split_1,3NPS_A_BC_NA90A_548
3557,1VFB_AB_C,['TA52F'],0.4710860252380371,-0.4194793701171875,1VFB_AB_C,1,split_1,1VFB_AB_C_TA52F_114
3558,3SGB_E_I,['KI7H'],-0.40146076679229736,-0.3684043884277344,3SGB_E_I,1,split_1,3SGB_E_I_KI7H_908
3559,1AO7_ABC_DE,['RA65A'],3.107842445373535,3.646923065185547,1AO7_ABC_DE,1,split_1,1AO7_ABC_DE_RA65A_1363
3560,3SGB_E_I,"['EI4G', 'LI12M', 'RI15M', 'EI37D', 'KI49E']",0.18353120982646942,-0.3498115539550781,3SGB_E_I,5,split_1,"3SGB_E_I_EI4G,LI12M,RI15M,EI37D,KI49E_1111"
3561,3SGB_E_I,['RI15D'],0.6386131048202515,-0.13558578491210938,3SGB_E_I,1,split_1,3SGB_E_I_RI15D_829
3562,2B2X_HL_A,"['VH50T', 'EH64K', 'QL28S', 'YL52N', 'LL49W']",2.9521026611328125,1.8917922973632812,2B2X_HL_A,5,split_1,"2B2X_HL_A_VH50T,EH64K,QL28S,YL52N,LL49W_1415"
3563,4P5T_CD_AB,['ED74A'],0.6170114278793335,0.4516334533691406,4P5T_CD_AB,1,split_1,4P5T_CD_AB_ED74A_2150
3564,1DQJ_AB_C,['KC97A'],3.5212817192077637,6.044342041015625,1DQJ_AB_C,1,split_1,1DQJ_AB_C_KC97A_333
3565,1MQ8_A_B,"['CB32L', 'KB31C']",0.6100000739097595,-0.7274513244628906,1MQ8_A_B,2,split_1,"1MQ8_A_B_CB32L,KB31C_238"
3566,1JCK_A_B,['VB91A'],2.232905387878418,0.9267616271972656,1JCK_A_B,1,split_1,1JCK_A_B_VB91A_21
3567,3NPS_A_BC,['YA52A'],0.45209214091300964,0.67169189453125,3NPS_A_BC,1,split_1,3NPS_A_BC_YA52A_545
3568,3BT1_A_U,['EU117A'],-0.29411500692367554,0.38462066650390625,3BT1_A_U,1,split_1,3BT1_A_U_EU117A_1680
3569,1DAN_HL_UT,"['WT40R', 'ST42G']",1.4816070795059204,-0.6591033935546875,1DAN_HL_UT,2,split_1,"1DAN_HL_UT_WT40R,ST42G_549"
3570,2VLR_ABC_DE,['AE95S'],0.0,-0.2504081726074219,2VLR_ABC_DE,1,split_1,2VLR_ABC_DE_AE95S_1286
3571,3SGB_E_I,['RI15P'],7.684475898742676,6.882495880126953,3SGB_E_I,1,split_1,3SGB_E_I_RI15P_824
3572,3Q8D_A_E,['RA12A'],0.3591063618659973,0.6743011474609375,3Q8D_A_E,1,split_1,3Q8D_A_E_RA12A_1576
3573,3MZG_A_B,['HA46A'],0.5680727958679199,0.8132667541503906,3MZG_A_B,1,split_1,3MZG_A_B_HA46A_672
3574,3BT1_A_U,['NU198Q'],0.012741394340991974,0.09548568725585938,3BT1_A_U,1,split_1,3BT1_A_U_NU198Q_1751
3575,3BT1_A_U,['EU16A'],0.08392112702131271,0.0370330810546875,3BT1_A_U,1,split_1,3BT1_A_U_EU16A_1590
3576,3SGB_E_I,['GI26K'],2.5250134468078613,2.9361915588378906,3SGB_E_I,1,split_1,3SGB_E_I_GI26K_943
3577,1GC1_G_C,['NC52A'],0.7083382606506348,-0.15073394775390625,1GC1_G_C,1,split_1,1GC1_G_C_NC52A_523
3578,3BT1_A_U,['LU148A'],1.6624155044555664,1.3696556091308594,3BT1_A_U,1,split_1,3BT1_A_U_LU148A_1709
3579,1JCK_A_B,['KB103A'],0.1295628547668457,0.5670356750488281,1JCK_A_B,1,split_1,1JCK_A_B_KB103A_31
3580,4P5T_CD_AB,['VD12A'],0.09132687747478485,0.07198715209960938,4P5T_CD_AB,1,split_1,4P5T_CD_AB_VD12A_2143
3581,1JRH_LH_I,['WI72A'],4.529326438903809,1.0417366027832031,1JRH_LH_I,1,split_1,1JRH_LH_I_WI72A_856
3582,4K71_A_BC,['HA462F'],1.009981393814087,0.3610076904296875,4K71_A_BC,1,split_1,4K71_A_BC_HA462F_1255
3583,1AO7_ABC_DE,"['DD26W', 'AE96M', 'GE97S', 'GE98A', 'RE99Q']",-4.038617134094238,-3.582996368408203,1AO7_ABC_DE,5,split_1,"1AO7_ABC_DE_DD26W,AE96M,GE97S,GE98A,RE99Q_1542"
3584,3SGB_E_I,['KI7Q'],-0.6233893632888794,-0.6165924072265625,3SGB_E_I,1,split_1,3SGB_E_I_KI7Q_906
3585,3BT1_A_U,['TU265A'],0.06113170459866524,0.07611846923828125,3BT1_A_U,1,split_1,3BT1_A_U_TU265A_1811
3586,3SGB_E_I,['NI30S'],0.4089992046356201,0.2688407897949219,3SGB_E_I,1,split_1,3SGB_E_I_NI30S_972
3587,3SGB_E_I,"['PI8S', 'AI9R', 'TI11P', 'LI12R']",8.229696273803711,10.515701293945312,3SGB_E_I,4,split_1,"3SGB_E_I_PI8S,AI9R,TI11P,LI12R_995"
3588,3MZG_A_B,['HA160A'],0.12519049644470215,0.7416915893554688,3MZG_A_B,1,split_1,3MZG_A_B_HA160A_689
3589,1C4Z_ABC_D,['PD59A'],1.4097667932510376,0.7305679321289062,1C4Z_ABC_D,1,split_1,1C4Z_ABC_D_PD59A_1905
3590,2B2X_HL_A,"['EH64K', 'QL28S', 'YL52N', 'SH35V']",3.7720232009887695,1.70404052734375,2B2X_HL_A,4,split_1,"2B2X_HL_A_EH64K,QL28S,YL52N,SH35V_1429"
3591,1DAN_HL_UT,['NU17A'],0.0,0.7117538452148438,1DAN_HL_UT,1,split_1,1DAN_HL_UT_NU17A_596
3592,4NKQ_C_AB,['RB80A'],0.1199859008193016,0.34447479248046875,4NKQ_C_AB,1,split_1,4NKQ_C_AB_RB80A_1682
3593,3NPS_A_BC,['FA89A'],1.5721080303192139,0.9297027587890625,3NPS_A_BC,1,split_1,3NPS_A_BC_FA89A_547
3594,1GC1_G_C,['SC19A'],0.0,0.2779426574707031,1GC1_G_C,1,split_1,1GC1_G_C_SC19A_501
3595,2PCC_A_B,"['AB86G', 'DA34A']",-0.0978018268942833,0.22523880004882812,2PCC_A_B,2,split_1,"2PCC_A_B_AB86G,DA34A_214"
3596,3NGB_HL_G,['YH104A'],1.400721549987793,1.4923324584960938,3NGB_HL_G,1,split_1,3NGB_HL_G_YH104A_2221
3597,1XD3_A_B,['RB72L'],1.3017500638961792,-0.11621856689453125,1XD3_A_B,1,split_1,1XD3_A_B_RB72L_293
3598,5UFQ_A_C,['DA12C'],0.9824205040931702,0.5106086730957031,5UFQ_A_C,1,split_1,5UFQ_A_C_DA12C_2330
3599,3BK3_A_C,['IC19A'],0.486391544342041,1.6273460388183594,3BK3_A_C,1,split_1,3BK3_A_C_IC19A_229
3600,1DAN_HL_UT,"['RU46A', 'NU47A', 'NU48A']",0.206581249833107,1.4090499877929688,1DAN_HL_UT,3,split_1,"1DAN_HL_UT_RU46A,NU47A,NU48A_1028"
3601,1REW_AB_C,"['DA19A', 'AA23D', 'DB19A', 'AB23D']",0.4761781692504883,0.4231376647949219,1REW_AB_C,4,split_1,"1REW_AB_C_DA19A,AA23D,DB19A,AB23D_210"
3602,3SZK_AB_C,['TC38A'],0.9322267174720764,0.24962615966796875,3SZK_AB_C,1,split_1,3SZK_AB_C_TC38A_1168
3603,5CXB_A_B,['TB52Q'],0.0624210461974144,-0.10795974731445312,5CXB_A_B,1,split_1,5CXB_A_B_TB52Q_2196
3604,1AO7_ABC_DE,['GE98P'],0.44973334670066833,-0.6738319396972656,1AO7_ABC_DE,1,split_1,1AO7_ABC_DE_GE98P_1548
3605,3BT1_A_U,['GU79A'],0.22279229760169983,0.12523269653320312,3BT1_A_U,1,split_1,3BT1_A_U_GU79A_1647
3606,3BK3_A_C,['IC3R'],0.6508750319480896,0.01348114013671875,3BK3_A_C,1,split_1,3BK3_A_C_IC3R_226
3607,1AO7_ABC_DE,['DD26M'],0.21131277084350586,-0.5724411010742188,1AO7_ABC_DE,1,split_1,1AO7_ABC_DE_DD26M_1495
3608,3BT1_A_U,['EU176A'],0.025214528664946556,-0.21055221557617188,3BT1_A_U,1,split_1,3BT1_A_U_EU176A_1731
3609,1AO7_ABC_DE,"['QD30V', 'LC1A']",0.7237116098403931,3.030109405517578,1AO7_ABC_DE,2,split_1,"1AO7_ABC_DE_QD30V,LC1A_1328"
3610,5UFQ_A_C,"['QC25R', 'KC55G']",0.24635806679725647,0.8077735900878906,5UFQ_A_C,2,split_1,"5UFQ_A_C_QC25R,KC55G_2334"
3611,1HE8_A_B,"['KA80V', 'EA124K']",-0.09897152334451675,0.45647430419921875,1HE8_A_B,2,split_1,"1HE8_A_B_KA80V,EA124K_509"
3612,3NGB_HL_G,['NH105A'],1.1006083488464355,0.31139373779296875,3NGB_HL_G,1,split_1,3NGB_HL_G_NH105A_2222
3613,1DQJ_AB_C,"['WB98A', 'KC97A']",6.6630682945251465,6.872173309326172,1DQJ_AB_C,2,split_1,"1DQJ_AB_C_WB98A,KC97A_367"
3614,5F4E_A_B,['LB62A'],2.985064744949341,0.5684852600097656,5F4E_A_B,1,split_1,5F4E_A_B_LB62A_1255
3615,2J1K_C_T,['GC10D'],0.1837518960237503,-0.5955543518066406,2J1K_C_T,1,split_1,2J1K_C_T_GC10D_1088
3616,3BT1_A_U,['LU121A'],0.46005600690841675,0.877288818359375,3BT1_A_U,1,split_1,3BT1_A_U_LU121A_1683
3617,3BT1_A_U,['EU118A'],0.0,0.3930778503417969,3BT1_A_U,1,split_1,3BT1_A_U_EU118A_1681
3618,3SGB_E_I,"['EI4D', 'RI15M', 'KI28R', 'EI37D']",-0.1413743942975998,-0.08981704711914062,3SGB_E_I,4,split_1,"3SGB_E_I_EI4D,RI15M,KI28R,EI37D_1105"
3619,3BT1_A_U,['GU146A'],1.4402152299880981,0.5795707702636719,3BT1_A_U,1,split_1,3BT1_A_U_GU146A_1707
3620,1FFW_A_B,['IB58A'],0.42783015966415405,0.7471389770507812,1FFW_A_B,1,split_1,1FFW_A_B_IB58A_536
3621,1JRH_LH_I,['EL27A'],0.5428582429885864,1.0948028564453125,1JRH_LH_I,1,split_1,1JRH_LH_I_EL27A_816
3622,3IDX_HL_G,"['TG41C', 'GG245C', 'MG247A']",0.40963760018348694,0.14162445068359375,3IDX_HL_G,3,split_1,"3IDX_HL_G_TG41C,GG245C,MG247A_1965"
3623,3NGB_HL_G,['KH52N'],0.175048366189003,-0.17262649536132812,3NGB_HL_G,1,split_1,3NGB_HL_G_KH52N_1579
3624,3BE1_HL_A,"['DL28N', 'PL30A', 'RL31K', 'SL32T', 'YL57F', 'TL97S', 'TL98S']",-0.8687343001365662,-1.4643592834472656,3BE1_HL_A,7,split_1,"3BE1_HL_A_DL28N,PL30A,RL31K,SL32T,YL57F,TL97S,TL98S_1530"
3625,3SGB_E_I,"['LI12I', 'GI26D']",5.8454270362854,6.364788055419922,3SGB_E_I,2,split_1,"3SGB_E_I_LI12I,GI26D_1137"
3626,3QDG_ABC_DE,['GD28I'],0.8663308620452881,0.02300262451171875,3QDG_ABC_DE,1,split_1,3QDG_ABC_DE_GD28I_1303
3627,1DAN_HL_UT,"['DT39A', 'FU50A']",3.1733052730560303,1.6267433166503906,1DAN_HL_UT,2,split_1,"1DAN_HL_UT_DT39A,FU50A_569"
3628,3SGB_E_I,['TI11H'],3.5076560974121094,1.1882553100585938,3SGB_E_I,1,split_1,3SGB_E_I_TI11H_718
3629,1HE8_A_B,"['KA80V', 'EA606K']",-0.45807787775993347,0.31766510009765625,1HE8_A_B,2,split_1,"1HE8_A_B_KA80V,EA606K_511"
3630,1DQJ_AB_C,"['YA96A', 'RC21A']",3.486760139465332,5.221134185791016,1DQJ_AB_C,2,split_1,"1DQJ_AB_C_YA96A,RC21A_359"
3631,1FFW_A_B,['EA116K'],0.7132960557937622,-0.3759956359863281,1FFW_A_B,1,split_1,1FFW_A_B_EA116K_528
3632,3SE9_HL_G,['YL28A'],1.0997674465179443,0.6101646423339844,3SE9_HL_G,1,split_1,3SE9_HL_G_YL28A_1829
3633,2OOB_A_B,"['IA27E', 'IA38E']",0.2842833995819092,3.2607192993164062,2OOB_A_B,2,split_1,"2OOB_A_B_IA27E,IA38E_252"
3634,2FTL_E_I,['KI15N'],8.03310489654541,10.012203216552734,2FTL_E_I,1,split_1,2FTL_E_I_KI15N_287
3635,1CBW_FGH_I,['KI15N'],1.337599277496338,5.810035705566406,1CBW_FGH_I,1,split_1,1CBW_FGH_I_KI15N_609
3636,3SGB_E_I,['TI11V'],1.9727510213851929,1.80517578125,3SGB_E_I,1,split_1,3SGB_E_I_TI11V_1171
3637,1GC1_G_C,['QC94A'],-0.10801676660776138,0.49143218994140625,1GC1_G_C,1,split_1,1GC1_G_C_QC94A_545
3638,3NPS_A_BC,['HA138A'],1.8759315013885498,0.12105941772460938,3NPS_A_BC,1,split_1,3NPS_A_BC_HA138A_552
3639,1DAN_HL_UT,['YU67A'],0.0,1.1605415344238281,1DAN_HL_UT,1,split_1,1DAN_HL_UT_YU67A_603
3640,1DQJ_AB_C,['NA31A'],2.0143353939056396,3.9384498596191406,1DQJ_AB_C,1,split_1,1DQJ_AB_C_NA31A_346
3641,1GC1_G_C,['KC8A'],0.10526756942272186,0.9387741088867188,1GC1_G_C,1,split_1,1GC1_G_C_KC8A_496
3642,1AO7_ABC_DE,['EA154A'],0.3615494668483734,0.24600601196289062,1AO7_ABC_DE,1,split_1,1AO7_ABC_DE_EA154A_1462
3643,1XD3_A_B,['HB68N'],0.0,0.3003959655761719,1XD3_A_B,1,split_1,1XD3_A_B_HB68N_292
3644,1JRH_LH_I,['WI72F'],1.1089528799057007,0.3900337219238281,1JRH_LH_I,1,split_1,1JRH_LH_I_WI72F_857
3645,3NGB_HL_G,['IH30T'],0.07342666387557983,0.21915435791015625,3NGB_HL_G,1,split_1,3NGB_HL_G_IH30T_1578
3646,1DAN_HL_UT,['EU114A'],-0.004828486125916243,0.2999229431152344,1DAN_HL_UT,1,split_1,1DAN_HL_UT_EU114A_1001
3647,3SGB_E_I,['LI12E'],6.367666721343994,6.170158386230469,3SGB_E_I,1,split_1,3SGB_E_I_LI12E_1176
3648,2OOB_A_B,"['AA6S', 'KA7E', 'AA9E', 'GA13S']",3.103360414505005,-1.3659896850585938,2OOB_A_B,4,split_1,"2OOB_A_B_AA6S,KA7E,AA9E,GA13S_251"
3649,3MZG_A_B,['HA167A'],2.0335617065429688,1.4465103149414062,3MZG_A_B,1,split_1,3MZG_A_B_HA167A_743
3650,3BT1_A_U,['SU81A'],0.257146954536438,-0.006595611572265625,3BT1_A_U,1,split_1,3BT1_A_U_SU81A_1649
3651,1AO7_ABC_DE,['HA151A'],-0.3026396632194519,0.2670936584472656,1AO7_ABC_DE,1,split_1,1AO7_ABC_DE_HA151A_1460
3652,3SE8_HL_G,['DH114A'],-0.2402186095714569,0.34362030029296875,3SE8_HL_G,1,split_1,3SE8_HL_G_DH114A_2250
3653,2FTL_E_I,['FI33A'],4.092513084411621,1.2607078552246094,2FTL_E_I,1,split_1,2FTL_E_I_FI33A_274
3654,1BJ1_HL_VW,['YH99A'],4.440748691558838,1.40765380859375,1BJ1_HL_VW,1,split_1,1BJ1_HL_VW_YH99A_1924
3655,1C4Z_ABC_D,['LA143A'],0.9991104006767273,0.9603385925292969,1C4Z_ABC_D,1,split_1,1C4Z_ABC_D_LA143A_1922
3656,3SGB_E_I,"['EI4D', 'LI12F', 'RI15M', 'EI37D']",0.779313862323761,0.8502998352050781,3SGB_E_I,4,split_1,"3SGB_E_I_EI4D,LI12F,RI15M,EI37D_1169"
3657,1AO7_ABC_DE,"['GD28T', 'AE96M', 'GE97S', 'GE98A', 'RE99Q']",-3.9659810066223145,-1.4334564208984375,1AO7_ABC_DE,5,split_1,"1AO7_ABC_DE_GD28T,AE96M,GE97S,GE98A,RE99Q_1541"
3658,2B2X_HL_A,"['VH50T', 'EH64K', 'QL28S', 'YL52N', 'GH53A']",1.556517243385315,0.9682693481445312,2B2X_HL_A,5,split_1,"2B2X_HL_A_VH50T,EH64K,QL28S,YL52N,GH53A_1406"
3659,3NGB_HL_G,['RH62Q'],0.09659314900636673,-0.46585845947265625,3NGB_HL_G,1,split_1,3NGB_HL_G_RH62Q_1581
3660,3QDG_ABC_DE,['DD26W'],-1.562268853187561,-2.0858421325683594,3QDG_ABC_DE,1,split_1,3QDG_ABC_DE_DD26W_1297
3661,3QDG_ABC_DE,['AE52P'],-0.06589584797620773,0.3258705139160156,3QDG_ABC_DE,1,split_1,3QDG_ABC_DE_AE52P_1308
3662,3BT1_A_U,['SU86A'],0.2402186095714569,0.17631149291992188,3BT1_A_U,1,split_1,3BT1_A_U_SU86A_1654
3663,4NKQ_C_AB,['RB156Q'],0.8213128447532654,0.28958892822265625,4NKQ_C_AB,1,split_1,4NKQ_C_AB_RB156Q_1731
3664,1VFB_AB_C,"['YA50A', 'DC18A']",1.2664908170700073,2.9897689819335938,1VFB_AB_C,2,split_1,"1VFB_AB_C_YA50A,DC18A_601"
3665,1DAN_HL_UT,['WT40A'],2.371095895767212,1.4182205200195312,1DAN_HL_UT,1,split_1,1DAN_HL_UT_WT40A_580
3666,3SE8_HL_G,['FL92A'],0.8189571499824524,1.3859519958496094,3SE8_HL_G,1,split_1,3SE8_HL_G_FL92A_2258
3667,1VFB_AB_C,"['DB54A', 'TC118A']",1.2552056312561035,3.400836944580078,1VFB_AB_C,2,split_1,"1VFB_AB_C_DB54A,TC118A_609"
3668,1JRH_LH_I,"['AI85D', 'KI88R', 'EI90K']",-0.04776924476027489,0.4832496643066406,1JRH_LH_I,3,split_1,"1JRH_LH_I_AI85D,KI88R,EI90K_814"
3669,2J1K_C_T,['RC24A'],0.76484614610672,1.6738662719726562,2J1K_C_T,1,split_1,2J1K_C_T_RC24A_1089
3670,1DQJ_AB_C,['YB33A'],5.526938438415527,4.8525238037109375,1DQJ_AB_C,1,split_1,1DQJ_AB_C_YB33A_352
3671,1VFB_AB_C,['EB98A'],1.157075047492981,2.930835723876953,1VFB_AB_C,1,split_1,1VFB_AB_C_EB98A_92
3672,2AJF_A_E,['DA20A'],0.5854030251502991,0.6278419494628906,2AJF_A_E,1,split_1,2AJF_A_E_DA20A_1332
3673,3SGB_E_I,"['AI9R', 'TI11P', 'LI12R']",8.55279541015625,11.463531494140625,3SGB_E_I,3,split_1,"3SGB_E_I_AI9R,TI11P,LI12R_1179"
3674,1VFB_AB_C,"['WA92A', 'QC121A']",3.520512104034424,0.6375694274902344,1VFB_AB_C,2,split_1,"1VFB_AB_C_WA92A,QC121A_603"
3675,4L0P_A_B,['TA140N'],0.27845457196235657,0.5589408874511719,4L0P_A_B,1,split_1,4L0P_A_B_TA140N_1891
3676,1XXM_A_C,"['AC74K', 'AC142F', 'AC143Y', 'AA79E', 'AA80Y']",-2.412727117538452,-3.425579071044922,1XXM_A_C,5,split_1,"1XXM_A_C_AC74K,AC142F,AC143Y,AA79E,AA80Y_312"
3677,2AK4_ABC_DE,['PC6A'],1.4039890766143799,0.6315574645996094,2AK4_ABC_DE,1,split_1,2AK4_ABC_DE_PC6A_1271
3678,3SGB_E_I,['AI9G'],2.486466407775879,0.7707557678222656,3SGB_E_I,1,split_1,3SGB_E_I_AI9G_666
3679,2B2X_HL_A,"['EH64K', 'YL52N']",0.3486860692501068,0.19109344482421875,2B2X_HL_A,2,split_1,"2B2X_HL_A_EH64K,YL52N_1443"
3680,1DAN_HL_UT,['ET19A'],0.6578863859176636,0.000720977783203125,1DAN_HL_UT,1,split_1,1DAN_HL_UT_ET19A_1062
3681,1SBB_A_B,"['LB20T', 'VB26Y', 'YB91V']",0.13220183551311493,0.44304656982421875,1SBB_A_B,3,split_1,"1SBB_A_B_LB20T,VB26Y,YB91V_123"
3682,3BT1_A_U,['FU254A'],0.8939488530158997,1.1657981872558594,3BT1_A_U,1,split_1,3BT1_A_U_FU254A_1802
3683,1DAN_HL_UT,['RU46A'],-0.059836238622665405,0.3413658142089844,1DAN_HL_UT,1,split_1,1DAN_HL_UT_RU46A_599
3684,1AO7_ABC_DE,['YC5F'],0.13273294270038605,0.01639556884765625,1AO7_ABC_DE,1,split_1,1AO7_ABC_DE_YC5F_1422
3685,3SGB_E_I,['YI14G'],2.8423960208892822,5.5555572509765625,3SGB_E_I,1,split_1,3SGB_E_I_YI14G_780
3686,1AO7_ABC_DE,['SD31A'],0.5326756834983826,1.0133056640625,1AO7_ABC_DE,1,split_1,1AO7_ABC_DE_SD31A_1425
3687,1DAN_HL_UT,['TT12A'],0.12054666876792908,0.8579216003417969,1DAN_HL_UT,1,split_1,1DAN_HL_UT_TT12A_1068
3688,2FTL_E_I,['KI46A'],4.092513084411621,1.8295478820800781,2FTL_E_I,1,split_1,2FTL_E_I_KI46A_280
3689,3D5R_A_C,['AC38N'],-1.3337823152542114,-1.3169708251953125,3D5R_A_C,1,split_1,3D5R_A_C_AC38N_191
3690,3SGB_E_I,['TI11C'],2.9262657165527344,1.5804214477539062,3SGB_E_I,1,split_1,3SGB_E_I_TI11C_707
3691,3SE8_HL_G,['WH55A'],0.7488812804222107,1.3675956726074219,3SE8_HL_G,1,split_1,3SE8_HL_G_WH55A_2236
3692,1SGQ_E_I,['GI13L'],-5.003495693206787,-4.40625,1SGQ_E_I,1,split_1,1SGQ_E_I_GI13L_1084
3693,2B2X_HL_A,"['VH50T', 'EH64K', 'QL28S', 'YL52N', 'HL31W']",2.2995564937591553,1.6420974731445312,2B2X_HL_A,5,split_1,"2B2X_HL_A_VH50T,EH64K,QL28S,YL52N,HL31W_1434"
3694,2B2X_HL_A,"['EH64K', 'QL28S', 'YL52N', 'SH35A']",3.120450735092163,1.2649459838867188,2B2X_HL_A,4,split_1,"2B2X_HL_A_EH64K,QL28S,YL52N,SH35A_1430"
3695,3L5X_A_HL,"['NL92D', 'EL93N', 'YL94S']",-0.5342774987220764,0.9374198913574219,3L5X_A_HL,3,split_1,"3L5X_A_HL_NL92D,EL93N,YL94S_1871"
3696,1F47_A_B,['FA11A'],2.4454827308654785,1.3742523193359375,1F47_A_B,1,split_1,1F47_A_B_FA11A_800
3697,3BK3_A_C,['LC2A'],0.0,0.4283905029296875,3BK3_A_C,1,split_1,3BK3_A_C_LC2A_223
3698,4MNQ_ABC_DE,"['IE49V', 'HE50G', 'PE51A', 'EE52G', 'YE53I', 'AD93S', 'LD94G', 'PD95T', 'GD97K']",5.821152210235596,0.9504241943359375,4MNQ_ABC_DE,9,split_1,"4MNQ_ABC_DE_IE49V,HE50G,PE51A,EE52G,YE53I,AD93S,LD94G,PD95T,GD97K_1284"
3699,1GC1_G_C,['QC25A'],0.032032232731580734,1.1362686157226562,1GC1_G_C,1,split_1,1GC1_G_C_QC25A_506
3700,3SGB_E_I,['EI13D'],0.5527053475379944,0.810699462890625,3SGB_E_I,1,split_1,3SGB_E_I_EI13D_753
3701,1B41_A_B,"['TB8V', 'TB9N']",2.427799701690674,-0.009029388427734375,1B41_A_B,2,split_1,"1B41_A_B_TB8V,TB9N_1198"
3702,1VFB_AB_C,['WB52A'],0.9173604846000671,4.4027252197265625,1VFB_AB_C,1,split_1,1VFB_AB_C_WB52A_595
3703,1SBB_A_B,['LB20T'],-0.10801676660776138,-0.6965065002441406,1SBB_A_B,1,split_1,1SBB_A_B_LB20T_120
3704,2NU1_E_I,['HI13L'],-1.713875651359558,-2.6284828186035156,2NU1_E_I,1,split_1,2NU1_E_I_HI13L_998
3705,2J0T_A_D,['VD4I'],1.6426256895065308,-0.21899795532226562,2J0T_A_D,1,split_1,2J0T_A_D_VD4I_254
3706,1VFB_AB_C,"['DB100A', 'SC24A']",3.371264696121216,2.923198699951172,1VFB_AB_C,2,split_1,"1VFB_AB_C_DB100A,SC24A_610"
3707,2FTL_E_I,['KI15E'],9.424007415771484,11.23245620727539,2FTL_E_I,1,split_1,2FTL_E_I_KI15E_291
3708,1BJ1_HL_VW,['HH101Y'],-1.584304690361023,-0.6773262023925781,1BJ1_HL_VW,1,split_1,1BJ1_HL_VW_HH101Y_1941
3709,1BD2_ABC_DE,['YC8A'],2.7603745460510254,3.5915145874023438,1BD2_ABC_DE,1,split_1,1BD2_ABC_DE_YC8A_1213
3710,2AK4_ABC_DE,['TA69A'],-0.34193262457847595,0.8480300903320312,2AK4_ABC_DE,1,split_1,2AK4_ABC_DE_TA69A_1260
3711,2J0T_A_D,['VD4K'],1.8245233297348022,-0.4570426940917969,2J0T_A_D,1,split_1,2J0T_A_D_VD4K_255
3712,1AO7_ABC_DE,"['DD26W', 'RD27F', 'SD51M', 'SD94T']",-2.717163562774658,-1.9816970825195312,1AO7_ABC_DE,4,split_1,"1AO7_ABC_DE_DD26W,RD27F,SD51M,SD94T_1521"
3713,1GC1_G_C,['EC92A'],0.016232576221227646,1.0165176391601562,1GC1_G_C,1,split_1,1GC1_G_C_EC92A_544
3714,5XCO_A_B,['DB12A'],2.7973828315734863,1.0638961791992188,5XCO_A_B,1,split_1,5XCO_A_B_DB12A_2307
3715,1GC1_G_C,['KC7A'],0.9978901147842407,0.5490531921386719,1GC1_G_C,1,split_1,1GC1_G_C_KC7A_495
3716,1JRH_LH_I,"['VI73A', 'RI78K']",-0.21370169520378113,0.3947639465332031,1JRH_LH_I,2,split_1,"1JRH_LH_I_VI73A,RI78K_813"
3717,5UFQ_A_C,['DA12G'],1.2214624881744385,0.5878257751464844,5UFQ_A_C,1,split_1,5UFQ_A_C_DA12G_2328
3718,3SZK_AB_C,['NC66A'],0.20430143177509308,0.7084693908691406,3SZK_AB_C,1,split_1,3SZK_AB_C_NC66A_1175
3719,1BJ1_HL_VW,['YH54W'],-0.13733132183551788,0.3979835510253906,1BJ1_HL_VW,1,split_1,1BJ1_HL_VW_YH54W_1933
3720,3BT1_A_U,['EU130A'],0.03743046522140503,-0.001888275146484375,3BT1_A_U,1,split_1,3BT1_A_U_EU130A_1692
3721,3SGB_E_I,"['EI4D', 'KI7M', 'LI12M', 'LI17V']",0.07745373249053955,-0.5526695251464844,3SGB_E_I,4,split_1,"3SGB_E_I_EI4D,KI7M,LI12M,LI17V_1133"
3722,1E96_A_B,['NA26H'],1.104526162147522,-0.00678253173828125,1E96_A_B,1,split_1,1E96_A_B_NA26H_71
3723,1AO7_ABC_DE,['RE92A'],0.48315757513046265,0.2736625671386719,1AO7_ABC_DE,1,split_1,1AO7_ABC_DE_RE92A_1386
3724,3SE9_HL_G,['GH106A'],-0.3026396632194519,0.22071456909179688,3SE9_HL_G,1,split_1,3SE9_HL_G_GH106A_1825
3725,1XGU_AB_C,['FB33V'],2.9093847274780273,3.1589698791503906,1XGU_AB_C,1,split_1,1XGU_AB_C_FB33V_1226
3726,2B2X_HL_A,"['VH50T', 'EH64K', 'QL28S', 'YL52N', 'TH33V']",1.4782437086105347,0.4698219299316406,2B2X_HL_A,5,split_1,"2B2X_HL_A_VH50T,EH64K,QL28S,YL52N,TH33V_1421"
3727,5F4E_A_B,['HA136A'],2.025003433227539,0.648956298828125,5F4E_A_B,1,split_1,5F4E_A_B_HA136A_1249
3728,3SGB_E_I,['GI26H'],2.738189220428467,2.7643814086914062,3SGB_E_I,1,split_1,3SGB_E_I_GI26H_946
3729,3MZG_A_B,['HA46A'],0.604783296585083,0.8132705688476562,3MZG_A_B,1,split_1,3MZG_A_B_HA46A_674
3730,3B4V_AB_C,['LC16E'],0.8213128447532654,1.7966728210449219,3B4V_AB_C,1,split_1,3B4V_AB_C_LC16E_1363
3731,3SZK_AB_C,['FC44A'],2.200962543487549,2.3593826293945312,3SZK_AB_C,1,split_1,3SZK_AB_C_FC44A_1174
3732,1VFB_AB_C,['LC129A'],0.17162153124809265,1.5807304382324219,1VFB_AB_C,1,split_1,1VFB_AB_C_LC129A_590
3733,1AO7_ABC_DE,['QD30E'],0.4106564223766327,0.6069412231445312,1AO7_ABC_DE,1,split_1,1AO7_ABC_DE_QD30E_1508
3734,3SGB_E_I,['LI12E'],5.982758045196533,6.170173645019531,3SGB_E_I,1,split_1,3SGB_E_I_LI12E_641
3735,2FTL_E_I,['II19A'],4.092513084411621,0.9762725830078125,2FTL_E_I,1,split_1,2FTL_E_I_II19A_272
3736,3SGB_E_I,"['EI4D', 'AI9V', 'TI11S', 'EI13D', 'RI15M', 'KI23T', 'GI26N', 'NI30I', 'EI37D', 'LI42I']",4.261293888092041,3.6575775146484375,3SGB_E_I,10,split_1,"3SGB_E_I_EI4D,AI9V,TI11S,EI13D,RI15M,KI23T,GI26N,NI30I,EI37D,LI42I_1159"
3737,2B2X_HL_A,"['VH50T', 'EH64K', 'QL28S', 'YL52N', 'SL91Q']",2.8185086250305176,0.9320106506347656,2B2X_HL_A,5,split_1,"2B2X_HL_A_VH50T,EH64K,QL28S,YL52N,SL91Q_1419"
3738,3N0P_A_B,['AA17H'],-0.28069448471069336,-0.4600677490234375,3N0P_A_B,1,split_1,3N0P_A_B_AA17H_761
3739,4P5T_CD_AB,['ED67A'],0.2402186095714569,-0.046520233154296875,4P5T_CD_AB,1,split_1,4P5T_CD_AB_ED67A_2145
3740,3SGB_E_I,['LI12Q'],2.6035408973693848,2.3561668395996094,3SGB_E_I,1,split_1,3SGB_E_I_LI12Q_640
3741,1JRH_LH_I,['RH100A'],0.5428582429885864,1.3475074768066406,1JRH_LH_I,1,split_1,1JRH_LH_I_RH100A_831
3742,3BT1_A_U,['MU217A'],1.0284249782562256,1.1579933166503906,3BT1_A_U,1,split_1,3BT1_A_U_MU217A_1768
3743,1AO7_ABC_DE,['YC5F'],-0.12532611191272736,0.016407012939453125,1AO7_ABC_DE,1,split_1,1AO7_ABC_DE_YC5F_1339
3744,3MZG_A_B,['HA167A'],1.5354089736938477,1.4465179443359375,3MZG_A_B,1,split_1,3MZG_A_B_HA167A_717
3745,3SGB_E_I,"['DI1N', 'EI4D', 'AI9V', 'TI11S', 'EI13L', 'RI15M', 'VI36A', 'EI37D']",2.6392178535461426,0.6330070495605469,3SGB_E_I,8,split_1,"3SGB_E_I_DI1N,EI4D,AI9V,TI11S,EI13L,RI15M,VI36A,EI37D_1154"
3746,1DQJ_AB_C,['SC100A'],0.7759302258491516,0.41625213623046875,1DQJ_AB_C,1,split_1,1DQJ_AB_C_SC100A_344
3747,3BT1_A_U,['EU37A'],0.04939959943294525,0.22898483276367188,3BT1_A_U,1,split_1,3BT1_A_U_EU37A_1609
3748,1B41_A_B,['TB8V'],1.1364256143569946,-0.1414337158203125,1B41_A_B,1,split_1,1B41_A_B_TB8V_1194
3749,2AW2_A_B,['YB22A'],1.8850841522216797,1.3025894165039062,2AW2_A_B,1,split_1,2AW2_A_B_YB22A_1842
3750,1DAN_HL_UT,['MH154A'],0.7444849610328674,0.45619964599609375,1DAN_HL_UT,1,split_1,1DAN_HL_UT_MH154A_575
3751,3BT1_A_U,['TU27A'],0.9107969403266907,0.22220230102539062,3BT1_A_U,1,split_1,3BT1_A_U_TU27A_1599
3752,1DAN_HL_UT,['KU32A'],-0.12360850721597672,0.22800445556640625,1DAN_HL_UT,1,split_1,1DAN_HL_UT_KU32A_1034
3753,1JRH_LH_I,['KI37A'],3.578756809234619,1.1056976318359375,1JRH_LH_I,1,split_1,1JRH_LH_I_KI37A_840
3754,1JRH_LH_I,['YH32A'],1.4339518547058105,0.9935951232910156,1JRH_LH_I,1,split_1,1JRH_LH_I_YH32A_824
3755,1AO7_ABC_DE,['QA72A'],0.017250660806894302,0.1067657470703125,1AO7_ABC_DE,1,split_1,1AO7_ABC_DE_QA72A_1451
3756,1GUA_A_B,['EA37A'],1.3008146286010742,1.275146484375,1GUA_A_B,1,split_1,1GUA_A_B_EA37A_2288
3757,3NGB_HL_G,['RH62A'],0.9798502326011658,-0.16657638549804688,3NGB_HL_G,1,split_1,3NGB_HL_G_RH62A_2213
3758,1DAN_HL_UT,['ST11A'],-0.12980671226978302,0.5468063354492188,1DAN_HL_UT,1,split_1,1DAN_HL_UT_ST11A_586
3759,1DAN_HL_UT,['DT53A'],1.9894969463348389,1.1488265991210938,1DAN_HL_UT,1,split_1,1DAN_HL_UT_DT53A_1045
3760,3NPS_A_BC,['IA45A'],-0.3319664001464844,-0.08261871337890625,3NPS_A_BC,1,split_1,3NPS_A_BC_IA45A_539
3761,1AO7_ABC_DE,['KD66A'],1.292189598083496,-1.3996849060058594,1AO7_ABC_DE,1,split_1,1AO7_ABC_DE_KD66A_1350
3762,3SGB_E_I,['AI9K'],2.491424083709717,2.6920089721679688,3SGB_E_I,1,split_1,3SGB_E_I_AI9K_677
3763,1AO7_ABC_DE,"['TD92A', 'RA65A']",2.423471212387085,1.1721343994140625,1AO7_ABC_DE,2,split_1,"1AO7_ABC_DE_TD92A,RA65A_1361"
3764,3SGB_E_I,"['YI5H', 'YI14D', 'TI24I', 'GI26S', 'NI30D', 'VI36L']",5.61288595199585,7.507518768310547,3SGB_E_I,6,split_1,"3SGB_E_I_YI5H,YI14D,TI24I,GI26S,NI30D,VI36L_1143"
3765,4KRP_A_B,['EB105A'],1.606764316558838,1.1140518188476562,4KRP_A_B,1,split_1,4KRP_A_B_EB105A_2115
3766,1DAN_HL_UT,['IT33A'],-0.1265324056148529,0.2225494384765625,1DAN_HL_UT,1,split_1,1DAN_HL_UT_IT33A_560
3767,1SGP_E_I,['AI13L'],-2.9891605377197266,-3.0387306213378906,1SGP_E_I,1,split_1,1SGP_E_I_AI13L_1083
3768,1B41_A_B,['HB29R'],-0.4093972146511078,-0.9296798706054688,1B41_A_B,1,split_1,1B41_A_B_HB29R_1205
3769,2B2X_HL_A,"['VH50T', 'EH64K', 'QL28S', 'YL52N', 'FH99Y']",1.7986879348754883,0.8320465087890625,2B2X_HL_A,5,split_1,"2B2X_HL_A_VH50T,EH64K,QL28S,YL52N,FH99Y_1439"
3770,3MZG_A_B,"['HA167A', 'HB188A']",3.330226421356201,2.497711181640625,3MZG_A_B,2,split_1,"3MZG_A_B_HA167A,HB188A_751"
3771,3SGB_E_I,['YI14F'],0.1687806099653244,0.20763778686523438,3SGB_E_I,1,split_1,3SGB_E_I_YI14F_796
3772,3NGB_HL_G,"['IH30T', 'KH52N', 'RH54N', 'GH55S', 'AH57G', 'VH58T', 'RH62Q', 'PH63K', 'VH74T', 'YH75S', 'YL26S']",0.8625305891036987,0.055545806884765625,3NGB_HL_G,11,split_1,"3NGB_HL_G_IH30T,KH52N,RH54N,GH55S,AH57G,VH58T,RH62Q,PH63K,VH74T,YH75S,YL26S_1585"
3773,1BJ1_HL_VW,['TH28D'],-0.22013357281684875,0.08324050903320312,1BJ1_HL_VW,1,split_1,1BJ1_HL_VW_TH28D_1939
3774,3SGB_E_I,"['EI4G', 'KI7Q', 'PI8S', 'TI11P', 'LI12Q', 'EI13D', 'RI15V', 'LI17F', 'GI26S', 'VI36A', 'EI37D']",4.2332587242126465,5.4492034912109375,3SGB_E_I,11,split_1,"3SGB_E_I_EI4G,KI7Q,PI8S,TI11P,LI12Q,EI13D,RI15V,LI17F,GI26S,VI36A,EI37D_1095"
3775,3BT1_A_U,['QU78A'],0.2402186095714569,0.0657958984375,3BT1_A_U,1,split_1,3BT1_A_U_QU78A_1646
3776,1DAN_HL_UT,['RU102A'],0.46060433983802795,2.6639404296875,1DAN_HL_UT,1,split_1,1DAN_HL_UT_RU102A_605
3777,1VFB_AB_C,['WA92A'],2.728342294692993,0.4416465759277344,1VFB_AB_C,1,split_1,1VFB_AB_C_WA92A_84
3778,4NKQ_C_AB,['KB89A'],0.38596734404563904,0.5424880981445312,4NKQ_C_AB,1,split_1,4NKQ_C_AB_KB89A_1691
3779,3SGB_E_I,"['EI4G', 'KI7Q', 'TI11S', 'RI15V', 'LI17F', 'GI26S', 'NI30D', 'VI36A', 'EI37D']",3.1820759773254395,0.06461715698242188,3SGB_E_I,9,split_1,"3SGB_E_I_EI4G,KI7Q,TI11S,RI15V,LI17F,GI26S,NI30D,VI36A,EI37D_1150"
3780,3SGB_E_I,"['AI9R', 'LI12R']",5.156419277191162,7.1196136474609375,3SGB_E_I,2,split_1,"3SGB_E_I_AI9R,LI12R_992"
3781,1FFW_A_B,['FA110V'],1.2561542987823486,1.0381660461425781,1FFW_A_B,1,split_1,1FFW_A_B_FA110V_526
3782,1DAN_HL_UT,['FT45A'],0.4379112124443054,0.8432960510253906,1DAN_HL_UT,1,split_1,1DAN_HL_UT_FT45A_1048
3783,3SGB_E_I,['LI12W'],1.8652080297470093,1.800323486328125,3SGB_E_I,1,split_1,3SGB_E_I_LI12W_646
3784,1AO7_ABC_DE,['YA159A'],3.245335340499878,0.6236610412597656,1AO7_ABC_DE,1,split_1,1AO7_ABC_DE_YA159A_1330
3785,2B2X_HL_A,"['VH50T', 'EH64K', 'QL28S', 'YL52N', 'YH58Q']",3.120450735092163,2.0391616821289062,2B2X_HL_A,5,split_1,"2B2X_HL_A_VH50T,EH64K,QL28S,YL52N,YH58Q_1409"
3786,1GUA_A_B,"['RB4A', 'EA37A']",1.3008146286010742,2.843647003173828,1GUA_A_B,2,split_1,"1GUA_A_B_RB4A,EA37A_2317"
3787,3BT1_A_U,['SU233A'],-0.17908690869808197,-0.12798309326171875,3BT1_A_U,1,split_1,3BT1_A_U_SU233A_1783
3788,4NKQ_C_AB,"['KB90A', 'IB91A', 'EB92A']",-0.7013269662857056,0.08281707763671875,4NKQ_C_AB,3,split_1,"4NKQ_C_AB_KB90A,IB91A,EB92A_1693"
3789,3BT1_A_U,['TU241A'],0.34966468811035156,0.6942253112792969,3BT1_A_U,1,split_1,3BT1_A_U_TU241A_1790
3790,1AO7_ABC_DE,"['RD27F', 'GD28T', 'SD51M', 'SD94T']",-1.6043896675109863,-0.001361846923828125,1AO7_ABC_DE,4,split_1,"1AO7_ABC_DE_RD27F,GD28T,SD51M,SD94T_1533"
3791,1REW_AB_C,"['KC57R', 'SC59T', 'KC61I', 'AC62P', 'QC63H', 'LC64Q', 'TC67D', 'AC43T', 'MC47L', 'KC48G', 'YC49L']",0.26777946949005127,0.23916244506835938,1REW_AB_C,11,split_1,"1REW_AB_C_KC57R,SC59T,KC61I,AC62P,QC63H,LC64Q,TC67D,AC43T,MC47L,KC48G,YC49L_221"
3792,2PCC_A_B,['AB86G'],1.9018551111221313,-0.4097099304199219,2PCC_A_B,1,split_1,2PCC_A_B_AB86G_213
3793,3MZW_A_B,"['NB18T', 'AB37S', 'AB41S', 'LB46Y']",-0.05389641225337982,-1.3322792053222656,3MZW_A_B,4,split_1,"3MZW_A_B_NB18T,AB37S,AB41S,LB46Y_1561"
3794,1FFW_A_B,['EA92K'],0.8213128447532654,0.3731803894042969,1FFW_A_B,1,split_1,1FFW_A_B_EA92K_523
3795,1VFB_AB_C,['DB100A'],3.071619749069214,2.406383514404297,1VFB_AB_C,1,split_1,1VFB_AB_C_DB100A_94
3796,3SGB_E_I,"['EI4D', 'RI15M', 'LI17F', 'NI22S', 'GI26S', 'EI37D']",1.6076903343200684,0.44892120361328125,3SGB_E_I,6,split_1,"3SGB_E_I_EI4D,RI15M,LI17F,NI22S,GI26S,EI37D_1149"
3797,3SGB_E_I,['EI13R'],1.275046706199646,2.939697265625,3SGB_E_I,1,split_1,3SGB_E_I_EI13R_758
3798,3B4V_AB_C,['LC53E'],4.092513084411621,2.8718032836914062,3B4V_AB_C,1,split_1,3B4V_AB_C_LC53E_1366
3799,1JCK_A_B,['NB60A'],1.6426256895065308,1.795989990234375,1JCK_A_B,1,split_1,1JCK_A_B_NB60A_19
3800,1AO7_ABC_DE,['GD28A'],0.5428582429885864,0.24606704711914062,1AO7_ABC_DE,1,split_1,1AO7_ABC_DE_GD28A_1499
3801,3BT1_A_U,['GU97A'],-0.6638965010643005,0.06479263305664062,3BT1_A_U,1,split_1,3BT1_A_U_GU97A_1663
3802,3SGB_E_I,['NI30V'],-0.2418758124113083,0.5594329833984375,3SGB_E_I,1,split_1,3SGB_E_I_NI30V_974
3803,3SGB_E_I,['YI14S'],2.0356457233428955,4.710399627685547,3SGB_E_I,1,split_1,3SGB_E_I_YI14S_782
3804,1REW_AB_C,"['KC57R', 'SC59T', 'KC61I', 'AC62P', 'QC63H', 'LC64Q', 'TC67D']",0.7299859523773193,0.6431808471679688,1REW_AB_C,7,split_1,"1REW_AB_C_KC57R,SC59T,KC61I,AC62P,QC63H,LC64Q,TC67D_220"
3805,3SGB_E_I,"['LI12M', 'TI24S', 'GI26D']",2.3268814086914062,3.1566925048828125,3SGB_E_I,3,split_1,"3SGB_E_I_LI12M,TI24S,GI26D_1136"
3806,2PCC_A_B,"['KB92A', 'DA34A']",0.20301209390163422,1.311737060546875,2PCC_A_B,2,split_1,"2PCC_A_B_KB92A,DA34A_208"
3807,5E6P_A_B,['LB24A'],0.9293296337127686,0.6626815795898438,5E6P_A_B,1,split_1,5E6P_A_B_LB24A_2252
3808,3BT1_A_U,['LU210A'],-0.5238474607467651,0.4944877624511719,3BT1_A_U,1,split_1,3BT1_A_U_LU210A_1762
3809,3SGB_E_I,['KI7P'],0.0,1.2916946411132812,3SGB_E_I,1,split_1,3SGB_E_I_KI7P_900
3810,2VLR_ABC_DE,['AE95S'],0.035205524414777756,-0.2504081726074219,2VLR_ABC_DE,1,split_1,2VLR_ABC_DE_AE95S_1263
3811,3SGB_E_I,['KI7I'],-1.3446379899978638,0.8566932678222656,3SGB_E_I,1,split_1,3SGB_E_I_KI7I_902
3812,1B41_A_B,['RB11K'],0.6251121759414673,0.20080947875976562,1B41_A_B,1,split_1,1B41_A_B_RB11K_1199
3813,5XCO_A_B,"['DA13C', 'PB6A']",2.4099628925323486,1.467498779296875,5XCO_A_B,2,split_1,"5XCO_A_B_DA13C,PB6A_2310"
3814,3SGB_E_I,"['EI4D', 'YI5H', 'TI11L', 'LI12Q', 'YI14Q', 'RI15K', 'GI26D', 'NI30S', 'EI37D']",7.459468841552734,9.487018585205078,3SGB_E_I,9,split_1,"3SGB_E_I_EI4D,YI5H,TI11L,LI12Q,YI14Q,RI15K,GI26D,NI30S,EI37D_1119"
3815,1GC1_G_C,['VC86A'],-0.06978079676628113,0.5993461608886719,1GC1_G_C,1,split_1,1GC1_G_C_VC86A_538
3816,3BT1_A_U,['RU30A'],0.46005600690841675,0.7484703063964844,3BT1_A_U,1,split_1,3BT1_A_U_RU30A_1602
3817,2B2X_HL_A,"['VH50T', 'EH64K', 'QL28S', 'YL52N', 'GL92S']",1.556517243385315,0.5013694763183594,2B2X_HL_A,5,split_1,"2B2X_HL_A_VH50T,EH64K,QL28S,YL52N,GL92S_1402"
3818,1AO7_ABC_DE,['HA70A'],3.155595064163208,0.8571319580078125,1AO7_ABC_DE,1,split_1,1AO7_ABC_DE_HA70A_1450
3819,1JRH_LH_I,['YI39F'],0.7907074689865112,-0.5164680480957031,1JRH_LH_I,1,split_1,1JRH_LH_I_YI39F_845
3820,1FC2_C_D,['IC27A'],2.185483932495117,1.6171760559082031,1FC2_C_D,1,split_1,1FC2_C_D_IC27A_284
3821,1FFW_A_B,['TA86I'],-0.31932955980300903,0.16963958740234375,1FFW_A_B,1,split_1,1FFW_A_B_TA86I_521
3822,3QDG_ABC_DE,['LE95W'],-0.70299232006073,-0.6634330749511719,3QDG_ABC_DE,1,split_1,3QDG_ABC_DE_LE95W_1300
3823,3SGB_E_I,['NI30F'],-0.1413743942975998,0.23660659790039062,3SGB_E_I,1,split_1,3SGB_E_I_NI30F_985
3824,1MI5_ABC_DE,['SE92A'],0.3016909658908844,0.7224349975585938,1MI5_ABC_DE,1,split_1,1MI5_ABC_DE_SE92A_1111
3825,4X4M_AB_E,['KE153A'],0.6395467519760132,0.6395492553710938,4X4M_AB_E,1,split_1,4X4M_AB_E_KE153A_2180
3826,2QJA_AB_C,"['TC43A', 'LC47M', 'GC48K', 'LC49Y']",0.46220648288726807,0.3518524169921875,2QJA_AB_C,4,split_1,"2QJA_AB_C_TC43A,LC47M,GC48K,LC49Y_267"
3827,1VFB_AB_C,['IC124A'],1.2319692373275757,-0.13792037963867188,1VFB_AB_C,1,split_1,1VFB_AB_C_IC124A_588
3828,3SGB_E_I,['YI14D'],2.9118733406066895,5.6987152099609375,3SGB_E_I,1,split_1,3SGB_E_I_YI14D_791
3829,3SGB_E_I,['AI9I'],-0.45318859815597534,-1.0050430297851562,3SGB_E_I,1,split_1,3SGB_E_I_AI9I_673
3830,1MQ8_A_B,"['CB170F', 'TB171C']",0.6766378879547119,-0.4629096984863281,1MQ8_A_B,2,split_1,"1MQ8_A_B_CB170F,TB171C_239"
3831,1AO7_ABC_DE,['TA64A'],-0.07604122906923294,0.413421630859375,1AO7_ABC_DE,1,split_1,1AO7_ABC_DE_TA64A_1444
3832,3NPS_A_BC,['QA140A'],0.2958686947822571,0.24542617797851562,3NPS_A_BC,1,split_1,3NPS_A_BC_QA140A_553
3833,4P5T_CD_AB,['QC58A'],0.0,0.9123153686523438,4P5T_CD_AB,1,split_1,4P5T_CD_AB_QC58A_2127
3834,2OOB_A_B,['GA13S'],0.2353639453649521,-0.20107650756835938,2OOB_A_B,1,split_1,2OOB_A_B_GA13S_249
3835,3SGB_E_I,['YI14I'],3.5919625759124756,2.7293930053710938,3SGB_E_I,1,split_1,3SGB_E_I_YI14I_788
3836,1TMG_E_I,['FI40M'],-1.0276678800582886,-1.0996513366699219,1TMG_E_I,1,split_1,1TMG_E_I_FI40M_18
3837,2FTL_E_I,['II18A'],5.021842956542969,0.7580718994140625,2FTL_E_I,1,split_1,2FTL_E_I_II18A_271
3838,1MI5_ABC_DE,['TD28A'],0.5875756144523621,0.3390007019042969,1MI5_ABC_DE,1,split_1,1MI5_ABC_DE_TD28A_1085
3839,3SGB_E_I,"['RI15M', 'KI23Q', 'GI26S', 'EI37D']",2.104952812194824,0.5101470947265625,3SGB_E_I,4,split_1,"3SGB_E_I_RI15M,KI23Q,GI26S,EI37D_1102"
3840,3MZG_A_B,['HA167A'],1.0553276538848877,1.4465103149414062,3MZG_A_B,1,split_1,3MZG_A_B_HA167A_739
3841,4NKQ_C_AB,"['DB176Q', 'VB177Q']",1.958085536956787,1.0413475036621094,4NKQ_C_AB,2,split_1,"4NKQ_C_AB_DB176Q,VB177Q_1718"
3842,1FC2_C_D,['LC13D'],1.4339518547058105,1.5062942504882812,1FC2_C_D,1,split_1,1FC2_C_D_LC13D_276
3843,3BT1_A_U,['HU258A'],0.04939959943294525,0.3591194152832031,3BT1_A_U,1,split_1,3BT1_A_U_HU258A_1806
3844,1VFB_AB_C,['YB32A'],0.46035218238830566,1.4592933654785156,1VFB_AB_C,1,split_1,1VFB_AB_C_YB32A_87
3845,3SGB_E_I,"['EI4G', 'LI12M', 'RI15M', 'EI37D']",0.9109824895858765,-0.14142227172851562,3SGB_E_I,4,split_1,"3SGB_E_I_EI4G,LI12M,RI15M,EI37D_1106"
3846,1FFW_A_B,['AA102V'],1.3641711473464966,-0.8722991943359375,1FFW_A_B,1,split_1,1FFW_A_B_AA102V_1806
3847,1DAN_HL_UT,['FU57A'],-0.059836238622665405,2.338390350341797,1DAN_HL_UT,1,split_1,1DAN_HL_UT_FU57A_602
3848,1DQJ_AB_C,['LC75A'],1.4530574083328247,0.9290504455566406,1DQJ_AB_C,1,split_1,1DQJ_AB_C_LC75A_339
3849,2B0U_AB_C,['IC51A'],0.0,0.6862449645996094,2B0U_AB_C,1,split_1,2B0U_AB_C_IC51A_1330
3850,3MZG_A_B,['HB188A'],2.4425549507141113,1.6344833374023438,3MZG_A_B,1,split_1,3MZG_A_B_HB188A_733
3851,3NGB_HL_G,['AH57G'],-0.056055422872304916,0.20583343505859375,3NGB_HL_G,1,split_1,3NGB_HL_G_AH57G_1573
3852,1JRH_LH_I,['TL94A'],0.3854418992996216,0.3268623352050781,1JRH_LH_I,1,split_1,1JRH_LH_I_TL94A_822
3853,1DAN_HL_UT,['VU56A'],0.19953952729701996,0.8538665771484375,1DAN_HL_UT,1,split_1,1DAN_HL_UT_VU56A_601
3854,1DAN_HL_UT,['NU105A'],0.0,1.0729866027832031,1DAN_HL_UT,1,split_1,1DAN_HL_UT_NU105A_608
3855,2B2X_HL_A,"['VH50T', 'EH64K', 'QL28S', 'YL52E']",1.043681025505066,0.42659759521484375,2B2X_HL_A,4,split_1,"2B2X_HL_A_VH50T,EH64K,QL28S,YL52E_1417"
3856,3BK3_A_C,['IC22A'],1.3077044486999512,1.5131759643554688,3BK3_A_C,1,split_1,3BK3_A_C_IC22A_231
3857,2AK4_ABC_DE,['QA155A'],0.929593563079834,0.5655937194824219,2AK4_ABC_DE,1,split_1,2AK4_ABC_DE_QA155A_1264
3858,1GC1_G_C,['RC58A'],0.13220183551311493,0.9799880981445312,1GC1_G_C,1,split_1,1GC1_G_C_RC58A_526
3859,3SGB_E_I,"['TI11P', 'LI12K', 'GI26D']",6.543062686920166,11.134342193603516,3SGB_E_I,3,split_1,"3SGB_E_I_TI11P,LI12K,GI26D_1163"
3860,1JRH_LH_I,"['EI45P', 'II47R']",-3.441638231277466,0.6629486083984375,1JRH_LH_I,2,split_1,"1JRH_LH_I_EI45P,II47R_835"
3861,3SGB_E_I,['YI14C'],1.6952435970306396,3.482013702392578,3SGB_E_I,1,split_1,3SGB_E_I_YI14C_783
3862,3SGB_E_I,['KI7F'],-0.7255579829216003,-0.5884246826171875,3SGB_E_I,1,split_1,3SGB_E_I_KI7F_909
3863,3BT1_A_U,['FU157A'],0.700274646282196,1.5100059509277344,3BT1_A_U,1,split_1,3BT1_A_U_FU157A_1716
3864,1GC1_G_C,['NC66A'],-0.033863615244627,0.8309478759765625,1GC1_G_C,1,split_1,1GC1_G_C_NC66A_531
3865,3SGB_E_I,"['AI9D', 'GI26A', 'NI27S']",2.1838266849517822,6.115272521972656,3SGB_E_I,3,split_1,"3SGB_E_I_AI9D,GI26A,NI27S_1124"
3866,1DAN_HL_UT,['DT53E'],1.380299687385559,0.3575019836425781,1DAN_HL_UT,1,split_1,1DAN_HL_UT_DT53E_1044
3867,4NKQ_C_AB,['DB176A'],0.4226255416870117,1.3051414489746094,4NKQ_C_AB,1,split_1,4NKQ_C_AB_DB176A_1706
3868,2J8U_ABC_EF,['AA66K'],-0.7283912301063538,-1.4054107666015625,2J8U_ABC_EF,1,split_1,2J8U_ABC_EF_AA66K_1080
3869,1AO7_ABC_DE,['SD94Y'],2.317685842514038,-0.71929931640625,1AO7_ABC_DE,1,split_1,1AO7_ABC_DE_SD94Y_1514
3870,3NGB_HL_G,['VH58A'],1.336610198020935,0.3720283508300781,3NGB_HL_G,1,split_1,3NGB_HL_G_VH58A_2210
3871,1VFB_AB_C,['NA31W'],0.1744007170200348,1.0486221313476562,1VFB_AB_C,1,split_1,1VFB_AB_C_NA31W_108
3872,3BT1_A_U,['EU92A'],0.204837828874588,1.0179443359375,3BT1_A_U,1,split_1,3BT1_A_U_EU92A_1660
3873,3SE8_HL_G,['QH63A'],1.0965259075164795,0.24717330932617188,3SE8_HL_G,1,split_1,3SE8_HL_G_QH63A_2242
3874,2B2X_HL_A,"['VH50T', 'EH64K', 'QL28S', 'YL52N', 'TH33I', 'SH52T', 'GH53Q', 'GH54F']",2.2995564937591553,1.3415298461914062,2B2X_HL_A,8,split_1,"2B2X_HL_A_VH50T,EH64K,QL28S,YL52N,TH33I,SH52T,GH53Q,GH54F_1442"
3875,1CBW_FGH_I,['KI15V'],2.1575517654418945,5.30804443359375,1CBW_FGH_I,1,split_1,1CBW_FGH_I_KI15V_606
3876,1DAN_HL_UT,['TU73A'],0.21198563277721405,0.5527687072753906,1DAN_HL_UT,1,split_1,1DAN_HL_UT_TU73A_1016
3877,5E6P_A_B,['YA468A'],0.36446794867515564,1.2234230041503906,5E6P_A_B,1,split_1,5E6P_A_B_YA468A_2255
3878,1VFB_AB_C,['WB52A'],0.36446794867515564,4.402729034423828,1VFB_AB_C,1,split_1,1VFB_AB_C_WB52A_88
3879,4L0P_A_B,['TA11K'],0.0,-0.24039840698242188,4L0P_A_B,1,split_1,4L0P_A_B_TA11K_1886
3880,3BT1_A_U,['DU161A'],-0.0978018268942833,0.4617462158203125,3BT1_A_U,1,split_1,3BT1_A_U_DU161A_1720
3881,3L5X_A_HL,"['EL93H', 'YL94G']",-0.7629918456077576,0.8742752075195312,3L5X_A_HL,2,split_1,"3L5X_A_HL_EL93H,YL94G_1863"
3882,2HLE_A_B,['KA141Q'],-0.4106564223766327,0.19581222534179688,2HLE_A_B,1,split_1,2HLE_A_B_KA141Q_41
3883,2DVW_A_B,['KB62E'],0.20547401905059814,0.052642822265625,2DVW_A_B,1,split_1,2DVW_A_B_KB62E_1570
3884,3SE8_HL_G,['QL27A'],-0.21265773475170135,0.6532249450683594,3SE8_HL_G,1,split_1,3SE8_HL_G_QL27A_2253
3885,1AO7_ABC_DE,['TA80A'],0.07573513686656952,0.3647346496582031,1AO7_ABC_DE,1,split_1,1AO7_ABC_DE_TA80A_1456
3886,2B2X_HL_A,"['VH50T', 'EH64K', 'QL28S', 'YL52N', 'SL91R', 'NL30E']",3.7720232009887695,1.9475936889648438,2B2X_HL_A,6,split_1,"2B2X_HL_A_VH50T,EH64K,QL28S,YL52N,SL91R,NL30E_1403"
3887,3SGB_E_I,"['AI9R', 'TI11K', 'LI12R']",6.780235290527344,9.813796997070312,3SGB_E_I,3,split_1,"3SGB_E_I_AI9R,TI11K,LI12R_993"
3888,2FTL_E_I,['KI15A'],10.638931274414062,9.855342864990234,2FTL_E_I,1,split_1,2FTL_E_I_KI15A_282
3889,2B2X_HL_A,"['VH50T', 'EH64K', 'QL28S', 'YL52N', 'SH52M']",3.120450735092163,2.1842994689941406,2B2X_HL_A,5,split_1,"2B2X_HL_A_VH50T,EH64K,QL28S,YL52N,SH52M_1404"
3890,4P5T_CD_AB,['KC76A'],0.3591063618659973,0.3435554504394531,4P5T_CD_AB,1,split_1,4P5T_CD_AB_KC76A_2135
3891,1AO7_ABC_DE,"['GE98A', 'RE99Q']",-1.5635147094726562,-0.7095909118652344,1AO7_ABC_DE,2,split_1,"1AO7_ABC_DE_GE98A,RE99Q_1536"
3892,2B2X_HL_A,"['VH50T', 'YL52N']",0.1864510029554367,-0.23299026489257812,2B2X_HL_A,2,split_1,"2B2X_HL_A_VH50T,YL52N_1445"
3893,4NKQ_C_AB,"['YB119A', 'YB124A']",-0.6271737813949585,1.6394996643066406,4NKQ_C_AB,2,split_1,"4NKQ_C_AB_YB119A,YB124A_1699"
3894,4K71_A_BC,"['MA416V', 'AA418T', 'GA503R']",2.7775838375091553,-1.0851707458496094,4K71_A_BC,3,split_1,"4K71_A_BC_MA416V,AA418T,GA503R_1247"
3895,1XGR_AB_C,['IB33V'],1.108123779296875,0.8668594360351562,1XGR_AB_C,1,split_1,1XGR_AB_C_IB33V_1347
3896,3SGB_E_I,"['EI4D', 'AI9V', 'YI14E', 'RI15M', 'EI37D']",1.713875651359558,4.173549652099609,3SGB_E_I,5,split_1,"3SGB_E_I_EI4D,AI9V,YI14E,RI15M,EI37D_1152"
3897,1AO7_ABC_DE,"['RE99A', 'YC5A']",1.8859434127807617,2.5615463256835938,1AO7_ABC_DE,2,split_1,"1AO7_ABC_DE_RE99A,YC5A_1412"
3898,2BDN_HL_A,['TL56E'],-0.6891109943389893,0.21914291381835938,2BDN_HL_A,1,split_1,2BDN_HL_A_TL56E_1554
3899,4NKQ_C_AB,['IB91A'],-0.050451911985874176,-0.017757415771484375,4NKQ_C_AB,1,split_1,4NKQ_C_AB_IB91A_1696
3900,3NGB_HL_G,['KH52A'],0.6128783822059631,1.0329017639160156,3NGB_HL_G,1,split_1,3NGB_HL_G_KH52A_2206
3901,1AO7_ABC_DE,['RA65A'],2.6809208393096924,3.6469192504882812,1AO7_ABC_DE,1,split_1,1AO7_ABC_DE_RA65A_1433
3902,3L5X_A_HL,"['HL91P', 'NL92L', 'EL93D', 'YL94V']",-0.8586066961288452,1.5120124816894531,3L5X_A_HL,4,split_1,"3L5X_A_HL_HL91P,NL92L,EL93D,YL94V_1856"
3903,1GC1_G_C,['QC20A'],-0.01668989285826683,0.7102012634277344,1GC1_G_C,1,split_1,1GC1_G_C_QC20A_502
3904,2DVW_A_B,['RA39A'],0.9106241464614868,2.1784019470214844,2DVW_A_B,1,split_1,2DVW_A_B_RA39A_1571
3905,3SE9_HL_G,['GH107A'],-0.6052793264389038,0.3622779846191406,3SE9_HL_G,1,split_1,3SE9_HL_G_GH107A_1826
3906,1BJ1_HL_VW,"['ML4L', 'TH28D', 'NH31H', 'HH101Y', 'SH105T']",-1.4631426334381104,-2.3234176635742188,1BJ1_HL_VW,5,split_1,"1BJ1_HL_VW_ML4L,TH28D,NH31H,HH101Y,SH105T_1927"
3907,3NPS_A_BC,['FA92A'],0.4637473225593567,1.6327667236328125,3NPS_A_BC,1,split_1,3NPS_A_BC_FA92A_550
3908,3SGB_E_I,['LI12M'],0.47637805342674255,0.4177742004394531,3SGB_E_I,1,split_1,3SGB_E_I_LI12M_1120
3909,3LNZ_A_B,['AB8N'],1.111736536026001,0.4730033874511719,3LNZ_A_B,1,split_1,3LNZ_A_B_AB8N_1808
3910,3SE8_HL_G,['YH111A'],0.8165920972824097,1.3857002258300781,3SE8_HL_G,1,split_1,3SE8_HL_G_YH111A_2249
3911,1JRH_LH_I,['KI37A'],3.852294683456421,1.1056900024414062,1JRH_LH_I,1,split_1,1JRH_LH_I_KI37A_861
3912,3SGB_E_I,['NI30L'],0.7407817244529724,1.3419036865234375,3SGB_E_I,1,split_1,3SGB_E_I_NI30L_977
3913,3SGB_E_I,['PI8C'],-0.3274226188659668,-1.1824226379394531,3SGB_E_I,1,split_1,3SGB_E_I_PI8C_859
3914,2J8U_ABC_EF,['AA66K'],-1.1528583765029907,-1.4054183959960938,2J8U_ABC_EF,1,split_1,2J8U_ABC_EF_AA66K_1081
3915,1AO7_ABC_DE,"['GD28T', 'AE96M', 'GE97S', 'GE98A']",-3.861774206161499,-1.3013343811035156,1AO7_ABC_DE,4,split_1,"1AO7_ABC_DE_GD28T,AE96M,GE97S,GE98A_1540"
3916,1BD2_ABC_DE,"['YE99A', 'YC5A']",2.6869916915893555,3.512451171875,1BD2_ABC_DE,2,split_1,"1BD2_ABC_DE_YE99A,YC5A_1229"
3917,5XCO_A_B,['DA13G'],1.1104871034622192,0.1796875,5XCO_A_B,1,split_1,5XCO_A_B_DA13G_2300
3918,1CBW_FGH_I,['KI15I'],2.9615907669067383,4.663230895996094,1CBW_FGH_I,1,split_1,1CBW_FGH_I_KI15I_611
3919,2AK4_ABC_DE,['QA65A'],-0.2579050660133362,0.5095291137695312,2AK4_ABC_DE,1,split_1,2AK4_ABC_DE_QA65A_1259
3920,3SGB_E_I,"['AI9R', 'TI11P', 'LI12R']",8.58305835723877,11.46352767944336,3SGB_E_I,3,split_1,"3SGB_E_I_AI9R,TI11P,LI12R_994"
3921,3SGB_E_I,['EI13H'],0.5260738134384155,1.7178993225097656,3SGB_E_I,1,split_1,3SGB_E_I_EI13H_756
3922,3BT1_A_U,['EU39A'],0.15741637349128723,0.10273361206054688,3BT1_A_U,1,split_1,3BT1_A_U_EU39A_1611
3923,1GUA_A_B,['NB9A'],-0.3999384045600891,0.3870964050292969,1GUA_A_B,1,split_1,1GUA_A_B_NB9A_2280
3924,1GC1_G_C,['DC53A'],0.3026396632194519,0.3596038818359375,1GC1_G_C,1,split_1,1GC1_G_C_DC53A_524
3925,3L5X_A_HL,"['NL92D', 'EL93L', 'YL94G']",-0.4298209547996521,1.092987060546875,3L5X_A_HL,3,split_1,"3L5X_A_HL_NL92D,EL93L,YL94G_1876"
3926,1BD2_ABC_DE,['YE99A'],0.2170730084180832,1.0628623962402344,1BD2_ABC_DE,1,split_1,1BD2_ABC_DE_YE99A_1224
3927,2B2X_HL_A,"['VH50T', 'EH64K', 'QL28S', 'YL52N', 'GL92Q']",2.617070198059082,0.6881752014160156,2B2X_HL_A,5,split_1,"2B2X_HL_A_VH50T,EH64K,QL28S,YL52N,GL92Q_1401"
3928,1FC2_C_D,['NC2F'],-0.10801676660776138,-0.7808761596679688,1FC2_C_D,1,split_1,1FC2_C_D_NC2F_286
3929,1DAN_HL_UT,['GU70R'],-0.16279315948486328,-1.1265144348144531,1DAN_HL_UT,1,split_1,1DAN_HL_UT_GU70R_1018
3930,2FTL_E_I,['KI15V'],11.756443977355957,8.281661987304688,2FTL_E_I,1,split_1,2FTL_E_I_KI15V_284
3931,2B2X_HL_A,"['VH50T', 'EH64K', 'QL28S', 'YL52N', 'TH33N']",3.7720232009887695,1.7461891174316406,2B2X_HL_A,5,split_1,"2B2X_HL_A_VH50T,EH64K,QL28S,YL52N,TH33N_1422"
3932,3SGB_E_I,"['EI4D', 'AI9V', 'TI11S', 'RI15M', 'NI22S', 'GI26S', 'NI30D', 'VI35F', 'EI37D', 'TI43S']",3.307779312133789,0.23101425170898438,3SGB_E_I,10,split_1,"3SGB_E_I_EI4D,AI9V,TI11S,RI15M,NI22S,GI26S,NI30D,VI35F,EI37D,TI43S_1116"
3933,1VFB_AB_C,['VC120A'],0.9173604846000671,0.8780632019042969,1VFB_AB_C,1,split_1,1VFB_AB_C_VC120A_586
3934,3SGB_E_I,['LI12D'],5.66865873336792,6.248622894287109,3SGB_E_I,1,split_1,3SGB_E_I_LI12D_638
3935,1JRH_LH_I,['KI42A'],2.9847934246063232,0.19659423828125,1JRH_LH_I,1,split_1,1JRH_LH_I_KI42A_848
3936,3SGB_E_I,['TI11E'],4.797141075134277,3.9071693420410156,3SGB_E_I,1,split_1,3SGB_E_I_TI11E_717
3937,1C4Z_ABC_D,['AD95G'],0.4106564223766327,0.9298896789550781,1C4Z_ABC_D,1,split_1,1C4Z_ABC_D_AD95G_1915
3938,1CBW_FGH_I,['VI34A'],0.051550064235925674,0.7233772277832031,1CBW_FGH_I,1,split_1,1CBW_FGH_I_VI34A_597
3939,2BDN_HL_A,['NH28Q'],1.4000883102416992,0.2174835205078125,2BDN_HL_A,1,split_1,2BDN_HL_A_NH28Q_1546
3940,3SGB_E_I,['KI7E'],0.03220640495419502,-0.07519912719726562,3SGB_E_I,1,split_1,3SGB_E_I_KI7E_907
3941,1FFW_A_B,['YA105W'],0.7132960557937622,0.7996101379394531,1FFW_A_B,1,split_1,1FFW_A_B_YA105W_524
3942,3SE8_HL_G,['PH78A'],0.018515631556510925,0.615234375,3SE8_HL_G,1,split_1,3SE8_HL_G_PH78A_2246
3943,1C4Z_ABC_D,['ND28A'],-0.17839030921459198,0.9520759582519531,1C4Z_ABC_D,1,split_1,1C4Z_ABC_D_ND28A_1899
3944,1CBW_FGH_I,['KI15A'],2.0150461196899414,6.100376129150391,1CBW_FGH_I,1,split_1,1CBW_FGH_I_KI15A_591
3945,5XCO_A_B,"['DA13G', 'YB8A']",2.7415082454681396,2.304973602294922,5XCO_A_B,2,split_1,"5XCO_A_B_DA13G,YB8A_2321"
3946,3L5X_A_HL,"['HL91P', 'NL92L', 'EL93D', 'YL94S']",-0.6330730319023132,1.5162544250488281,3L5X_A_HL,4,split_1,"3L5X_A_HL_HL91P,NL92L,EL93D,YL94S_1868"
3947,1FC2_C_D,['FC26A'],0.06347805261611938,1.0102424621582031,1FC2_C_D,1,split_1,1FC2_C_D_FC26A_278
3948,3SGB_E_I,['TI11A'],3.229379177093506,1.8043556213378906,3SGB_E_I,1,split_1,3SGB_E_I_TI11A_1174
3949,3SGB_E_I,['GI26Q'],2.956298828125,2.250988006591797,3SGB_E_I,1,split_1,3SGB_E_I_GI26Q_944
3950,3SE9_HL_G,['VH55A'],-0.8454979062080383,0.5586814880371094,3SE9_HL_G,1,split_1,3SE9_HL_G_VH55A_1812
3951,2B2X_HL_A,"['QL28S', 'YL52N']",0.682479977607727,0.45680999755859375,2B2X_HL_A,2,split_1,"2B2X_HL_A_QL28S,YL52N_1374"
3952,1AO7_ABC_DE,['GD28R'],2.317685842514038,-0.3937721252441406,1AO7_ABC_DE,1,split_1,1AO7_ABC_DE_GD28R_1503
3953,2B2X_HL_A,['VH50T'],-0.04203549772500992,0.14997100830078125,2B2X_HL_A,1,split_1,2B2X_HL_A_VH50T_1447
3954,1DAN_HL_UT,['TT55A'],2.2240757942199707,1.1515045166015625,1DAN_HL_UT,1,split_1,1DAN_HL_UT_TT55A_564
3955,3SGB_E_I,"['EI4G', 'LI12M', 'YI14S', 'LI17I', 'KI23T', 'GI26S', 'HI46Y', 'FI47P', 'KI49V']",3.6910526752471924,3.1605453491210938,3SGB_E_I,9,split_1,"3SGB_E_I_EI4G,LI12M,YI14S,LI17I,KI23T,GI26S,HI46Y,FI47P,KI49V_1134"
3956,3SGB_E_I,['GI26L'],2.6581475734710693,2.8169593811035156,3SGB_E_I,1,split_1,3SGB_E_I_GI26L_938
3957,3NGB_HL_G,['GH55S'],0.7433762550354004,-0.12670135498046875,3NGB_HL_G,1,split_1,3NGB_HL_G_GH55S_1572
3958,3NPS_A_BC,['DA91A'],1.5077089071273804,2.1889495849609375,3NPS_A_BC,1,split_1,3NPS_A_BC_DA91A_549
3959,1C4Z_ABC_D,['RD3E'],1.1857807636260986,1.3025550842285156,1C4Z_ABC_D,1,split_1,1C4Z_ABC_D_RD3E_1896
3960,3WWN_A_B,['KA225E'],0.15640123188495636,0.267578125,3WWN_A_B,1,split_1,3WWN_A_B_KA225E_1954
3961,1DAN_HL_UT,['KT15A'],2.4386024475097656,0.7121734619140625,1DAN_HL_UT,1,split_1,1DAN_HL_UT_KT15A_578
3962,3SGB_E_I,"['EI4D', 'KI7R', 'AI9D', 'RI15M', 'EI37D']",-0.2884680926799774,3.1540565490722656,3SGB_E_I,5,split_1,"3SGB_E_I_EI4D,KI7R,AI9D,RI15M,EI37D_1104"
3963,1AO7_ABC_DE,"['QD30L', 'LC1A']",3.0241568088531494,1.6764030456542969,1AO7_ABC_DE,2,split_1,"1AO7_ABC_DE_QD30L,LC1A_1325"
3964,4NKQ_C_AB,"['IB179Q', 'LB180Q']",0.6508750319480896,1.3304443359375,4NKQ_C_AB,2,split_1,"4NKQ_C_AB_IB179Q,LB180Q_1730"
3965,4NKQ_C_AB,['DC99K'],-0.33154547214508057,2.1068382263183594,4NKQ_C_AB,1,split_1,4NKQ_C_AB_DC99K_1711
3966,3BT1_A_U,['MU256A'],0.7385106086730957,0.5854682922363281,3BT1_A_U,1,split_1,3BT1_A_U_MU256A_1804
3967,3SGB_E_I,['KI7N'],-0.6595435738563538,-0.4134330749511719,3SGB_E_I,1,split_1,3SGB_E_I_KI7N_904
3968,3SE9_HL_G,['WH48A'],1.0414464473724365,2.5208396911621094,3SE9_HL_G,1,split_1,3SE9_HL_G_WH48A_1810
3969,3SE8_HL_G,['NL30A'],0.1912277340888977,1.0055770874023438,3SE8_HL_G,1,split_1,3SE8_HL_G_NL30A_2254
3970,4K71_A_BC,"['GA503R', 'AA545V']",1.667994499206543,0.5202102661132812,4K71_A_BC,2,split_1,"4K71_A_BC_GA503R,AA545V_1245"
3971,3BT1_A_U,['QU112A'],-0.12899070978164673,0.6960906982421875,3BT1_A_U,1,split_1,3BT1_A_U_QU112A_1676
3972,3BT1_A_U,['VU83A'],0.28166571259498596,0.26218414306640625,3BT1_A_U,1,split_1,3BT1_A_U_VU83A_1651
3973,1JRH_LH_I,['YL91A'],0.5810942649841309,2.1730728149414062,1JRH_LH_I,1,split_1,1JRH_LH_I_YL91A_819
3974,3Q8D_A_E,['FA227A'],0.3026396632194519,1.6085395812988281,3Q8D_A_E,1,split_1,3Q8D_A_E_FA227A_1570
3975,3SGB_E_I,['KI7R'],-0.6926963925361633,-0.27376556396484375,3SGB_E_I,1,split_1,3SGB_E_I_KI7R_910
3976,3BT1_A_U,['EU181A'],0.46005600690841675,-0.14071273803710938,3BT1_A_U,1,split_1,3BT1_A_U_EU181A_1736
3977,1XD3_A_B,['RB42L'],-0.8621878027915955,0.3907814025878906,1XD3_A_B,1,split_1,1XD3_A_B_RB42L_290
3978,1DAN_HL_UT,['TT16A'],-0.15900751948356628,1.1354026794433594,1DAN_HL_UT,1,split_1,1DAN_HL_UT_TT16A_1064
3979,3D3V_ABC_DE,"['EE30A', 'YC8A']",3.9009265899658203,4.1016082763671875,3D3V_ABC_DE,2,split_1,"3D3V_ABC_DE_EE30A,YC8A_1376"
3980,1GC1_G_C,['NC32A'],0.1826537549495697,-0.00843048095703125,1GC1_G_C,1,split_1,1GC1_G_C_NC32A_511
3981,1AO7_ABC_DE,['RE99P'],-1.9416855573654175,0.0770721435546875,1AO7_ABC_DE,1,split_1,1AO7_ABC_DE_RE99P_1549
3982,1BJ1_HL_VW,"['TH28D', 'NH31H', 'HH101Y', 'SH105T']",-1.7547425031661987,-1.1000938415527344,1BJ1_HL_VW,4,split_1,"1BJ1_HL_VW_TH28D,NH31H,HH101Y,SH105T_1938"
3983,3SGB_E_I,['NI22S'],0.009847073815762997,0.2142486572265625,3SGB_E_I,1,split_1,3SGB_E_I_NI22S_1129
3984,1FC2_C_D,['FC26W'],0.0,-0.13278961181640625,1FC2_C_D,1,split_1,1FC2_C_D_FC26W_274
3985,3SGB_E_I,"['LI12M', 'HI46R', 'KI49E']",-0.11668532341718674,0.2886085510253906,3SGB_E_I,3,split_1,"3SGB_E_I_LI12M,HI46R,KI49E_1141"
3986,1B41_A_B,['MB33F'],0.7788600921630859,0.8475761413574219,1B41_A_B,1,split_1,1B41_A_B_MB33F_1207
3987,3SE8_HL_G,['VH58A'],1.2296135425567627,0.3538665771484375,3SE8_HL_G,1,split_1,3SE8_HL_G_VH58A_2238
3988,3NPS_A_BC,['FA50A'],0.21966907382011414,0.40700531005859375,3NPS_A_BC,1,split_1,3NPS_A_BC_FA50A_543
3989,4NKQ_C_AB,['RB178M'],1.8640347719192505,0.24888229370117188,4NKQ_C_AB,1,split_1,4NKQ_C_AB_RB178M_1716
3990,3SGB_E_I,['PI8W'],-0.5005508065223694,-0.049243927001953125,3SGB_E_I,1,split_1,3SGB_E_I_PI8W_874
3991,3SGB_E_I,['TI11N'],3.254415988922119,1.1449661254882812,3SGB_E_I,1,split_1,3SGB_E_I_TI11N_713
3992,1GC1_G_C,['HC27A'],0.28255462646484375,2.0694351196289062,1GC1_G_C,1,split_1,1GC1_G_C_HC27A_507
3993,3SGB_E_I,['LI12R'],3.366955280303955,4.739253997802734,3SGB_E_I,1,split_1,3SGB_E_I_LI12R_644
3994,1AO7_ABC_DE,['YC5A'],1.7602497339248657,2.2227935791015625,1AO7_ABC_DE,1,split_1,1AO7_ABC_DE_YC5A_1357
3995,4NKQ_C_AB,"['DB176A', 'VB177A']",2.246422052383423,1.4084129333496094,4NKQ_C_AB,2,split_1,"4NKQ_C_AB_DB176A,VB177A_1725"
3996,3SGB_E_I,['RI15M'],0.1275499165058136,-0.1181640625,3SGB_E_I,1,split_1,3SGB_E_I_RI15M_827
3997,1DAN_HL_UT,['KT63A'],-0.07038220763206482,0.4076194763183594,1DAN_HL_UT,1,split_1,1DAN_HL_UT_KT63A_1040
3998,2AK4_ABC_DE,['LC5A'],1.4039890766143799,1.6886177062988281,2AK4_ABC_DE,1,split_1,2AK4_ABC_DE_LC5A_1270
3999,1JRH_LH_I,['KI88A'],0.6671075820922852,0.80535888671875,1JRH_LH_I,1,split_1,1JRH_LH_I_KI88A_879
4000,1AO7_ABC_DE,['TA163A'],0.48929646611213684,0.16480255126953125,1AO7_ABC_DE,1,split_1,1AO7_ABC_DE_TA163A_1351
4001,1REW_AB_C,"['WA20A', 'WB20A']",1.087313175201416,3.2096023559570312,1REW_AB_C,2,split_1,"1REW_AB_C_WA20A,WB20A_197"
4002,3BK3_A_C,['IC19R'],0.4239705204963684,1.7169761657714844,3BK3_A_C,1,split_1,3BK3_A_C_IC19R_230
4003,3MZG_A_B,['HA84A'],-0.0624210461974144,0.5516281127929688,3MZG_A_B,1,split_1,3MZG_A_B_HA84A_677
4004,3BT1_A_U,['SU243A'],-0.06817305088043213,0.15125274658203125,3BT1_A_U,1,split_1,3BT1_A_U_SU243A_1792
4005,3NVQ_B_A,['RA157E'],1.545855164527893,1.1651115417480469,3NVQ_B_A,1,split_1,3NVQ_B_A_RA157E_1741
4006,5F4E_A_B,['WB43A'],1.0731322765350342,1.3007659912109375,5F4E_A_B,1,split_1,5F4E_A_B_WB43A_1254
4007,3SE9_HL_G,['GH62A'],0.045595720410346985,0.3609962463378906,3SE9_HL_G,1,split_1,3SE9_HL_G_GH62A_1817
4008,3BT1_A_U,['FU165A'],0.12702755630016327,1.48712158203125,3BT1_A_U,1,split_1,3BT1_A_U_FU165A_1724
4009,2BDN_HL_A,['NH28D'],0.13220183551311493,0.32030487060546875,2BDN_HL_A,1,split_1,2BDN_HL_A_NH28D_1545
4010,1AO7_ABC_DE,['GD28I'],-0.279584139585495,-0.5728225708007812,1AO7_ABC_DE,1,split_1,1AO7_ABC_DE_GD28I_1500
4011,3BT1_A_U,['RU143A'],0.9190446734428406,1.2079353332519531,3BT1_A_U,1,split_1,3BT1_A_U_RU143A_1705
4012,1JRH_LH_I,['WL95A'],1.6668107509613037,0.577362060546875,1JRH_LH_I,1,split_1,1JRH_LH_I_WL95A_823
4013,1AO7_ABC_DE,['EA166A'],0.8771873712539673,0.8301887512207031,1AO7_ABC_DE,1,split_1,1AO7_ABC_DE_EA166A_1437
4014,4NKQ_C_AB,"['RB80A', 'NB81A', 'YB82A']",-0.33154547214508057,1.4280967712402344,4NKQ_C_AB,3,split_1,"4NKQ_C_AB_RB80A,NB81A,YB82A_1681"
4015,2AK4_ABC_DE,['NE28A'],0.822894811630249,0.6477432250976562,2AK4_ABC_DE,1,split_1,2AK4_ABC_DE_NE28A_1253
4016,1VFB_AB_C,['YB32A'],1.1237155199050903,1.4592819213867188,1VFB_AB_C,1,split_1,1VFB_AB_C_YB32A_594
4017,2B2X_HL_A,['YL52E'],-0.22420541942119598,-0.3332633972167969,2B2X_HL_A,1,split_1,2B2X_HL_A_YL52E_1379
4018,1JRH_LH_I,['KI42M'],4.913825988769531,-0.6859169006347656,1JRH_LH_I,1,split_1,1JRH_LH_I_KI42M_849
4019,1GC1_G_C,['DC63A'],-0.31932955980300903,0.22217559814453125,1GC1_G_C,1,split_1,1GC1_G_C_DC63A_529
4020,1AO7_ABC_DE,['YC8A'],3.1675331592559814,3.3317298889160156,1AO7_ABC_DE,1,split_1,1AO7_ABC_DE_YC8A_1372
4021,1AO7_ABC_DE,['HA74A'],1.6043896675109863,0.7834854125976562,1AO7_ABC_DE,1,split_1,1AO7_ABC_DE_HA74A_1453
4022,1B41_A_B,['HB29K'],-0.8879506587982178,-0.3145294189453125,1B41_A_B,1,split_1,1B41_A_B_HB29K_1204
4023,3BT1_A_U,['SU98A'],1.156526803970337,0.5411109924316406,3BT1_A_U,1,split_1,3BT1_A_U_SU98A_1664
4024,1REW_AB_C,"['EA98R', 'EB98R']",0.26882827281951904,-0.2563133239746094,1REW_AB_C,2,split_1,"1REW_AB_C_EA98R,EB98R_209"
4025,1DAN_HL_UT,['KT15R'],1.68574059009552,-0.028682708740234375,1DAN_HL_UT,1,split_1,1DAN_HL_UT_KT15R_1065
4026,3IDX_HL_G,"['WG13M', 'MG247A', 'CG14W', 'CG129V', 'KG85C', 'EG121C']",-0.36182716488838196,0.5393142700195312,3IDX_HL_G,6,split_1,"3IDX_HL_G_WG13M,MG247A,CG14W,CG129V,KG85C,EG121C_1963"
4027,1JCK_A_B,['QB210A'],2.077467203140259,1.3365592956542969,1JCK_A_B,1,split_1,1JCK_A_B_QB210A_33
4028,4MNQ_ABC_DE,"['LC6A', 'HE50W', 'PE51E', 'EE52F', 'YE53E']",4.3891987800598145,1.2819252014160156,4MNQ_ABC_DE,5,split_1,"4MNQ_ABC_DE_LC6A,HE50W,PE51E,EE52F,YE53E_1297"
4029,3BT1_A_U,['QU109A'],0.08392112702131271,-0.09833526611328125,3BT1_A_U,1,split_1,3BT1_A_U_QU109A_1673
4030,1AO7_ABC_DE,['RE92A'],0.45314955711364746,0.27367401123046875,1AO7_ABC_DE,1,split_1,1AO7_ABC_DE_RE92A_1380
4031,3BT1_A_U,['TU224A'],-0.2150040864944458,0.4103050231933594,3BT1_A_U,1,split_1,3BT1_A_U_TU224A_1774
4032,1DQJ_AB_C,['WC62A'],0.7584180235862732,-0.22370529174804688,1DQJ_AB_C,1,split_1,1DQJ_AB_C_WC62A_337
4033,1REW_AB_C,"['PA39A', 'PB39A']",1.2945013046264648,0.61602783203125,1REW_AB_C,2,split_1,"1REW_AB_C_PA39A,PB39A_200"
4034,3SE8_HL_G,['FL90A'],-0.850218653678894,1.1218490600585938,3SE8_HL_G,1,split_1,3SE8_HL_G_FL90A_2256
4035,2B2X_HL_A,"['VH50T', 'EH64K', 'QL28S', 'YL52N', 'SL24R']",0.6799096465110779,0.174713134765625,2B2X_HL_A,5,split_1,"2B2X_HL_A_VH50T,EH64K,QL28S,YL52N,SL24R_1413"
4036,3D3V_ABC_DE,"['LE97A', 'YC8A']",4.390338897705078,3.54229736328125,3D3V_ABC_DE,2,split_1,"3D3V_ABC_DE_LE97A,YC8A_1394"
4037,3MZW_A_B,"['NB18T', 'SB28K']",-0.2150040864944458,-0.8524551391601562,3MZW_A_B,2,split_1,"3MZW_A_B_NB18T,SB28K_1552"
4038,3BT1_A_U,['GU177A'],0.327854186296463,0.57281494140625,3BT1_A_U,1,split_1,3BT1_A_U_GU177A_1732
4039,1JRH_LH_I,"['II25N', 'PI27S', 'VI29T', 'VI31I']",0.14377030730247498,-0.5043601989746094,1JRH_LH_I,4,split_1,"1JRH_LH_I_II25N,PI27S,VI29T,VI31I_809"
4040,1FFW_A_B,['AA89V'],0.09132687747478485,-0.16280746459960938,1FFW_A_B,1,split_1,1FFW_A_B_AA89V_522
4041,5XCO_A_B,['VB14A'],0.0,1.9874916076660156,5XCO_A_B,1,split_1,5XCO_A_B_VB14A_2309
4042,1JCK_A_B,['TB20A'],1.654841661453247,1.4773750305175781,1JCK_A_B,1,split_1,1JCK_A_B_TB20A_17
4043,3NPS_A_BC,['QA23A'],0.02633553557097912,0.04970550537109375,3NPS_A_BC,1,split_1,3NPS_A_BC_QA23A_537
4044,3Q8D_A_E,['RA131A'],3.0309817790985107,1.3052291870117188,3Q8D_A_E,1,split_1,3Q8D_A_E_RA131A_1574
4045,5XCO_A_B,['PB13A'],0.6351353526115417,2.0976524353027344,5XCO_A_B,1,split_1,5XCO_A_B_PB13A_2308
4046,4P5T_CD_AB,['QD72A'],0.0,0.4023933410644531,4P5T_CD_AB,1,split_1,4P5T_CD_AB_QD72A_2148
4047,3NGB_HL_G,['IH30A'],-0.002699102507904172,1.0328521728515625,3NGB_HL_G,1,split_1,3NGB_HL_G_IH30A_2202
4048,3N0P_A_B,['AA17H'],-0.28546592593193054,-0.4600639343261719,3N0P_A_B,1,split_1,3N0P_A_B_AA17H_762
4049,1C4Z_ABC_D,['KD97E'],1.420637845993042,0.9910736083984375,1C4Z_ABC_D,1,split_1,1C4Z_ABC_D_KD97E_1917
4050,3BE1_HL_A,"['DL28N', 'PL30A', 'RL31K', 'SL32T', 'TL97S', 'TL98S', 'KH30S', 'DH31G', 'TH54S', 'NH55E', 'GH100V', 'DH102V', 'YL36A', 'IL33A']",-2.728342294692993,-0.17417144775390625,3BE1_HL_A,14,split_1,"3BE1_HL_A_DL28N,PL30A,RL31K,SL32T,TL97S,TL98S,KH30S,DH31G,TH54S,NH55E,GH100V,DH102V,YL36A,IL33A_1538"
4051,2BDN_HL_A,['TL56D'],-0.4256560206413269,0.2609748840332031,2BDN_HL_A,1,split_1,2BDN_HL_A_TL56D_1553
4052,1AO7_ABC_DE,['EA58A'],-0.7198425531387329,0.5050621032714844,1AO7_ABC_DE,1,split_1,1AO7_ABC_DE_EA58A_1314
4053,1DAN_HL_UT,['WU68F'],0.12289611995220184,0.0148162841796875,1DAN_HL_UT,1,split_1,1DAN_HL_UT_WU68F_1020
4054,1B41_A_B,['VB34T'],1.2143783569335938,1.38739013671875,1B41_A_B,1,split_1,1B41_A_B_VB34T_1211
4055,3BT1_A_U,['MU4A'],0.03743046522140503,0.4647102355957031,3BT1_A_U,1,split_1,3BT1_A_U_MU4A_1580
4056,1DAN_HL_UT,['ST42A'],-0.1265324056148529,0.006011962890625,1DAN_HL_UT,1,split_1,1DAN_HL_UT_ST42A_551
4057,1JRH_LH_I,['TI4V'],-0.02557743899524212,0.12588882446289062,1JRH_LH_I,1,split_1,1JRH_LH_I_TI4V_806
4058,1AO7_ABC_DE,['GD28V'],0.5428582429885864,-0.163330078125,1AO7_ABC_DE,1,split_1,1AO7_ABC_DE_GD28V_1505
4059,3SGB_E_I,['RI15E'],0.6714746952056885,0.10343551635742188,3SGB_E_I,1,split_1,3SGB_E_I_RI15E_832
4060,1AO7_ABC_DE,['AA158G'],0.3119908273220062,-0.2908287048339844,1AO7_ABC_DE,1,split_1,1AO7_ABC_DE_AA158G_1464
4061,1VFB_AB_C,['DB58E'],0.07811605930328369,0.26326751708984375,1VFB_AB_C,1,split_1,1VFB_AB_C_DB58E_105
4062,1FC2_C_D,['LC40W'],0.0,-0.9993324279785156,1FC2_C_D,1,split_1,1FC2_C_D_LC40W_275
4063,3BK3_A_C,['TC6P'],1.743019700050354,0.26251220703125,3BK3_A_C,1,split_1,3BK3_A_C_TC6P_228
4064,3MZG_A_B,['HB188A'],2.2499032020568848,1.6344795227050781,3MZG_A_B,1,split_1,3MZG_A_B_HB188A_736
4065,2DVW_A_B,['EA180A'],0.43817728757858276,0.6444053649902344,2DVW_A_B,1,split_1,2DVW_A_B_EA180A_1575
4066,3BT1_A_U,['HU126A'],0.39101532101631165,1.2061271667480469,3BT1_A_U,1,split_1,3BT1_A_U_HU126A_1688
4067,1JRH_LH_I,['WI72Y'],1.135563611984253,-0.32807159423828125,1JRH_LH_I,1,split_1,1JRH_LH_I_WI72Y_858
4068,2B2X_HL_A,"['VH50T', 'EH64K', 'QL28S', 'YL52N', 'HL31K']",2.208369016647339,1.9469757080078125,2B2X_HL_A,5,split_1,"2B2X_HL_A_VH50T,EH64K,QL28S,YL52N,HL31K_1382"
4069,4NKQ_C_AB,['DB176N'],1.7648701667785645,0.2288818359375,4NKQ_C_AB,1,split_1,4NKQ_C_AB_DB176N_1728
4070,2B2X_HL_A,"['EH64K', 'QL28S', 'YL52N', 'GH102S']",2.7118842601776123,0.5055656433105469,2B2X_HL_A,4,split_1,"2B2X_HL_A_EH64K,QL28S,YL52N,GH102S_1433"
4071,1AO7_ABC_DE,['VA67A'],-0.5582032203674316,0.17029953002929688,1AO7_ABC_DE,1,split_1,1AO7_ABC_DE_VA67A_1447
4072,1DAN_HL_UT,['KU87A'],0.017063796520233154,-0.11334228515625,1DAN_HL_UT,1,split_1,1DAN_HL_UT_KU87A_1011
4073,1XGR_AB_C,['IB33L'],0.06134288012981415,-0.06652069091796875,1XGR_AB_C,1,split_1,1XGR_AB_C_IB33L_1346
4074,5XCO_A_B,"['DA13C', 'SB10A']",2.4643545150756836,0.7771682739257812,5XCO_A_B,2,split_1,"5XCO_A_B_DA13C,SB10A_2314"
4075,3B4V_AB_C,['LC49E'],4.133388519287109,3.3172569274902344,3B4V_AB_C,1,split_1,3B4V_AB_C_LC49E_1364
4076,1DAN_HL_UT,"['LU14A', 'EU15A']",-0.4629063606262207,1.4353103637695312,1DAN_HL_UT,2,split_1,"1DAN_HL_UT_LU14A,EU15A_1037"
4077,3BT1_A_U,['HU201A'],0.012741394340991974,0.2326812744140625,3BT1_A_U,1,split_1,3BT1_A_U_HU201A_1754
4078,1JRH_LH_I,['YL30A'],1.1089528799057007,-0.07610702514648438,1JRH_LH_I,1,split_1,1JRH_LH_I_YL30A_818
4079,2B2X_HL_A,"['VH50T', 'EH64K', 'YL52N']",0.37727001309394836,0.17761611938476562,2B2X_HL_A,3,split_1,"2B2X_HL_A_VH50T,EH64K,YL52N_1365"
4080,3SGB_E_I,"['LI12M', 'HI46R']",0.5010368824005127,0.19330215454101562,3SGB_E_I,2,split_1,"3SGB_E_I_LI12M,HI46R_1140"
4081,3SGB_E_I,"['EI4D', 'LI12V', 'RI15M', 'EI37D']",3.0342824459075928,2.7320289611816406,3SGB_E_I,4,split_1,"3SGB_E_I_EI4D,LI12V,RI15M,EI37D_1109"
4082,1JRH_LH_I,['DH57A'],1.6668107509613037,0.845855712890625,1JRH_LH_I,1,split_1,1JRH_LH_I_DH57A_828
4083,2FTL_E_I,['KI15G'],12.352226257324219,11.114070892333984,2FTL_E_I,1,split_1,2FTL_E_I_KI15G_281
4084,4K71_A_BC,['HA462A'],1.0515739917755127,1.4008026123046875,4K71_A_BC,1,split_1,4K71_A_BC_HA462A_1254
4085,3BK3_A_C,['IC28R'],1.1755025386810303,0.5272445678710938,3BK3_A_C,1,split_1,3BK3_A_C_IC28R_234
4086,3L5X_A_HL,"['NL92L', 'EL93D', 'YL94S']",-0.6806851625442505,0.009548187255859375,3L5X_A_HL,3,split_1,"3L5X_A_HL_NL92L,EL93D,YL94S_1866"
4087,1AO7_ABC_DE,"['SD94A', 'YC5A']",1.8610118627548218,2.474620819091797,1AO7_ABC_DE,2,split_1,"1AO7_ABC_DE_SD94A,YC5A_1367"
4088,1F47_A_B,['QA15A'],-0.045595720410346985,1.0140838623046875,1F47_A_B,1,split_1,1F47_A_B_QA15A_803
4089,1CBW_FGH_I,['PI13A'],-0.09973058849573135,1.0538482666015625,1CBW_FGH_I,1,split_1,1CBW_FGH_I_PI13A_577
4090,3L5X_A_HL,"['NL92V', 'EL93G', 'YL94G']",-0.4632073640823364,0.5323028564453125,3L5X_A_HL,3,split_1,"3L5X_A_HL_NL92V,EL93G,YL94G_1874"
4091,1GUA_A_B,['VB33A'],0.20002995431423187,0.4535331726074219,1GUA_A_B,1,split_1,1GUA_A_B_VB33A_2287
4092,1XD3_A_B,['IB44A'],0.26598143577575684,0.7231407165527344,1XD3_A_B,1,split_1,1XD3_A_B_IB44A_305
4093,3BT1_A_U,['TU200A'],-0.23381365835666656,0.4598197937011719,3BT1_A_U,1,split_1,3BT1_A_U_TU200A_1753
4094,1AO7_ABC_DE,"['KD97P', 'AE50P', 'RE99P']",-1.6319506168365479,1.17547607421875,1AO7_ABC_DE,3,split_1,"1AO7_ABC_DE_KD97P,AE50P,RE99P_1550"
4095,3SZK_AB_C,['QC39A'],0.7665860652923584,1.1105690002441406,3SZK_AB_C,1,split_1,3SZK_AB_C_QC39A_1169
4096,3SGB_E_I,"['EI4D', 'RI15M', 'KI23Q', 'GI26S', 'NI30S', 'EI37D']",1.6952435970306396,0.18195724487304688,3SGB_E_I,6,split_1,"3SGB_E_I_EI4D,RI15M,KI23Q,GI26S,NI30S,EI37D_1101"
4097,3SGB_E_I,"['EI4D', 'LI12V', 'RI15M', 'GI26D', 'EI37D']",4.029724597930908,4.819904327392578,3SGB_E_I,5,split_1,"3SGB_E_I_EI4D,LI12V,RI15M,GI26D,EI37D_1108"
4098,3SGB_E_I,"['AI9R', 'TI11K', 'LI12R', 'RI15L']",6.982303142547607,9.37298583984375,3SGB_E_I,4,split_1,"3SGB_E_I_AI9R,TI11K,LI12R,RI15L_998"
4099,1MI5_ABC_DE,['DD29A'],1.2319692373275757,0.9286880493164062,1MI5_ABC_DE,1,split_1,1MI5_ABC_DE_DD29A_1086
4100,3SE9_HL_G,['GH57A'],0.44517794251441956,0.5407447814941406,3SE9_HL_G,1,split_1,3SE9_HL_G_GH57A_1814
4101,1CSE_E_I,['LI38E'],2.3827457427978516,4.519657135009766,1CSE_E_I,1,split_1,1CSE_E_I_LI38E_5
4102,3SZK_AB_C,['FC43A'],2.2193474769592285,0.8465156555175781,3SZK_AB_C,1,split_1,3SZK_AB_C_FC43A_1173
4103,1MI5_ABC_DE,['QE96A'],1.2319692373275757,0.39008331298828125,1MI5_ABC_DE,1,split_1,1MI5_ABC_DE_QE96A_1115
4104,3SE8_HL_G,['KH52A'],1.0935636758804321,1.3500328063964844,3SE8_HL_G,1,split_1,3SE8_HL_G_KH52A_2234
4105,3BT1_A_U,['KU173A'],0.6923221349716187,0.5597114562988281,3BT1_A_U,1,split_1,3BT1_A_U_KU173A_1730
4106,1VFB_AB_C,"['YB32A', 'KC116A']",1.586751103401184,2.2895660400390625,1VFB_AB_C,2,split_1,"1VFB_AB_C_YB32A,KC116A_607"
4107,3NGB_HL_G,['TH33A'],0.6958054304122925,0.5700874328613281,3NGB_HL_G,1,split_1,3NGB_HL_G_TH33A_2203
4108,1GC1_G_C,"['QC40A', 'DC63A']",-0.4992468059062958,0.5570831298828125,1GC1_G_C,2,split_1,"1GC1_G_C_QC40A,DC63A_547"
4109,3L5X_A_HL,"['NL92L', 'EL93N', 'YL94G']",-0.6957483291625977,0.6202125549316406,3L5X_A_HL,3,split_1,"3L5X_A_HL_NL92L,EL93N,YL94G_1865"
4110,2B2X_HL_A,"['VH50T', 'QL28S', 'YL52N']",0.8883821964263916,0.5495452880859375,2B2X_HL_A,3,split_1,"2B2X_HL_A_VH50T,QL28S,YL52N_1361"
4111,3NPS_A_BC,['DA46A'],0.34013882279396057,0.39810943603515625,3NPS_A_BC,1,split_1,3NPS_A_BC_DA46A_540
4112,1GC1_G_C,['RC59A'],1.1759138107299805,0.5385856628417969,1GC1_G_C,1,split_1,1GC1_G_C_RC59A_527
4113,3SGB_E_I,['RI15C'],0.5527053475379944,0.11860275268554688,3SGB_E_I,1,split_1,3SGB_E_I_RI15C_821
4114,2J0T_A_D,['CD70S'],4.308547019958496,2.001934051513672,2J0T_A_D,1,split_1,2J0T_A_D_CD70S_274
4115,3NPS_A_BC,['RA219A'],-0.08393942564725876,0.0045166015625,3NPS_A_BC,1,split_1,3NPS_A_BC_RA219A_562
4116,3SGB_E_I,['KI7M'],-1.1662476062774658,-0.6435356140136719,3SGB_E_I,1,split_1,3SGB_E_I_KI7M_903
4117,3U82_A_B,['IB45A'],2.5961403846740723,2.578357696533203,3U82_A_B,1,split_1,3U82_A_B_IB45A_2119
4118,3BT1_A_U,['GU82A'],0.09499531984329224,0.20073318481445312,3BT1_A_U,1,split_1,3BT1_A_U_GU82A_1650
4119,2B2X_HL_A,"['VH50T', 'EH64K', 'QL28S', 'YL52N', 'FH99W']",1.043681025505066,0.4665107727050781,2B2X_HL_A,5,split_1,"2B2X_HL_A_VH50T,EH64K,QL28S,YL52N,FH99W_1438"
4120,2AK4_ABC_DE,['YD97A'],1.4039890766143799,1.2923202514648438,2AK4_ABC_DE,1,split_1,2AK4_ABC_DE_YD97A_1250
4121,1C4Z_ABC_D,['PD94A'],0.850218653678894,-0.1296539306640625,1C4Z_ABC_D,1,split_1,1C4Z_ABC_D_PD94A_1914
4122,2AK4_ABC_DE,['LE94A'],0.8384865522384644,0.2258758544921875,2AK4_ABC_DE,1,split_1,2AK4_ABC_DE_LE94A_1257
4123,1JRH_LH_I,['FH103A'],0.0,1.1240158081054688,1JRH_LH_I,1,split_1,1JRH_LH_I_FH103A_832
4124,2DVW_A_B,"['RA39A', 'KA114A']",2.3625965118408203,3.1804580688476562,2DVW_A_B,2,split_1,"2DVW_A_B_RA39A,KA114A_1574"
4125,3MZG_A_B,['HA14A'],0.1230163499712944,-0.15401840209960938,3MZG_A_B,1,split_1,3MZG_A_B_HA14A_706
4126,2B2X_HL_A,"['VH50T', 'EH64K', 'QL28S', 'YL52N', 'NL30W']",2.617070198059082,1.1847915649414062,2B2X_HL_A,5,split_1,"2B2X_HL_A_VH50T,EH64K,QL28S,YL52N,NL30W_1397"
4127,3BT1_A_U,['FU209A'],0.1956523358821869,0.7183380126953125,3BT1_A_U,1,split_1,3BT1_A_U_FU209A_1761
4128,2FTL_E_I,['RI17A'],4.092513084411621,1.7345466613769531,2FTL_E_I,1,split_1,2FTL_E_I_RI17A_270
4129,3D3V_ABC_DE,"['EE30A', 'YC8F']",2.573496103286743,0.5194664001464844,3D3V_ABC_DE,2,split_1,"3D3V_ABC_DE_EE30A,YC8F_1379"
4130,3SGB_E_I,"['NI22S', 'GI26A']",1.3301128149032593,1.8735733032226562,3SGB_E_I,2,split_1,"3SGB_E_I_NI22S,GI26A_1122"
4131,3BT1_A_U,['VU124A'],0.7458703517913818,0.7444381713867188,3BT1_A_U,1,split_1,3BT1_A_U_VU124A_1686
4132,1AO7_ABC_DE,['WA167A'],1.426120638847351,0.7619667053222656,1AO7_ABC_DE,1,split_1,1AO7_ABC_DE_WA167A_1467
4133,3L5X_A_HL,"['NL92S', 'EL93H', 'YL94G']",-1.2462842464447021,0.7225532531738281,3L5X_A_HL,3,split_1,"3L5X_A_HL_NL92S,EL93H,YL94G_1852"
4134,1FC2_C_D,['LC13D'],0.8213128447532654,1.50628662109375,1FC2_C_D,1,split_1,1FC2_C_D_LC13D_281
4135,1Y34_E_I,['AI41E'],-3.054218292236328,-2.9814071655273438,1Y34_E_I,1,split_1,1Y34_E_I_AI41E_0
4136,3SGB_E_I,['KI7T'],-1.9490283727645874,0.7157058715820312,3SGB_E_I,1,split_1,3SGB_E_I_KI7T_899
4137,2FTL_E_I,['KI15R'],-0.5824391841888428,0.6894149780273438,2FTL_E_I,1,split_1,2FTL_E_I_KI15R_294
4138,1GC1_G_C,['TC45A'],-0.14889173209667206,0.6733245849609375,1GC1_G_C,1,split_1,1GC1_G_C_TC45A_518
4139,3SGB_E_I,['TI11K'],2.0356457233428955,2.7456512451171875,3SGB_E_I,1,split_1,3SGB_E_I_TI11K_715
4140,1AO7_ABC_DE,"['DD93N', 'RA65A']",3.084350109100342,0.7890357971191406,1AO7_ABC_DE,2,split_1,"1AO7_ABC_DE_DD93N,RA65A_1364"
4141,1C4Z_ABC_D,['RD49A'],-0.011969134211540222,0.6116256713867188,1C4Z_ABC_D,1,split_1,1C4Z_ABC_D_RD49A_1901
4142,1VFB_AB_C,['YA32W'],5.63108491897583,0.1871490478515625,1VFB_AB_C,1,split_1,1VFB_AB_C_YA32W_109
4143,3SGB_E_I,['LI12I'],4.481256008148193,3.696178436279297,3SGB_E_I,1,split_1,3SGB_E_I_LI12I_635
4144,3BT1_A_U,['SU56A'],0.04939959943294525,0.32727813720703125,3BT1_A_U,1,split_1,3BT1_A_U_SU56A_1627
4145,1E96_A_B,['DA38N'],2.201974630355835,0.7797012329101562,1E96_A_B,1,split_1,1E96_A_B_DA38N_73
4146,1JCK_A_B,['FB176A'],2.1339337825775146,1.737457275390625,1JCK_A_B,1,split_1,1JCK_A_B_FB176A_23
4147,3SGB_E_I,"['LI12M', 'YI14Q']",3.776484251022339,4.8792877197265625,3SGB_E_I,2,split_1,"3SGB_E_I_LI12M,YI14Q_1145"
4148,3BT1_A_U,['SU154A'],-0.03995572030544281,0.3070716857910156,3BT1_A_U,1,split_1,3BT1_A_U_SU154A_1713
4149,1BJ1_HL_VW,['YH54A'],1.328253984451294,1.6499481201171875,1BJ1_HL_VW,1,split_1,1BJ1_HL_VW_YH54A_1922
4150,1VFB_AB_C,['LA46E'],5.63108491897583,1.6342239379882812,1VFB_AB_C,1,split_1,1VFB_AB_C_LA46E_111
4151,3L5X_A_HL,"['NL92L', 'EL93M', 'YL94G']",-0.8260461688041687,-0.4794807434082031,3L5X_A_HL,3,split_1,"3L5X_A_HL_NL92L,EL93M,YL94G_1859"
4152,1CBW_FGH_I,['II19A'],0.14287693798542023,0.8237190246582031,1CBW_FGH_I,1,split_1,1CBW_FGH_I_II19A_594
4153,2AK4_ABC_DE,['PC4A'],1.0963916778564453,0.47845458984375,2AK4_ABC_DE,1,split_1,2AK4_ABC_DE_PC4A_1269
4154,1MI5_ABC_DE,['YE101A'],0.2604089677333832,1.8244056701660156,1MI5_ABC_DE,1,split_1,1MI5_ABC_DE_YE101A_1120
4155,3SGB_E_I,"['RI15V', 'LI17I']",0.1687806099653244,-0.44716644287109375,3SGB_E_I,2,split_1,"3SGB_E_I_RI15V,LI17I_1127"
4156,3SGB_E_I,['AI9F'],-1.1806398630142212,-1.2033729553222656,3SGB_E_I,1,split_1,3SGB_E_I_AI9F_681
4157,2B2X_HL_A,"['VH50T', 'EH64K', 'QL28S', 'YL52N', 'GH54T']",2.208369016647339,1.2099227905273438,2B2X_HL_A,5,split_1,"2B2X_HL_A_VH50T,EH64K,QL28S,YL52N,GH54T_1408"
4158,2B2X_HL_A,"['VH50T', 'EH64K', 'QL28S', 'YL52N', 'NL30Y']",2.9521026611328125,1.4623680114746094,2B2X_HL_A,5,split_1,"2B2X_HL_A_VH50T,EH64K,QL28S,YL52N,NL30Y_1396"
4159,1FFW_A_B,['DA12K'],0.04742145910859108,0.028839111328125,1FFW_A_B,1,split_1,1FFW_A_B_DA12K_520
4160,3MZG_A_B,"['HA167A', 'HB188A']",3.4945363998413086,2.497692108154297,3MZG_A_B,2,split_1,"3MZG_A_B_HA167A,HB188A_752"
4161,2B2X_HL_A,"['VH50T', 'EH64Q', 'QL28S', 'YL52N']",1.043681025505066,0.5382423400878906,2B2X_HL_A,4,split_1,"2B2X_HL_A_VH50T,EH64Q,QL28S,YL52N_1392"
4162,3BT1_A_U,['TU51A'],0.7120067477226257,0.0676116943359375,3BT1_A_U,1,split_1,3BT1_A_U_TU51A_1622
4163,1AO7_ABC_DE,['YD50A'],0.4984462559223175,1.8655204772949219,1AO7_ABC_DE,1,split_1,1AO7_ABC_DE_YD50A_1341
4164,1GC1_G_C,['KC1A'],0.0624210461974144,0.6318626403808594,1GC1_G_C,1,split_1,1GC1_G_C_KC1A_493
4165,1AO7_ABC_DE,['QD30N'],0.7132960557937622,0.059932708740234375,1AO7_ABC_DE,1,split_1,1AO7_ABC_DE_QD30N_1507
4166,3SGB_E_I,['YI14W'],0.38874247670173645,-0.071319580078125,3SGB_E_I,1,split_1,3SGB_E_I_YI14W_798
4167,3MZG_A_B,['HA125A'],-0.46173831820487976,0.5486068725585938,3MZG_A_B,1,split_1,3MZG_A_B_HA125A_684
4168,2DVW_A_B,['KA114A'],0.03420586138963699,1.1780929565429688,2DVW_A_B,1,split_1,2DVW_A_B_KA114A_1572
4169,1GC1_G_C,['DC56A'],-0.06978079676628113,0.19390106201171875,1GC1_G_C,1,split_1,1GC1_G_C_DC56A_525
4170,3MZW_A_B,"['NB18T', 'EB42A']",-0.3380204439163208,-0.5333747863769531,3MZW_A_B,2,split_1,"3MZW_A_B_NB18T,EB42A_1556"
4171,1HE8_A_B,"['KA80V', 'KA112A']",2.162247657775879,1.29913330078125,1HE8_A_B,2,split_1,"1HE8_A_B_KA80V,KA112A_506"
4172,2PCC_A_B,"['KB77A', 'VA197A']",2.800978183746338,1.5957412719726562,2PCC_A_B,2,split_1,"2PCC_A_B_KB77A,VA197A_211"
4173,3SGB_E_I,['EI13I'],-0.6233893632888794,1.3022041320800781,3SGB_E_I,1,split_1,3SGB_E_I_EI13I_750
4174,2B2X_HL_A,"['VH50T', 'EH64K', 'QL28S', 'YL52N', 'FH99W']",1.043681025505066,0.4665107727050781,2B2X_HL_A,5,split_1,"2B2X_HL_A_VH50T,EH64K,QL28S,YL52N,FH99W_1424"
4175,1AO7_ABC_DE,['TD92A'],1.9466557502746582,0.5942878723144531,1AO7_ABC_DE,1,split_1,1AO7_ABC_DE_TD92A_1359
4176,3SGB_E_I,['RI15I'],0.24351918697357178,-0.22642135620117188,3SGB_E_I,1,split_1,3SGB_E_I_RI15I_826
4177,3MZG_A_B,['HA84A'],0.03307567536830902,0.5516128540039062,3MZG_A_B,1,split_1,3MZG_A_B_HA84A_679
4178,4NKQ_C_AB,['DB87A'],0.15822187066078186,0.6863670349121094,4NKQ_C_AB,1,split_1,4NKQ_C_AB_DB87A_1688
4179,4P5T_CD_AB,['RD88A'],0.0,0.2889442443847656,4P5T_CD_AB,1,split_1,4P5T_CD_AB_RD88A_2157
4180,4P5T_CD_AB,['QD4A'],1.654841661453247,0.66754150390625,4P5T_CD_AB,1,split_1,4P5T_CD_AB_QD4A_2138
4181,3SGB_E_I,['LI12S'],4.1582350730896,4.480842590332031,3SGB_E_I,1,split_1,3SGB_E_I_LI12S_630
4182,1AO7_ABC_DE,"['PE100A', 'YC5A']",2.4474644660949707,2.083843231201172,1AO7_ABC_DE,2,split_1,"1AO7_ABC_DE_PE100A,YC5A_1403"
4183,1AO7_ABC_DE,['QA43A'],0.028905829414725304,-0.062458038330078125,1AO7_ABC_DE,1,split_1,1AO7_ABC_DE_QA43A_1439
4184,1C4Z_ABC_D,['TA160A'],0.5660946369171143,1.1299171447753906,1C4Z_ABC_D,1,split_1,1C4Z_ABC_D_TA160A_1932
4185,3SGB_E_I,['RI15N'],0.33107247948646545,-0.0911407470703125,3SGB_E_I,1,split_1,3SGB_E_I_RI15N_828
4186,3SGB_E_I,['KI7W'],-0.013389315456151962,-0.43378448486328125,3SGB_E_I,1,split_1,3SGB_E_I_KI7W_912
4187,3BT1_A_U,['AU248S'],0.12702755630016327,-0.10479354858398438,3BT1_A_U,1,split_1,3BT1_A_U_AU248S_1796
4188,4NKQ_C_AB,"['IB179Q', 'LB180Q']",1.0615314245224,1.3304405212402344,4NKQ_C_AB,2,split_1,"4NKQ_C_AB_IB179Q,LB180Q_1722"
4189,3SGB_E_I,['LI12P'],8.445844650268555,8.648994445800781,3SGB_E_I,1,split_1,3SGB_E_I_LI12P_634
4190,1AO7_ABC_DE,['YC5A'],1.6349810361862183,2.2227935791015625,1AO7_ABC_DE,1,split_1,1AO7_ABC_DE_YC5A_1381
4191,1REW_AB_C,"['HA28D', 'HB28D']",0.1956523358821869,0.7034721374511719,1REW_AB_C,2,split_1,"1REW_AB_C_HA28D,HB28D_202"
4192,3BT1_A_U,['IU179A'],0.36377134919166565,1.0263595581054688,3BT1_A_U,1,split_1,3BT1_A_U_IU179A_1734
4193,2B2X_HL_A,"['VH50T', 'EH64Q', 'QL28S', 'YL52N', 'LH60D']",1.0866895914077759,0.5721473693847656,2B2X_HL_A,5,split_1,"2B2X_HL_A_VH50T,EH64Q,QL28S,YL52N,LH60D_1375"
4194,1VFB_AB_C,['GB31A'],0.3066025674343109,0.6273117065429688,1VFB_AB_C,1,split_1,1VFB_AB_C_GB31A_100
4195,4K71_A_BC,"['GA503E', 'AA545V']",2.8493804931640625,-0.2742424011230469,4K71_A_BC,2,split_1,"4K71_A_BC_GA503E,AA545V_1248"
4196,3BT1_A_U,['NU52Q'],0.6334487199783325,0.4327583312988281,3BT1_A_U,1,split_1,3BT1_A_U_NU52Q_1623
4197,1JRH_LH_I,['WI72A'],4.3327317237854,1.0417404174804688,1JRH_LH_I,1,split_1,1JRH_LH_I_WI72A_875
4198,3NPS_A_BC,['TA93A'],0.724136471748352,0.209747314453125,3NPS_A_BC,1,split_1,3NPS_A_BC_TA93A_551
4199,1DAN_HL_UT,['VU113A'],1.5698682069778442,0.18263626098632812,1DAN_HL_UT,1,split_1,1DAN_HL_UT_VU113A_585
4200,1FC2_C_D,['IC27A'],5.276767253875732,1.6171722412109375,1FC2_C_D,1,split_1,1FC2_C_D_IC27A_279
4201,3SE8_HL_G,['DL49A'],0.8421027660369873,0.8102607727050781,3SE8_HL_G,1,split_1,3SE8_HL_G_DL49A_2255
4202,1FC2_C_D,['NC2Q'],0.0,-0.1103668212890625,1FC2_C_D,1,split_1,1FC2_C_D_NC2Q_289
4203,1CBW_FGH_I,['RI17A'],0.5535333752632141,1.6656036376953125,1CBW_FGH_I,1,split_1,1CBW_FGH_I_RI17A_592
4204,2AK4_ABC_DE,['SE29G'],1.4039890766143799,-0.4631462097167969,2AK4_ABC_DE,1,split_1,2AK4_ABC_DE_SE29G_1254
4205,3BT1_A_U,['EU33A'],0.377549946308136,0.37493896484375,3BT1_A_U,1,split_1,3BT1_A_U_EU33A_1605
4206,1REW_AB_C,"['KC57R', 'SC59T', 'KC61I', 'AC62P', 'QC63H', 'LC64Q', 'TC67D', 'AC43T', 'MC47L', 'KC48G', 'YC49L', 'GC11H', 'DC15E', 'AC30T', 'IC31M']",1.1528583765029907,0.9153060913085938,1REW_AB_C,15,split_1,"1REW_AB_C_KC57R,SC59T,KC61I,AC62P,QC63H,LC64Q,TC67D,AC43T,MC47L,KC48G,YC49L,GC11H,DC15E,AC30T,IC31M_222"
4207,5UFQ_A_C,['DA12V'],0.6508750319480896,0.4142341613769531,5UFQ_A_C,1,split_1,5UFQ_A_C_DA12V_2331
4208,3SE9_HL_G,['LL89A'],0.9487559795379639,1.3330421447753906,3SE9_HL_G,1,split_1,3SE9_HL_G_LL89A_1831
4209,3BT1_A_U,['IU128A'],-0.31566110253334045,0.7958602905273438,3BT1_A_U,1,split_1,3BT1_A_U_IU128A_1690
4210,1DAN_HL_UT,"['DT49A', 'ET51A']",0.433300644159317,0.8150863647460938,1DAN_HL_UT,2,split_1,"1DAN_HL_UT_DT49A,ET51A_1046"
4211,4NKQ_C_AB,['NC14D'],-0.6018841862678528,-0.07170486450195312,4NKQ_C_AB,1,split_1,4NKQ_C_AB_NC14D_1737
4212,1DAN_HL_UT,['IU62A'],0.17879411578178406,0.2765617370605469,1DAN_HL_UT,1,split_1,1DAN_HL_UT_IU62A_1022
4213,1DAN_HL_UT,['TU49A'],-0.015591741539537907,0.3721923828125,1DAN_HL_UT,1,split_1,1DAN_HL_UT_TU49A_1027
4214,1FC2_C_D,['YC10F'],1.0276678800582886,0.22994613647460938,1FC2_C_D,1,split_1,1FC2_C_D_YC10F_293
4215,1DAN_HL_UT,['DT39A'],2.145008087158203,0.4890098571777344,1DAN_HL_UT,1,split_1,1DAN_HL_UT_DT39A_579
4216,1GUA_A_B,['TB13A'],0.7011552453041077,1.51995849609375,1GUA_A_B,1,split_1,1GUA_A_B_TB13A_2283
4217,2B2X_HL_A,"['VH50T', 'QL28S', 'YL52N', 'LH60D']",0.9018170237541199,1.2795562744140625,2B2X_HL_A,4,split_1,"2B2X_HL_A_VH50T,QL28S,YL52N,LH60D_1376"
4218,1DQJ_AB_C,['YB53A'],1.1808065176010132,2.0041351318359375,1DQJ_AB_C,1,split_1,1DQJ_AB_C_YB53A_354
4219,1DAN_HL_UT,['ST42A'],0.043561823666095734,0.006023406982421875,1DAN_HL_UT,1,split_1,1DAN_HL_UT_ST42A_1050
4220,3IDX_HL_G,"['WG13M', 'MG247A', 'CG14W', 'CG129V', 'CG27I', 'CG242Q']",-2.3490397930145264,-0.08892059326171875,3IDX_HL_G,6,split_1,"3IDX_HL_G_WG13M,MG247A,CG14W,CG129V,CG27I,CG242Q_1956"
4221,1AO7_ABC_DE,['SD31A'],1.0230309963226318,1.0132904052734375,1AO7_ABC_DE,1,split_1,1AO7_ABC_DE_SD31A_1335
4222,3SGB_E_I,"['AI9V', 'TI11S', 'RI15M', 'NI22S', 'KI23Q', 'GI26S', 'KI28E', 'EI37D']",4.481256008148193,2.3572311401367188,3SGB_E_I,8,split_1,"3SGB_E_I_AI9V,TI11S,RI15M,NI22S,KI23Q,GI26S,KI28E,EI37D_1117"
4223,1AO7_ABC_DE,"['GD28T', 'SD51M', 'SD94T']",-1.6043896675109863,-0.2674446105957031,1AO7_ABC_DE,3,split_1,"1AO7_ABC_DE_GD28T,SD51M,SD94T_1531"
4224,3SGB_E_I,['YI14E'],2.0356457233428955,5.1575469970703125,3SGB_E_I,1,split_1,3SGB_E_I_YI14E_794
4225,1GC1_G_C,['SC60A'],-0.08859037607908249,0.17374420166015625,1GC1_G_C,1,split_1,1GC1_G_C_SC60A_528
4226,1DQJ_AB_C,['WB98A'],4.9337334632873535,2.4349632263183594,1DQJ_AB_C,1,split_1,1DQJ_AB_C_WB98A_355
4227,3MZG_A_B,['HA125A'],0.05744243040680885,0.5486106872558594,3MZG_A_B,1,split_1,3MZG_A_B_HA125A_686
4228,3MZG_A_B,['HA46A'],0.562376081943512,0.8132743835449219,3MZG_A_B,1,split_1,3MZG_A_B_HA46A_673
4229,3SGB_E_I,['AI9C'],0.04153655096888542,-0.37783050537109375,3SGB_E_I,1,split_1,3SGB_E_I_AI9C_668
4230,3SGB_E_I,['AI9L'],0.1687806099653244,-0.8680801391601562,3SGB_E_I,1,split_1,3SGB_E_I_AI9L_672
4231,2AK4_ABC_DE,['AA158G'],0.873588502407074,0.14611053466796875,2AK4_ABC_DE,1,split_1,2AK4_ABC_DE_AA158G_1266
4232,3NGB_HL_G,['YL26A'],0.9694560766220093,0.8447113037109375,3NGB_HL_G,1,split_1,3NGB_HL_G_YL26A_2226
4233,1JCK_A_B,['YB90A'],2.5961403846740723,1.4272956848144531,1JCK_A_B,1,split_1,1JCK_A_B_YB90A_20
4234,4NKQ_C_AB,"['RB80D', 'KB90D']",1.3137191534042358,0.01044464111328125,4NKQ_C_AB,2,split_1,"4NKQ_C_AB_RB80D,KB90D_1710"
4235,1DAN_HL_UT,['QU20A'],1.305464506149292,-0.1887054443359375,1DAN_HL_UT,1,split_1,1DAN_HL_UT_QU20A_582
4236,1AO7_ABC_DE,['QD30L'],1.5372130870819092,-0.81768798828125,1AO7_ABC_DE,1,split_1,1AO7_ABC_DE_QD30L_1323
4237,3MZG_A_B,['HA14A'],-0.14770087599754333,-0.1540374755859375,3MZG_A_B,1,split_1,3MZG_A_B_HA14A_700
4238,2B2X_HL_A,"['VH50T', 'EH64K', 'QL28S', 'YL52N', 'GH100L']",3.7720232009887695,0.85601806640625,2B2X_HL_A,5,split_1,"2B2X_HL_A_VH50T,EH64K,QL28S,YL52N,GH100L_1426"
4239,3BT1_A_U,['NU184A'],0.327854186296463,0.19240951538085938,3BT1_A_U,1,split_1,3BT1_A_U_NU184A_1739
4240,4MNQ_ABC_DE,"['KC4A', 'IE49V', 'HE50G', 'PE51A', 'EE52G', 'YE53I']",4.247951507568359,2.8686141967773438,4MNQ_ABC_DE,6,split_1,"4MNQ_ABC_DE_KC4A,IE49V,HE50G,PE51A,EE52G,YE53I_1290"
4241,1REW_AB_C,"['YA92A', 'YB92A']",1.2152793407440186,3.1761322021484375,1REW_AB_C,2,split_1,"1REW_AB_C_YA92A,YB92A_218"
4242,1DAN_HL_UT,['YU4A'],0.31168490648269653,1.2435569763183594,1DAN_HL_UT,1,split_1,1DAN_HL_UT_YU4A_557
4243,1REW_AB_C,"['AA23D', 'DA42A', 'AB23D', 'DB42A']",-0.1839134246110916,-0.323333740234375,1REW_AB_C,4,split_1,"1REW_AB_C_AA23D,DA42A,AB23D,DB42A_211"
4244,3NPS_A_BC,['KA221A'],-0.10365678369998932,-0.16463088989257812,3NPS_A_BC,1,split_1,3NPS_A_BC_KA221A_563
4245,4MNQ_ABC_DE,"['KC4A', 'AD93S', 'LD94G', 'PD95T', 'GD97K']",3.6324572563171387,0.5047836303710938,4MNQ_ABC_DE,5,split_1,"4MNQ_ABC_DE_KC4A,AD93S,LD94G,PD95T,GD97K_1289"
4246,1FFW_A_B,['EB20A'],0.6391429305076599,1.0627555847167969,1FFW_A_B,1,split_1,1FFW_A_B_EB20A_530
4247,1JCK_A_B,['KB103A'],0.6766378879547119,0.5670433044433594,1JCK_A_B,1,split_1,1JCK_A_B_KB103A_22
4248,2J0T_A_D,"['TD2S', 'VD4A']",1.2502000331878662,0.13580703735351562,2J0T_A_D,2,split_1,"2J0T_A_D_TD2S,VD4A_266"
4249,3MZG_A_B,['HA33A'],0.16688379645347595,0.0586090087890625,3MZG_A_B,1,split_1,3MZG_A_B_HA33A_670
4250,3SGB_E_I,"['EI4D', 'AI9V', 'TI11P', 'EI13D', 'RI15M', 'NI22S', 'GI26S', 'NI39S', 'SI45R']",2.5388455390930176,5.7315673828125,3SGB_E_I,9,split_1,"3SGB_E_I_EI4D,AI9V,TI11P,EI13D,RI15M,NI22S,GI26S,NI39S,SI45R_1091"
4251,3BT1_A_U,['HU141A'],0.6616276502609253,1.6784744262695312,3BT1_A_U,1,split_1,3BT1_A_U_HU141A_46
4252,3L5X_A_HL,"['NL92D', 'EL93R', 'YL94D']",-0.5227732062339783,0.3146476745605469,3L5X_A_HL,3,split_1,"3L5X_A_HL_NL92D,EL93R,YL94D_1872"
4253,1VFB_AB_C,['GB31E'],-0.5099895000457764,0.055118560791015625,1VFB_AB_C,1,split_1,1VFB_AB_C_GB31E_101
4254,3MZG_A_B,['HB188A'],2.0941569805145264,1.6344947814941406,3MZG_A_B,1,split_1,3MZG_A_B_HB188A_732
4255,3SGB_E_I,['PI8G'],0.053752489387989044,-0.43768310546875,3SGB_E_I,1,split_1,3SGB_E_I_PI8G_856
4256,1AO7_ABC_DE,['KA66A'],1.7908841371536255,0.4358711242675781,1AO7_ABC_DE,1,split_1,1AO7_ABC_DE_KA66A_1434
4257,3MZG_A_B,['HA14A'],0.2917686700820923,-0.15402984619140625,3MZG_A_B,1,split_1,3MZG_A_B_HA14A_707
4258,3SGB_E_I,['TI11P'],3.1820759773254395,5.178180694580078,3SGB_E_I,1,split_1,3SGB_E_I_TI11P_709
4259,4P5T_CD_AB,['HD89A'],0.7960982918739319,1.08392333984375,4P5T_CD_AB,1,split_1,4P5T_CD_AB_HD89A_2158
4260,3MZG_A_B,['HB188A'],1.92812979221344,1.6344947814941406,3MZG_A_B,1,split_1,3MZG_A_B_HB188A_731
4261,5E6P_A_B,['AA495E'],1.6043896675109863,-0.43207550048828125,5E6P_A_B,1,split_1,5E6P_A_B_AA495E_2257
4262,2B2X_HL_A,"['VH50T', 'EH64K', 'QL28S', 'YL52N', 'RH31Q']",2.3515944480895996,0.8442230224609375,2B2X_HL_A,5,split_1,"2B2X_HL_A_VH50T,EH64K,QL28S,YL52N,RH31Q_1386"
4263,1DQJ_AB_C,"['WB98A', 'SC100A']",5.364646911621094,2.6647720336914062,1DQJ_AB_C,2,split_1,"1DQJ_AB_C_WB98A,SC100A_366"
4264,1FC2_C_D,['KC31A'],1.2319692373275757,1.125579833984375,1FC2_C_D,1,split_1,1FC2_C_D_KC31A_285
4265,2B2X_HL_A,"['VH50T', 'EH64K', 'QL28S', 'YL52N', 'GH54Y']",1.043681025505066,-0.001705169677734375,2B2X_HL_A,5,split_1,"2B2X_HL_A_VH50T,EH64K,QL28S,YL52N,GH54Y_1372"
4266,3SGB_E_I,"['TI11P', 'LI12K']",6.320304870605469,8.52212905883789,3SGB_E_I,2,split_1,"3SGB_E_I_TI11P,LI12K_1164"
4267,1LP9_ABC_EF,['WA167A'],0.29880499839782715,0.8244209289550781,1LP9_ABC_EF,1,split_1,1LP9_ABC_EF_WA167A_1427
4268,2B2X_HL_A,"['VH50T', 'EH64K', 'QL28S', 'YL52N', 'TH33I', 'SH52T', 'GH53N', 'GH54N']",2.9521026611328125,1.647674560546875,2B2X_HL_A,8,split_1,"2B2X_HL_A_VH50T,EH64K,QL28S,YL52N,TH33I,SH52T,GH53N,GH54N_1441"
4269,3BT1_A_U,['EU228A'],0.17684276401996613,0.4840812683105469,3BT1_A_U,1,split_1,3BT1_A_U_EU228A_1778
4270,2AK4_ABC_DE,['EE97A'],0.04863874614238739,0.5575027465820312,2AK4_ABC_DE,1,split_1,2AK4_ABC_DE_EE97A_1258
4271,1DQJ_AB_C,"['YA96A', 'SC100A']",0.9138562679290771,3.1747817993164062,1DQJ_AB_C,2,split_1,"1DQJ_AB_C_YA96A,SC100A_360"
4272,1MI5_ABC_DE,['GE95A'],1.2319692373275757,-0.06522750854492188,1MI5_ABC_DE,1,split_1,1MI5_ABC_DE_GE95A_1114
4273,1VFB_AB_C,['LA46D'],5.63108491897583,1.5141525268554688,1VFB_AB_C,1,split_1,1VFB_AB_C_LA46D_110
4274,1C4Z_ABC_D,['FD60A'],3.0141565799713135,4.1027984619140625,1C4Z_ABC_D,1,split_1,1C4Z_ABC_D_FD60A_1906
4275,2NU4_E_I,['KI13L'],-3.1820759773254395,-4.564231872558594,2NU4_E_I,1,split_1,2NU4_E_I_KI13L_1085
4276,3SE8_HL_G,['SH59A'],1.1323561668395996,0.3708763122558594,3SE8_HL_G,1,split_1,3SE8_HL_G_SH59A_2239
4277,1AO7_ABC_DE,"['KD66A', 'EA166A']",3.0337634086608887,-0.903839111328125,1AO7_ABC_DE,2,split_1,"1AO7_ABC_DE_KD66A,EA166A_1355"
4278,3BT1_A_U,['TU125A'],1.002914309501648,0.4707069396972656,3BT1_A_U,1,split_1,3BT1_A_U_TU125A_1687
4279,3SE8_HL_G,['YH60A'],0.8421027660369873,1.3402862548828125,3SE8_HL_G,1,split_1,3SE8_HL_G_YH60A_2240
4280,1AO7_ABC_DE,['RA170A'],-0.26356273889541626,1.3449974060058594,1AO7_ABC_DE,1,split_1,1AO7_ABC_DE_RA170A_1318
4281,3SZK_AB_C,['VC27A'],0.0962846651673317,2.2942428588867188,3SZK_AB_C,1,split_1,3SZK_AB_C_VC27A_1183
4282,3NGB_HL_G,['YL26S'],0.651560366153717,0.6070671081542969,3NGB_HL_G,1,split_1,3NGB_HL_G_YL26S_1582
4283,3BT1_A_U,['HU158A'],0.204837828874588,0.8013916015625,3BT1_A_U,1,split_1,3BT1_A_U_HU158A_1717
4284,1JRH_LH_I,"['SI44G', 'EI45P', 'II47K']",-3.8861582279205322,-0.0153961181640625,1JRH_LH_I,3,split_1,"1JRH_LH_I_SI44G,EI45P,II47K_838"
4285,3SGB_E_I,['PI8D'],-1.033098578453064,-2.3907546997070312,3SGB_E_I,1,split_1,3SGB_E_I_PI8D_866
4286,1AO7_ABC_DE,['RE99Q'],0.4106564223766327,-0.3614654541015625,1AO7_ABC_DE,1,split_1,1AO7_ABC_DE_RE99Q_1520
4287,1CBW_FGH_I,['KI15M'],-1.4417990446090698,4.400638580322266,1CBW_FGH_I,1,split_1,1CBW_FGH_I_KI15M_610
4288,3SGB_E_I,['RI15A'],0.053752489387989044,0.17670822143554688,3SGB_E_I,1,split_1,3SGB_E_I_RI15A_819
4289,1AO7_ABC_DE,"['YD50A', 'QA155A']",-0.11211679875850677,2.0026626586914062,1AO7_ABC_DE,2,split_1,"1AO7_ABC_DE_YD50A,QA155A_1346"
4290,1VFB_AB_C,"['YA32A', 'QC121A']",1.586751103401184,1.6758232116699219,1VFB_AB_C,2,split_1,"1VFB_AB_C_YA32A,QC121A_599"
4291,1C4Z_ABC_D,['KD61A'],0.2930837571620941,0.8357009887695312,1C4Z_ABC_D,1,split_1,1C4Z_ABC_D_KD61A_1907
4292,1CBW_FGH_I,['KI15T'],2.107856035232544,5.308372497558594,1CBW_FGH_I,1,split_1,1CBW_FGH_I_KI15T_607
4293,3SGB_E_I,"['LI12M', 'SI45N', 'HI46R', 'KI49Q']",0.22795669734477997,0.24756622314453125,3SGB_E_I,4,split_1,"3SGB_E_I_LI12M,SI45N,HI46R,KI49Q_1139"
4294,3SGB_E_I,['YI14V'],4.421689987182617,3.8825149536132812,3SGB_E_I,1,split_1,3SGB_E_I_YI14V_784
4295,3B4V_AB_C,['LC49A'],3.5805726051330566,2.1865997314453125,3B4V_AB_C,1,split_1,3B4V_AB_C_LC49A_1367
4296,1CBW_FGH_I,['KI15D'],5.2708024978637695,7.644412994384766,1CBW_FGH_I,1,split_1,1CBW_FGH_I_KI15D_608
4297,4K71_A_BC,"['MA416V', 'AA418T', 'GA503R', 'AA545V']",2.8913276195526123,-0.7750778198242188,4K71_A_BC,4,split_1,"4K71_A_BC_MA416V,AA418T,GA503R,AA545V_1250"
4298,1MI5_ABC_DE,['GD97A'],1.2319692373275757,0.205657958984375,1MI5_ABC_DE,1,split_1,1MI5_ABC_DE_GD97A_1102
4299,3BP8_A_C,['FA115A'],0.708987295627594,1.4694061279296875,3BP8_A_C,1,split_1,3BP8_A_C_FA115A_78
4300,3MZG_A_B,"['HA167A', 'HB188A']",2.929168939590454,2.4977035522460938,3MZG_A_B,2,split_1,"3MZG_A_B_HA167A,HB188A_750"
4301,3BT1_A_U,['LU142A'],0.7235110402107239,1.6776351928710938,3BT1_A_U,1,split_1,3BT1_A_U_LU142A_1704
4302,3BT1_A_U,['LU38A'],0.5218843221664429,0.9802055358886719,3BT1_A_U,1,split_1,3BT1_A_U_LU38A_1610
4303,1AO7_ABC_DE,"['QD30L', 'LC1A']",2.7626969814300537,1.6763992309570312,1AO7_ABC_DE,2,split_1,"1AO7_ABC_DE_QD30L,LC1A_1322"
4304,3SGB_E_I,"['EI4D', 'YI5H', 'AI9V', 'TI11S', 'RI15M', 'NI22S', 'GI26S', 'NI30D']",4.011033535003662,1.2634963989257812,3SGB_E_I,8,split_1,"3SGB_E_I_EI4D,YI5H,AI9V,TI11S,RI15M,NI22S,GI26S,NI30D_1096"
4305,2PCC_A_B,"['AB86G', 'VA197A']",2.1026816368103027,0.20115280151367188,2PCC_A_B,2,split_1,"2PCC_A_B_AB86G,VA197A_215"
4306,1DAN_HL_UT,['EU9A'],-0.17558960616588593,0.18175506591796875,1DAN_HL_UT,1,split_1,1DAN_HL_UT_EU9A_1038
4307,1AO7_ABC_DE,['SD94A'],-0.47518959641456604,0.3055152893066406,1AO7_ABC_DE,1,split_1,1AO7_ABC_DE_SD94A_1365
4308,1GC1_G_C,['QC89A'],0.17043781280517578,0.5362739562988281,1GC1_G_C,1,split_1,1GC1_G_C_QC89A_541
4309,3BT1_A_U,['SU255A'],0.21388307213783264,0.14129638671875,3BT1_A_U,1,split_1,3BT1_A_U_SU255A_1803
4310,1AO7_ABC_DE,['QD30V'],-0.01751217059791088,0.5363845825195312,1AO7_ABC_DE,1,split_1,1AO7_ABC_DE_QD30V_1329
4311,4MNQ_ABC_DE,"['LC6A', 'IE49V', 'HE50G', 'PE51A', 'EE52G', 'YE53I']",4.669893264770508,4.548797607421875,4MNQ_ABC_DE,6,split_1,"4MNQ_ABC_DE_LC6A,IE49V,HE50G,PE51A,EE52G,YE53I_1295"
4312,3SE8_HL_G,['RH72A'],2.6019887924194336,0.9744033813476562,3SE8_HL_G,1,split_1,3SE8_HL_G_RH72A_2244
4313,1FFW_A_B,['TA111I'],0.5622846484184265,0.15171051025390625,1FFW_A_B,1,split_1,1FFW_A_B_TA111I_527
4314,1AO7_ABC_DE,['YC5A'],1.746180534362793,2.2227935791015625,1AO7_ABC_DE,1,split_1,1AO7_ABC_DE_YC5A_1396
4315,3QDG_ABC_DE,['GD28P'],1.091920256614685,1.2198371887207031,3QDG_ABC_DE,1,split_1,3QDG_ABC_DE_GD28P_1307
4316,4K71_A_BC,['HB157F'],0.18506699800491333,-0.2346649169921875,4K71_A_BC,1,split_1,4K71_A_BC_HB157F_1257
4317,1AO7_ABC_DE,"['DD26W', 'RD27F', 'GD28T', 'SD51M', 'SD94T']",-1.285060167312622,-1.5206718444824219,1AO7_ABC_DE,5,split_1,"1AO7_ABC_DE_DD26W,RD27F,GD28T,SD51M,SD94T_1522"
4318,3MZG_A_B,['HB188A'],2.2926394939422607,1.6344795227050781,3MZG_A_B,1,split_1,3MZG_A_B_HB188A_734
4319,3MZG_A_B,['HA167A'],1.669722080230713,1.4465141296386719,3MZG_A_B,1,split_1,3MZG_A_B_HA167A_711
4320,2PCC_A_B,['DA34A'],-0.8970479965209961,0.8291244506835938,2PCC_A_B,1,split_1,2PCC_A_B_DA34A_204
4321,3MZG_A_B,['HA17A'],0.3238008916378021,0.4603919982910156,3MZG_A_B,1,split_1,3MZG_A_B_HA17A_727
4322,1JRH_LH_I,['YI39A'],3.4007632732391357,1.0769424438476562,1JRH_LH_I,1,split_1,1JRH_LH_I_YI39A_844
4323,1MI5_ABC_DE,['YD30A'],0.4496324956417084,1.2501144409179688,1MI5_ABC_DE,1,split_1,1MI5_ABC_DE_YD30A_1087
4324,1MQ8_A_B,"['CB32L', 'CB170F', 'KB31C', 'TB171C']",2.9685609340667725,-1.3196067810058594,1MQ8_A_B,4,split_1,"1MQ8_A_B_CB32L,CB170F,KB31C,TB171C_236"
4325,1C4Z_ABC_D,['MA158A'],0.7588918209075928,0.7258872985839844,1C4Z_ABC_D,1,split_1,1C4Z_ABC_D_MA158A_1930
4326,1DAN_HL_UT,['KT41A'],0.8948080539703369,0.9365882873535156,1DAN_HL_UT,1,split_1,1DAN_HL_UT_KT41A_581
4327,3MZW_A_B,"['NB1A', 'NB18T', 'SB28K', 'AB37S', 'NB38E', 'AB41S', 'AB49S']",0.7081217765808105,-3.0263938903808594,3MZW_A_B,7,split_1,"3MZW_A_B_NB1A,NB18T,SB28K,AB37S,NB38E,AB41S,AB49S_1570"
4328,4P5T_CD_AB,['DC56A'],0.6170114278793335,0.5487060546875,4P5T_CD_AB,1,split_1,4P5T_CD_AB_DC56A_2126
4329,1DAN_HL_UT,['GT38A'],0.0646953359246254,-0.21703338623046875,1DAN_HL_UT,1,split_1,1DAN_HL_UT_GT38A_561
4330,1AO7_ABC_DE,['VA76A'],0.5968717336654663,1.0077743530273438,1AO7_ABC_DE,1,split_1,1AO7_ABC_DE_VA76A_1455
4331,3SGB_E_I,['PI8I'],-0.023633696138858795,0.8693351745605469,3SGB_E_I,1,split_1,3SGB_E_I_PI8I_863
4332,3MZG_A_B,['HA33A'],0.15346455574035645,0.0586090087890625,3MZG_A_B,1,split_1,3MZG_A_B_HA33A_668
4333,3MZG_A_B,['HA167A'],2.2118194103240967,1.4465103149414062,3MZG_A_B,1,split_1,3MZG_A_B_HA167A_746
4334,4P5T_CD_AB,['VC73A'],0.0,-0.011264801025390625,4P5T_CD_AB,1,split_1,4P5T_CD_AB_VC73A_2134
4335,1JRH_LH_I,['WI46Y'],0.5810942649841309,0.06451797485351562,1JRH_LH_I,1,split_1,1JRH_LH_I_WI46Y_873
4336,3SGB_E_I,['YI14A'],1.9436081647872925,4.914325714111328,3SGB_E_I,1,split_1,3SGB_E_I_YI14A_781
4337,3NGB_HL_G,['WH106A'],4.390828609466553,0.5774078369140625,3NGB_HL_G,1,split_1,3NGB_HL_G_WH106A_2223
4338,1E96_A_B,['IA33N'],2.043041229248047,0.4417877197265625,1E96_A_B,1,split_1,1E96_A_B_IA33N_72
4339,3SGB_E_I,['EI13V'],0.1275499165058136,1.0244064331054688,3SGB_E_I,1,split_1,3SGB_E_I_EI13V_746
4340,1GC1_G_C,['KC29A'],0.5362386107444763,0.12741851806640625,1GC1_G_C,1,split_1,1GC1_G_C_KC29A_508
4341,1AO7_ABC_DE,['KA146A'],0.46220648288726807,1.3655815124511719,1AO7_ABC_DE,1,split_1,1AO7_ABC_DE_KA146A_1457
4342,3NGB_HL_G,['VH74T'],0.16501310467720032,-0.13439178466796875,3NGB_HL_G,1,split_1,3NGB_HL_G_VH74T_1576
4343,1GC1_G_C,['TC17A'],-0.12810181081295013,0.23774337768554688,1GC1_G_C,1,split_1,1GC1_G_C_TC17A_500
4344,1HE8_A_B,"['KA80V', 'FA78S']",2.162247657775879,0.03919219970703125,1HE8_A_B,2,split_1,"1HE8_A_B_KA80V,FA78S_498"
4345,1REW_AB_C,"['HA28D', 'LA89A', 'HB28D', 'LB89A']",0.1187262311577797,2.9334259033203125,1REW_AB_C,4,split_1,"1REW_AB_C_HA28D,LA89A,HB28D,LB89A_206"
4346,3SGB_E_I,"['EI4D', 'AI9V', 'TI11S', 'RI15M', 'NI22S', 'GI26S', 'NI30D', 'EI37D', 'TI43N']",3.3369221687316895,0.19427490234375,3SGB_E_I,9,split_1,"3SGB_E_I_EI4D,AI9V,TI11S,RI15M,NI22S,GI26S,NI30D,EI37D,TI43N_1114"
4347,3BE1_HL_A,"['DL28N', 'PL30A', 'RL31K', 'SL32T', 'TL97S', 'TL98S']",-0.6750600934028625,-1.0060882568359375,3BE1_HL_A,6,split_1,"3BE1_HL_A_DL28N,PL30A,RL31K,SL32T,TL97S,TL98S_1535"
4348,2AK4_ABC_DE,['NE26A'],0.20877279341220856,0.08527755737304688,2AK4_ABC_DE,1,split_1,2AK4_ABC_DE_NE26A_1252
4349,1JRH_LH_I,['NI43A'],3.8939919471740723,-0.013675689697265625,1JRH_LH_I,1,split_1,1JRH_LH_I_NI43A_850
4350,3MZG_A_B,"['HA167A', 'HB188A']",-0.2372637242078781,2.497711181640625,3MZG_A_B,2,split_1,"3MZG_A_B_HA167A,HB188A_747"
4351,2B2X_HL_A,"['VH50T', 'EH64K', 'QL28S', 'YL52N']",1.043681025505066,0.6033401489257812,2B2X_HL_A,4,split_1,"2B2X_HL_A_VH50T,EH64K,QL28S,YL52N_1357"
4352,1AO7_ABC_DE,['KA66A'],2.9348535537719727,0.43587493896484375,1AO7_ABC_DE,1,split_1,1AO7_ABC_DE_KA66A_1431
4353,1AO7_ABC_DE,"['QD30V', 'YA159A']",3.3302760124206543,1.4099388122558594,1AO7_ABC_DE,2,split_1,"1AO7_ABC_DE_QD30V,YA159A_1331"
4354,2QJA_AB_C,"['GC11H', 'DC15E', 'AC30T', 'IC31M']",0.8850788474082947,1.0969886779785156,2QJA_AB_C,4,split_1,"2QJA_AB_C_GC11H,DC15E,AC30T,IC31M_269"
4355,1MI5_ABC_DE,['NE49A'],-0.43286994099617004,0.3627815246582031,1MI5_ABC_DE,1,split_1,1MI5_ABC_DE_NE49A_1109
4356,4GNK_A_B,['TB540E'],-0.18866854906082153,0.33664703369140625,4GNK_A_B,1,split_1,4GNK_A_B_TB540E_2106
4357,1C4Z_ABC_D,['RD3A'],0.4671231210231781,1.4554481506347656,1C4Z_ABC_D,1,split_1,1C4Z_ABC_D_RD3A_1895
4358,3SGB_E_I,['PI8V'],-0.31041327118873596,0.8636054992675781,3SGB_E_I,1,split_1,3SGB_E_I_PI8V_860
4359,3MZG_A_B,['HA167A'],1.445011854171753,1.446502685546875,3MZG_A_B,1,split_1,3MZG_A_B_HA167A_712
4360,4MNQ_ABC_DE,"['LC6A', 'HE50W', 'PE51E', 'EE52F', 'YE53E', 'AD93S', 'LD94G', 'PD95T', 'GD97K']",5.426295757293701,0.50469970703125,4MNQ_ABC_DE,9,split_1,"4MNQ_ABC_DE_LC6A,HE50W,PE51E,EE52F,YE53E,AD93S,LD94G,PD95T,GD97K_1294"
4361,3BT1_A_U,['HU249A'],0.28166571259498596,0.49620819091796875,3BT1_A_U,1,split_1,3BT1_A_U_HU249A_1797
4362,4GNK_A_B,"['KA294A', 'LB764A']",-1.5528396368026733,2.50653076171875,4GNK_A_B,2,split_1,"4GNK_A_B_KA294A,LB764A_2104"
4363,1AO7_ABC_DE,['PE100A'],1.1977499723434448,0.045074462890625,1AO7_ABC_DE,1,split_1,1AO7_ABC_DE_PE100A_1401
4364,3BT1_A_U,['TU171A'],0.27360501885414124,0.24054718017578125,3BT1_A_U,1,split_1,3BT1_A_U_TU171A_1728
4365,5UFQ_A_C,['DA12G'],1.2214624881744385,0.58782958984375,5UFQ_A_C,1,split_1,5UFQ_A_C_DA12G_2333
4366,1C4Z_ABC_D,['YA198L'],0.8213128447532654,0.8116607666015625,1C4Z_ABC_D,1,split_1,1C4Z_ABC_D_YA198L_1938
4367,1AO7_ABC_DE,['AA69G'],1.522708535194397,0.3211669921875,1AO7_ABC_DE,1,split_1,1AO7_ABC_DE_AA69G_1449
4368,2B2X_HL_A,"['VH50T', 'EH64K', 'QL28S', 'YL52N', 'LH60D']",0.9209862947463989,0.4964447021484375,2B2X_HL_A,5,split_1,"2B2X_HL_A_VH50T,EH64K,QL28S,YL52N,LH60D_1360"
4369,3QDG_ABC_DE,['RD27P'],0.13840557634830475,0.26221466064453125,3QDG_ABC_DE,1,split_1,3QDG_ABC_DE_RD27P_1306
4370,3BT1_A_U,['LU23A'],0.46005600690841675,0.6832466125488281,3BT1_A_U,1,split_1,3BT1_A_U_LU23A_1596
4371,2FTL_E_I,['KI15S'],7.723918437957764,10.076072692871094,2FTL_E_I,1,split_1,2FTL_E_I_KI15S_283
4372,1HE8_A_B,"['KA80V', 'KA91A']",1.5231046676635742,1.7881393432617188,1HE8_A_B,2,split_1,"1HE8_A_B_KA80V,KA91A_501"
4373,3BT1_A_U,['HU141A'],0.6378535628318787,1.6784629821777344,3BT1_A_U,1,split_1,3BT1_A_U_HU141A_1703
4374,2B2X_HL_A,"['QL28S', 'YL52N']",1.043681025505066,0.4568138122558594,2B2X_HL_A,2,split_1,"2B2X_HL_A_QL28S,YL52N_1444"
4375,4NKQ_C_AB,['KB90A'],-0.19934363663196564,0.2541847229003906,4NKQ_C_AB,1,split_1,4NKQ_C_AB_KB90A_1694
4376,3SGB_E_I,['NI30M'],0.1407453864812851,0.5200881958007812,3SGB_E_I,1,split_1,3SGB_E_I_NI30M_979
4377,1VFB_AB_C,"['WA92A', 'IC124A']",3.852057695388794,0.5301551818847656,1VFB_AB_C,2,split_1,"1VFB_AB_C_WA92A,IC124A_604"
4378,1CSE_E_I,['LI38S'],1.1887755393981934,3.80084228515625,1CSE_E_I,1,split_1,1CSE_E_I_LI38S_1
4379,2AK4_ABC_DE,['RA157A'],1.4039890766143799,0.9583625793457031,2AK4_ABC_DE,1,split_1,2AK4_ABC_DE_RA157A_1265
4380,1SBB_A_B,['YB91V'],0.07911093533039093,0.7503013610839844,1SBB_A_B,1,split_1,1SBB_A_B_YB91V_119
4381,3SGB_E_I,['TI11F'],3.63932466506958,1.0017127990722656,3SGB_E_I,1,split_1,3SGB_E_I_TI11F_719
4382,2B2X_HL_A,"['EH64K', 'QL28S', 'YL52N']",0.7803654074668884,0.8127059936523438,2B2X_HL_A,3,split_1,"2B2X_HL_A_EH64K,QL28S,YL52N_1359"
4383,3SGB_E_I,"['EI4D', 'AI9V', 'EI13D', 'RI15M', 'KI23T', 'GI26S', 'EI37D', 'LI42I']",1.1970338821411133,1.0402297973632812,3SGB_E_I,8,split_1,"3SGB_E_I_EI4D,AI9V,EI13D,RI15M,KI23T,GI26S,EI37D,LI42I_1158"
4384,3BT1_A_U,['PU272A'],-0.013021446764469147,0.3990936279296875,3BT1_A_U,1,split_1,3BT1_A_U_PU272A_1816
4385,2DVW_A_B,"['RB3A', 'RB7A']",2.1533782482147217,0.98358154296875,2DVW_A_B,2,split_1,"2DVW_A_B_RB3A,RB7A_1567"
4386,2AK4_ABC_DE,['SE49A'],-0.3143717646598816,0.12993240356445312,2AK4_ABC_DE,1,split_1,2AK4_ABC_DE_SE49A_1255
4387,3SGB_E_I,['TI11S'],2.466209650039673,1.2242927551269531,3SGB_E_I,1,split_1,3SGB_E_I_TI11S_706
4388,1JRH_LH_I,['NI43A'],4.709524631500244,-0.0136871337890625,1JRH_LH_I,1,split_1,1JRH_LH_I_NI43A_869
4389,1DAN_HL_UT,['DU55A'],-0.010675099678337574,0.29120635986328125,1DAN_HL_UT,1,split_1,1DAN_HL_UT_DU55A_1024
4390,2AK4_ABC_DE,['QA72A'],0.23916159570217133,0.0245513916015625,2AK4_ABC_DE,1,split_1,2AK4_ABC_DE_QA72A_1261
4391,3SE8_HL_G,['WH50A'],1.3121079206466675,2.2791519165039062,3SE8_HL_G,1,split_1,3SE8_HL_G_WH50A_2233
4392,1AO7_ABC_DE,['DD93A'],0.7796263694763184,0.4826698303222656,1AO7_ABC_DE,1,split_1,1AO7_ABC_DE_DD93A_1407
4393,3SGB_E_I,['GI26T'],3.0342824459075928,2.050029754638672,3SGB_E_I,1,split_1,3SGB_E_I_GI26T_936
4394,1REW_AB_C,"['DA42A', 'DB42A']",-0.06978079676628113,-0.17296600341796875,1REW_AB_C,2,split_1,"1REW_AB_C_DA42A,DB42A_215"
4395,3NGB_HL_G,['WH47A'],1.1828622817993164,2.0590782165527344,3NGB_HL_G,1,split_1,3NGB_HL_G_WH47A_2204
4396,3BT1_A_U,['QU119A'],-0.06817305088043213,0.3487548828125,3BT1_A_U,1,split_1,3BT1_A_U_QU119A_1682
4397,3MZG_A_B,['HA160A'],1.090846061706543,0.7416839599609375,3MZG_A_B,1,split_1,3MZG_A_B_HA160A_690
4398,3BT1_A_U,['AU240S'],-0.17908690869808197,-0.3370399475097656,3BT1_A_U,1,split_1,3BT1_A_U_AU240S_1789
4399,3SE9_HL_G,['VL3A'],-0.486391544342041,0.24280929565429688,3SE9_HL_G,1,split_1,3SE9_HL_G_VL3A_1828
4400,3SGB_E_I,['RI15K'],-0.2777929902076721,0.05254364013671875,3SGB_E_I,1,split_1,3SGB_E_I_RI15K_830
4401,1AO7_ABC_DE,"['DD26A', 'EA58A']",0.749596118927002,1.5030059814453125,1AO7_ABC_DE,2,split_1,"1AO7_ABC_DE_DD26A,EA58A_1315"
4402,1VFB_AB_C,['YA32A'],1.3399860858917236,1.8435173034667969,1VFB_AB_C,1,split_1,1VFB_AB_C_YA32A_81
4403,1C4Z_ABC_D,['SA142A'],0.4106564223766327,0.5397415161132812,1C4Z_ABC_D,1,split_1,1C4Z_ABC_D_SA142A_1921
4404,2AJF_A_E,['YA23A'],1.452401041984558,1.8300209045410156,2AJF_A_E,1,split_1,2AJF_A_E_YA23A_1333
4405,1AO7_ABC_DE,['EA166A'],1.4516383409500122,0.8301734924316406,1AO7_ABC_DE,1,split_1,1AO7_ABC_DE_EA166A_1466
4406,1XD3_A_B,['DB39A'],-0.4106564223766327,0.037944793701171875,1XD3_A_B,1,split_1,1XD3_A_B_DB39A_296
4407,1SMF_E_I,['KI3A'],5.689055919647217,0.6195144653320312,1SMF_E_I,1,split_1,1SMF_E_I_KI3A_1075
4408,3SGB_E_I,['YI14K'],3.432969808578491,5.167484283447266,3SGB_E_I,1,split_1,3SGB_E_I_YI14K_792
4409,3SGB_E_I,['RI15F'],0.22795669734477997,-0.04506683349609375,3SGB_E_I,1,split_1,3SGB_E_I_RI15F_834
4410,1REW_AB_C,"['DA19A', 'DB19A']",0.6680910587310791,1.1398162841796875,1REW_AB_C,2,split_1,"1REW_AB_C_DA19A,DB19A_196"
4411,2B2X_HL_A,"['VH50T', 'EH64D', 'QL28S', 'YL52N']",0.8233383297920227,0.7923240661621094,2B2X_HL_A,4,split_1,"2B2X_HL_A_VH50T,EH64D,QL28S,YL52N_1393"
4412,2PCC_A_B,['KB77A'],0.30366912484169006,1.0006179809570312,2PCC_A_B,1,split_1,2PCC_A_B_KB77A_210
4413,3SGB_E_I,['YI14R'],2.7605485916137695,4.675071716308594,3SGB_E_I,1,split_1,3SGB_E_I_YI14R_797
4414,1C4Z_ABC_D,['RD2A'],0.5186731815338135,1.3095321655273438,1C4Z_ABC_D,1,split_1,1C4Z_ABC_D_RD2A_1893
4415,3BT1_A_U,['QU5A'],0.06113170459866524,0.0240631103515625,3BT1_A_U,1,split_1,3BT1_A_U_QU5A_1581
4416,1AO7_ABC_DE,"['DD93A', 'QA72A']",1.0608429908752441,0.20149612426757812,1AO7_ABC_DE,2,split_1,"1AO7_ABC_DE_DD93A,QA72A_1409"
4417,1DQJ_AB_C,['NA32A'],4.092513084411621,3.5483131408691406,1DQJ_AB_C,1,split_1,1DQJ_AB_C_NA32A_347
4418,1DAN_HL_UT,['VU85A'],0.10984250903129578,0.39608001708984375,1DAN_HL_UT,1,split_1,1DAN_HL_UT_VU85A_604
4419,1VFB_AB_C,"['YB101F', 'VC120A']",2.53961443901062,3.423095703125,1VFB_AB_C,2,split_1,"1VFB_AB_C_YB101F,VC120A_612"
4420,3LZF_AB_HL,['DA187E'],0.4985881447792053,1.8514404296875,3LZF_AB_HL,1,split_1,3LZF_AB_HL_DA187E_1191
4421,1F47_A_B,['DA7G'],1.1393417119979858,-1.0997352600097656,1F47_A_B,1,split_1,1F47_A_B_DA7G_805
4422,3SGB_E_I,"['AI9D', 'GI26A']",1.0810645818710327,4.718524932861328,3SGB_E_I,2,split_1,"3SGB_E_I_AI9D,GI26A_1123"
4423,1GC1_G_C,['DC88A'],-0.06978079676628113,-0.044254302978515625,1GC1_G_C,1,split_1,1GC1_G_C_DC88A_540
4424,5E6P_A_B,['RB42E'],1.774827480316162,0.141357421875,5E6P_A_B,1,split_1,5E6P_A_B_RB42E_2254
4425,3SGB_E_I,"['LI12M', 'LI17V', 'KI23I', 'EI37K']",0.8196556568145752,0.22483444213867188,3SGB_E_I,4,split_1,"3SGB_E_I_LI12M,LI17V,KI23I,EI37K_1130"
4426,3BT1_A_U,['SU199A'],-0.12899070978164673,0.2604637145996094,3BT1_A_U,1,split_1,3BT1_A_U_SU199A_1752
4427,3BT1_A_U,['VU29A'],0.7158663868904114,0.3831596374511719,3BT1_A_U,1,split_1,3BT1_A_U_VU29A_1601
4428,3MZW_A_B,"['NB1E', 'NB18T']",0.3843208849430084,-1.0264472961425781,3MZW_A_B,2,split_1,"3MZW_A_B_NB1E,NB18T_1544"
4429,1C4Z_ABC_D,['DA145A'],-0.38742002844810486,0.5955772399902344,1C4Z_ABC_D,1,split_1,1C4Z_ABC_D_DA145A_1923
4430,1CSE_E_I,['LI38D'],4.4118428230285645,4.727535247802734,1CSE_E_I,1,split_1,1CSE_E_I_LI38D_4
4431,1VFB_AB_C,['HA30A'],0.8452608585357666,0.8281440734863281,1VFB_AB_C,1,split_1,1VFB_AB_C_HA30A_80
4432,3MZW_A_B,"['NB1A', 'NB18T', 'SB28K', 'AB37S', 'AB41S', 'AB49S']",-0.2150040864944458,-1.0431594848632812,3MZW_A_B,6,split_1,"3MZW_A_B_NB1A,NB18T,SB28K,AB37S,AB41S,AB49S_1562"
4433,3NPS_A_BC,['QA218A'],-0.040935076773166656,0.3291893005371094,3NPS_A_BC,1,split_1,3NPS_A_BC_QA218A_561
4434,3MZG_A_B,['HA167A'],2.272951126098633,1.4465141296386719,3MZG_A_B,1,split_1,3MZG_A_B_HA167A_745
4435,1DAN_HL_UT,['YU4A'],1.024149775505066,1.2435531616210938,1DAN_HL_UT,1,split_1,1DAN_HL_UT_YU4A_1039
4436,1AO7_ABC_DE,"['GD28I', 'SD94A']",-0.38309553265571594,-0.10738754272460938,1AO7_ABC_DE,2,split_1,"1AO7_ABC_DE_GD28I,SD94A_1524"
4437,4P5T_CD_AB,['SD71A'],0.0,-0.03887176513671875,4P5T_CD_AB,1,split_1,4P5T_CD_AB_SD71A_2147
4438,1BJ1_HL_VW,['YH27A'],2.243532657623291,1.0146102905273438,1BJ1_HL_VW,1,split_1,1BJ1_HL_VW_YH27A_1921
4439,3MZW_A_B,"['NB18T', 'DB31K']",1.2189477682113647,-0.24858856201171875,3MZW_A_B,2,split_1,"3MZW_A_B_NB18T,DB31K_1554"
4440,3QDG_ABC_DE,['TE99F'],-0.03865187615156174,-0.3039283752441406,3QDG_ABC_DE,1,split_1,3QDG_ABC_DE_TE99F_1302
4441,1JRH_LH_I,['WI46F'],-0.657078742980957,0.2541389465332031,1JRH_LH_I,1,split_1,1JRH_LH_I_WI46F_853
4442,3SGB_E_I,['PI8L'],-0.1413743942975998,0.35997772216796875,3SGB_E_I,1,split_1,3SGB_E_I_PI8L_862
4443,1AO7_ABC_DE,"['WD95A', 'AA69G']",2.905458688735962,1.03961181640625,1AO7_ABC_DE,2,split_1,"1AO7_ABC_DE_WD95A,AA69G_1370"
4444,1GC1_G_C,['KC50A'],0.04742145910859108,0.060283660888671875,1GC1_G_C,1,split_1,1GC1_G_C_KC50A_521
4445,3BT1_A_U,['SU262A'],-0.06817305088043213,-0.00679779052734375,3BT1_A_U,1,split_1,3BT1_A_U_SU262A_1810
4446,2B2X_HL_A,"['VH50T', 'EH64K', 'QL28S', 'YL52N', 'SL91T']",3.3613667488098145,1.0327339172363281,2B2X_HL_A,5,split_1,"2B2X_HL_A_VH50T,EH64K,QL28S,YL52N,SL91T_1399"
4447,4P5T_CD_AB,['RD78A'],2.0744974613189697,1.8232536315917969,4P5T_CD_AB,1,split_1,4P5T_CD_AB_RD78A_2153
4448,1C4Z_ABC_D,['DA145K'],0.20774735510349274,0.5700187683105469,1C4Z_ABC_D,1,split_1,1C4Z_ABC_D_DA145K_1924
4449,5F4E_A_B,['KB139E'],0.4859897494316101,0.3549232482910156,5F4E_A_B,1,split_1,5F4E_A_B_KB139E_1257
4450,4MNQ_ABC_DE,['KC4A'],4.935636520385742,0.7409553527832031,4MNQ_ABC_DE,1,split_1,4MNQ_ABC_DE_KC4A_1291
4451,3BTT_E_I,['TI13K'],-10.59748363494873,-9.484748840332031,3BTT_E_I,1,split_1,3BTT_E_I_TI13K_1079
4452,3SE8_HL_G,['LH54A'],0.05389641225337982,0.8059730529785156,3SE8_HL_G,1,split_1,3SE8_HL_G_LH54A_2235
4453,1BJ1_HL_VW,"['HH101Y', 'SH105T']",-1.3440860509872437,-0.9441337585449219,1BJ1_HL_VW,2,split_1,"1BJ1_HL_VW_HH101Y,SH105T_1929"
4454,3MZG_A_B,['HA17A'],0.28546592593193054,0.4603996276855469,3MZG_A_B,1,split_1,3MZG_A_B_HA17A_724
4455,3BT1_A_U,['GU189A'],-0.0978018268942833,0.28388214111328125,3BT1_A_U,1,split_1,3BT1_A_U_GU189A_1744
4456,1GUA_A_B,['RB4A'],1.0008436441421509,1.9644279479980469,1GUA_A_B,1,split_1,1GUA_A_B_RB4A_2279
4457,3IDX_HL_G,"['CG27I', 'CG242Q', 'MG247A']",-2.174590826034546,0.15824127197265625,3IDX_HL_G,3,split_1,"3IDX_HL_G_CG27I,CG242Q,MG247A_1961"
4458,2AK4_ABC_DE,['LC10A'],0.513635516166687,3.8037376403808594,2AK4_ABC_DE,1,split_1,2AK4_ABC_DE_LC10A_1274
4459,4L0P_A_B,['EA27K'],2.665921211242676,0.043529510498046875,4L0P_A_B,1,split_1,4L0P_A_B_EA27K_1888
4460,2BDN_HL_A,['SL53E'],-0.8517016768455505,-0.11879730224609375,2BDN_HL_A,1,split_1,2BDN_HL_A_SL53E_1552
4461,1AO7_ABC_DE,"['RE92A', 'YC5F']",0.6059800386428833,0.150360107421875,1AO7_ABC_DE,2,split_1,"1AO7_ABC_DE_RE92A,YC5F_1391"
4462,1DAN_HL_UT,"['KT63A', 'QT64A']",-0.20611459016799927,0.7425308227539062,1DAN_HL_UT,2,split_1,"1DAN_HL_UT_KT63A,QT64A_1041"
4463,1JRH_LH_I,['EI45A'],-0.43501293659210205,0.00659942626953125,1JRH_LH_I,1,split_1,1JRH_LH_I_EI45A_852
4464,3NPS_A_BC,['YA141A'],1.7756685018539429,1.0401725769042969,3NPS_A_BC,1,split_1,3NPS_A_BC_YA141A_554
4465,1FC2_C_D,['QC28L'],0.45807787775993347,-0.7531471252441406,1FC2_C_D,1,split_1,1FC2_C_D_QC28L_290
4466,1SMF_E_I,['TI2A'],2.0460517406463623,0.8964004516601562,1SMF_E_I,1,split_1,1SMF_E_I_TI2A_1073
4467,1FFW_A_B,['HB23A'],0.033863615244627,1.4245758056640625,1FFW_A_B,1,split_1,1FFW_A_B_HB23A_531
4468,1VFB_AB_C,['SB28N'],0.14401189982891083,0.24671173095703125,1VFB_AB_C,1,split_1,1VFB_AB_C_SB28N_96
4469,1AO7_ABC_DE,['YC5A'],1.532821774482727,2.2227859497070312,1AO7_ABC_DE,1,split_1,1AO7_ABC_DE_YC5A_1336
4470,3NGB_HL_G,['RH54N'],0.046471256762742996,-0.17568206787109375,3NGB_HL_G,1,split_1,3NGB_HL_G_RH54N_1580
4471,3SGB_E_I,['LI12Y'],1.6760064363479614,1.4425277709960938,3SGB_E_I,1,split_1,3SGB_E_I_LI12Y_645
4472,3HG1_ABC_DE,"['SE50Y', 'VE51G', 'GE52P', 'IE53F', 'TE100M', 'EE102G', 'LE103W', 'FE104Q']",-1.4907034635543823,0.9455070495605469,3HG1_ABC_DE,8,split_1,"3HG1_ABC_DE_SE50Y,VE51G,GE52P,IE53F,TE100M,EE102G,LE103W,FE104Q_1280"
4473,2HLE_A_B,['LA87R'],2.287297010421753,-0.24898529052734375,2HLE_A_B,1,split_1,2HLE_A_B_LA87R_42
4474,1AO7_ABC_DE,['AE96M'],-0.31211909651756287,-0.6489524841308594,1AO7_ABC_DE,1,split_1,1AO7_ABC_DE_AE96M_1516
4475,4K71_A_BC,"['MA416V', 'GA503E', 'AA545V']",2.9276857376098633,-0.3860321044921875,4K71_A_BC,3,split_1,"4K71_A_BC_MA416V,GA503E,AA545V_1251"
4476,1MI5_ABC_DE,['SE29A'],1.0638965368270874,0.44954681396484375,1MI5_ABC_DE,1,split_1,1MI5_ABC_DE_SE29A_1107
4477,4NKQ_C_AB,['LC15D'],-0.23513315618038177,0.2741851806640625,4NKQ_C_AB,1,split_1,4NKQ_C_AB_LC15D_1738
4478,4K71_A_BC,"['MA416V', 'AA418T', 'AA545V']",2.8541905879974365,-0.8948478698730469,4K71_A_BC,3,split_1,"4K71_A_BC_MA416V,AA418T,AA545V_1249"
4479,3MZG_A_B,['HA167A'],0.7765509486198425,1.4465141296386719,3MZG_A_B,1,split_1,3MZG_A_B_HA167A_738
4480,1GC1_G_C,['EC87A'],0.21785926818847656,-0.23456573486328125,1GC1_G_C,1,split_1,1GC1_G_C_EC87A_539
4481,5XCO_A_B,"['DA13C', 'VB14A']",0.8599647283554077,2.0774459838867188,5XCO_A_B,2,split_1,"5XCO_A_B_DA13C,VB14A_2318"
4482,1CSE_E_I,['LI38P'],6.765445709228516,4.694873809814453,1CSE_E_I,1,split_1,1CSE_E_I_LI38P_2
4483,1AO7_ABC_DE,['EA58A'],-0.2552182078361511,0.5050697326660156,1AO7_ABC_DE,1,split_1,1AO7_ABC_DE_EA58A_1441
4484,2FTL_E_I,['KI15W'],8.664118766784668,8.662269592285156,2FTL_E_I,1,split_1,2FTL_E_I_KI15W_297
4485,1AO7_ABC_DE,"['DD26W', 'RD27F', 'GD28T', 'SD51M', 'SD94T', 'KD97P', 'AE50P', 'RE99P']",-4.6220574378967285,0.50653076171875,1AO7_ABC_DE,8,split_1,"1AO7_ABC_DE_DD26W,RD27F,GD28T,SD51M,SD94T,KD97P,AE50P,RE99P_1554"
4486,4K71_A_BC,['AA545V'],1.989831566810608,-0.5208015441894531,4K71_A_BC,1,split_1,4K71_A_BC_AA545V_1261
4487,3BT1_A_U,['HU247A'],0.04939959943294525,0.3409080505371094,3BT1_A_U,1,split_1,3BT1_A_U_HU247A_1795
4488,3BT1_A_U,['IU28A'],0.07263598591089249,0.445343017578125,3BT1_A_U,1,split_1,3BT1_A_U_IU28A_1600
4489,1AO7_ABC_DE,['KA68A'],0.19354471564292908,0.8613624572753906,1AO7_ABC_DE,1,split_1,1AO7_ABC_DE_KA68A_1448
4490,3SGB_E_I,"['TI11M', 'LI12S', 'GI26V']",6.909813404083252,6.466388702392578,3SGB_E_I,3,split_1,"3SGB_E_I_TI11M,LI12S,GI26V_1126"
4491,3NGB_HL_G,['QL25A'],-0.22690452635288239,0.6619300842285156,3NGB_HL_G,1,split_1,3NGB_HL_G_QL25A_2225
4492,1E96_A_B,['KA132E'],-0.18986420333385468,0.4795494079589844,1E96_A_B,1,split_1,1E96_A_B_KA132E_75
4493,3SGB_E_I,['TI11W'],3.0342824459075928,3.658924102783203,3SGB_E_I,1,split_1,3SGB_E_I_TI11W_722
4494,1CBW_FGH_I,['PI13A'],-0.05646670609712601,1.0538597106933594,1CBW_FGH_I,1,split_1,1CBW_FGH_I_PI13A_590
4495,1MI5_ABC_DE,['QE48A'],-0.0703735426068306,0.5975341796875,1MI5_ABC_DE,1,split_1,1MI5_ABC_DE_QE48A_1108
4496,3SE9_HL_G,['TH105A'],-0.43484148383140564,0.6174392700195312,3SE9_HL_G,1,split_1,3SE9_HL_G_TH105A_1824
4497,3SGB_E_I,['GI26R'],3.5076560974121094,3.428325653076172,3SGB_E_I,1,split_1,3SGB_E_I_GI26R_948
4498,1GC1_G_C,['SC23A'],0.2926822304725647,0.2927131652832031,1GC1_G_C,1,split_1,1GC1_G_C_SC23A_505
4499,3MZG_A_B,['HA167A'],1.7124065160751343,1.446502685546875,3MZG_A_B,1,split_1,3MZG_A_B_HA167A_740
4500,1B41_A_B,['MB33Q'],1.5959259271621704,1.5295944213867188,1B41_A_B,1,split_1,1B41_A_B_MB33Q_1209
4501,1GUA_A_B,"['DA30E', 'EA31K']",2.0150461196899414,1.4619293212890625,1GUA_A_B,2,split_1,"1GUA_A_B_DA30E,EA31K_2358"
4502,1DAN_HL_UT,['LU43A'],-0.027560874819755554,1.7093582153320312,1DAN_HL_UT,1,split_1,1DAN_HL_UT_LU43A_1030
4503,3SZK_AB_C,['TC70A'],1.4692765474319458,1.1701507568359375,3SZK_AB_C,1,split_1,3SZK_AB_C_TC70A_1177
4504,4MNQ_ABC_DE,"['HE50W', 'PE51E', 'EE52F', 'YE53E']",0.259645015001297,-1.3343238830566406,4MNQ_ABC_DE,4,split_1,"4MNQ_ABC_DE_HE50W,PE51E,EE52F,YE53E_1288"
4505,1JRH_LH_I,['VI41A'],1.4762879610061646,0.5844497680664062,1JRH_LH_I,1,split_1,1JRH_LH_I_VI41A_867
4506,1DAN_HL_UT,"['DT39A', 'KT15A']",3.9962286949157715,1.6169357299804688,1DAN_HL_UT,2,split_1,"1DAN_HL_UT_DT39A,KT15A_570"
4507,1JRH_LH_I,['GI40A'],4.527354717254639,0.454681396484375,1JRH_LH_I,1,split_1,1JRH_LH_I_GI40A_846
4508,3L5X_A_HL,"['HL91Q', 'NL92D', 'EL93Y', 'YL94G']",-1.452102780342102,0.8876686096191406,3L5X_A_HL,4,split_1,"3L5X_A_HL_HL91Q,NL92D,EL93Y,YL94G_1849"
4509,3NPS_A_BC,['TA144A'],0.175048366189003,0.032756805419921875,3NPS_A_BC,1,split_1,3NPS_A_BC_TA144A_555
4510,2AK4_ABC_DE,['RA151A'],1.3673309087753296,-0.24202346801757812,2AK4_ABC_DE,1,split_1,2AK4_ABC_DE_RA151A_1262
4511,3SGB_E_I,['NI30I'],0.1979234665632248,0.5241432189941406,3SGB_E_I,1,split_1,3SGB_E_I_NI30I_978
4512,4NKQ_C_AB,"['DC99K', 'KB90D']",-0.5019832849502563,2.3224716186523438,4NKQ_C_AB,2,split_1,"4NKQ_C_AB_DC99K,KB90D_1714"
4513,3BT1_A_U,['EU42A'],-0.19677335023880005,0.9328689575195312,3BT1_A_U,1,split_1,3BT1_A_U_EU42A_1614
4514,3SGB_E_I,['AI9E'],0.6714746952056885,2.431781768798828,3SGB_E_I,1,split_1,3SGB_E_I_AI9E_679
4515,3BT1_A_U,['GU197A'],0.025214528664946556,0.24883270263671875,3BT1_A_U,1,split_1,3BT1_A_U_GU197A_1750
4516,1MI5_ABC_DE,['SE93A'],-0.6118989586830139,0.3208351135253906,1MI5_ABC_DE,1,split_1,1MI5_ABC_DE_SE93A_1112
4517,2AK4_ABC_DE,['QC7A'],1.4039890766143799,0.8420448303222656,2AK4_ABC_DE,1,split_1,2AK4_ABC_DE_QC7A_1272
4518,1DQJ_AB_C,['NC93A'],0.6501642465591431,0.219696044921875,1DQJ_AB_C,1,split_1,1DQJ_AB_C_NC93A_341
4519,3SGB_E_I,['AI9Q'],0.4301895797252655,0.9483489990234375,3SGB_E_I,1,split_1,3SGB_E_I_AI9Q_678
4520,3BT1_A_U,['GU60A'],0.29746535420417786,-0.142913818359375,3BT1_A_U,1,split_1,3BT1_A_U_GU60A_1631
4521,1AO7_ABC_DE,['YC5A'],1.2211077213287354,2.2228012084960938,1AO7_ABC_DE,1,split_1,1AO7_ABC_DE_YC5A_1384
4522,3BE1_HL_A,"['DL28N', 'PL30A', 'RL31K', 'SL32T', 'TL97S', 'TL98S', 'KH30S', 'DH31G', 'TH54S', 'NH55E', 'GH100V', 'DH102V', 'YL36A']",-3.1389987468719482,-1.8796539306640625,3BE1_HL_A,13,split_1,"3BE1_HL_A_DL28N,PL30A,RL31K,SL32T,TL97S,TL98S,KH30S,DH31G,TH54S,NH55E,GH100V,DH102V,YL36A_1537"
4523,2FTL_E_I,['RI20A'],4.092513084411621,3.2368507385253906,2FTL_E_I,1,split_1,2FTL_E_I_RI20A_273
4524,3BT1_A_U,['GU144A'],1.250980019569397,0.3654365539550781,3BT1_A_U,1,split_1,3BT1_A_U_GU144A_1706
4525,1JCK_A_B,['YB26A'],1.774827480316162,1.670074462890625,1JCK_A_B,1,split_1,1JCK_A_B_YB26A_18
4526,1SMF_E_I,['EI8A'],1.0128092765808105,0.3339576721191406,1SMF_E_I,1,split_1,1SMF_E_I_EI8A_1071
4527,1DAN_HL_UT,['RH125A'],0.7490248680114746,0.6704978942871094,1DAN_HL_UT,1,split_1,1DAN_HL_UT_RH125A_574
4528,3BT1_A_U,['RU114A'],0.21388307213783264,1.3250503540039062,3BT1_A_U,1,split_1,3BT1_A_U_RU114A_1677
4529,4NKQ_C_AB,['RB80D'],-0.07738618552684784,0.2128753662109375,4NKQ_C_AB,1,split_1,4NKQ_C_AB_RB80D_1683
4530,3SGB_E_I,"['EI4D', 'YI5H', 'TI11L', 'LI12Q', 'YI14Q', 'RI15K', 'LI17I', 'GI26D', 'NI30S', 'EI37D']",7.4294352531433105,9.663604736328125,3SGB_E_I,10,split_1,"3SGB_E_I_EI4D,YI5H,TI11L,LI12Q,YI14Q,RI15K,LI17I,GI26D,NI30S,EI37D_1118"
4531,1LP9_ABC_EF,['KA66A'],0.7283912301063538,1.8044548034667969,1LP9_ABC_EF,1,split_1,1LP9_ABC_EF_KA66A_1428
4532,3MZG_A_B,['HB188A'],1.056810736656189,1.6344833374023438,3MZG_A_B,1,split_1,3MZG_A_B_HB188A_729
4533,1JRH_LH_I,"['EI45P', 'II47L']",-3.4583282470703125,0.0646820068359375,1JRH_LH_I,2,split_1,"1JRH_LH_I_EI45P,II47L_837"
4534,1DAN_HL_UT,['KT36A'],0.32156944274902344,0.6059684753417969,1DAN_HL_UT,1,split_1,1DAN_HL_UT_KT36A_1056
4535,3L5X_A_HL,"['NL92E', 'EL93W', 'YL94G']",-1.5510743856430054,0.6040840148925781,3L5X_A_HL,3,split_1,"3L5X_A_HL_NL92E,EL93W,YL94G_1847"
4536,3SGB_E_I,"['EI4D', 'AI9V', 'TI11S', 'RI15M', 'NI22S', 'GI26N', 'NI30D', 'SI45G']",3.893831253051758,1.1569900512695312,3SGB_E_I,8,split_1,"3SGB_E_I_EI4D,AI9V,TI11S,RI15M,NI22S,GI26N,NI30D,SI45G_1097"
4537,1HE8_A_B,"['KA80V', 'KA113A']",1.6758559942245483,0.8264808654785156,1HE8_A_B,2,split_1,"1HE8_A_B_KA80V,KA113A_507"
4538,3BT1_A_U,['GU134A'],-0.08280224353075027,-0.118377685546875,3BT1_A_U,1,split_1,3BT1_A_U_GU134A_1696
4539,3BT1_A_U,['KU62A'],0.41706135869026184,0.4917106628417969,3BT1_A_U,1,split_1,3BT1_A_U_KU62A_1633
4540,1AO7_ABC_DE,['YC5A'],1.6319506168365479,2.2227935791015625,1AO7_ABC_DE,1,split_1,1AO7_ABC_DE_YC5A_1402
4541,4NKQ_C_AB,['DB176N'],2.118934392929077,0.2288818359375,4NKQ_C_AB,1,split_1,4NKQ_C_AB_DB176N_1720
4542,2QJA_AB_C,"['RC57K', 'TC59S', 'IC61K', 'PC62A', 'HC63Q', 'QC64L', 'SC67T', 'TC43A', 'LC47M', 'GC48K', 'LC49Y']",-0.26777946949005127,-1.0734596252441406,2QJA_AB_C,11,split_1,"2QJA_AB_C_RC57K,TC59S,IC61K,PC62A,HC63Q,QC64L,SC67T,TC43A,LC47M,GC48K,LC49Y_268"
4543,1VFB_AB_C,['YA50A'],0.5245682597160339,1.2931594848632812,1VFB_AB_C,1,split_1,1VFB_AB_C_YA50A_592
4544,3BT1_A_U,['SU110A'],0.24874325096607208,0.002796173095703125,3BT1_A_U,1,split_1,3BT1_A_U_SU110A_1674
4545,5F4E_A_B,['EB26K'],2.2867681980133057,-0.14226150512695312,5F4E_A_B,1,split_1,5F4E_A_B_EB26K_1253
4546,1GC1_G_C,['KC21A'],-0.12810181081295013,0.4433097839355469,1GC1_G_C,1,split_1,1GC1_G_C_KC21A_503
4547,1AO7_ABC_DE,['LC1A'],0.701011061668396,2.4130401611328125,1AO7_ABC_DE,1,split_1,1AO7_ABC_DE_LC1A_1321
4548,3SGB_E_I,['PI8S'],0.06572162359952927,0.056549072265625,3SGB_E_I,1,split_1,3SGB_E_I_PI8S_858
4549,3SZK_AB_C,['SC69A'],1.514223337173462,0.18509292602539062,3SZK_AB_C,1,split_1,3SZK_AB_C_SC69A_1176
4550,3SGB_E_I,['GI26D'],1.62498939037323,2.4843711853027344,3SGB_E_I,1,split_1,3SGB_E_I_GI26D_942
4551,1B41_A_B,['RB27Y'],2.396639108657837,1.6865386962890625,1B41_A_B,1,split_1,1B41_A_B_RB27Y_1203
4552,3MZG_A_B,['HA84A'],0.10136527568101883,0.5516204833984375,3MZG_A_B,1,split_1,3MZG_A_B_HA84A_682
4553,3BT1_A_U,['HU108A'],0.41706135869026184,0.4920196533203125,3BT1_A_U,1,split_1,3BT1_A_U_HU108A_1672
4554,3BT1_A_U,['TU208A'],0.23156951367855072,0.37767791748046875,3BT1_A_U,1,split_1,3BT1_A_U_TU208A_1760
4555,1AO7_ABC_DE,['EA63A'],0.1585373729467392,0.05145263671875,1AO7_ABC_DE,1,split_1,1AO7_ABC_DE_EA63A_1443
4556,1DQJ_AB_C,"['NA32A', 'KC96A']",5.804446220397949,7.339038848876953,1DQJ_AB_C,2,split_1,"1DQJ_AB_C_NA32A,KC96A_356"
4557,1BD2_ABC_DE,['YC5F'],0.5563236474990845,-0.3185462951660156,1BD2_ABC_DE,1,split_1,1BD2_ABC_DE_YC5F_1225
4558,3B4V_AB_C,['FC52E'],3.8812005519866943,2.6256141662597656,3B4V_AB_C,1,split_1,3B4V_AB_C_FC52E_1365
4559,3L5X_A_HL,"['NL92S', 'EL93S', 'YL94G']",-0.24932429194450378,0.4813499450683594,3L5X_A_HL,3,split_1,"3L5X_A_HL_NL92S,EL93S,YL94G_1879"
4560,1DQJ_AB_C,['DC101A'],1.4530574083328247,1.6444664001464844,1DQJ_AB_C,1,split_1,1DQJ_AB_C_DC101A_334
4561,1GC1_G_C,['NC39A'],0.465625137090683,0.7453079223632812,1GC1_G_C,1,split_1,1GC1_G_C_NC39A_514
4562,3NPS_A_BC,['LA147A'],0.2958686947822571,0.4688873291015625,3NPS_A_BC,1,split_1,3NPS_A_BC_LA147A_556
4563,3SZK_AB_C,['DC120A'],0.6736644506454468,0.3927879333496094,3SZK_AB_C,1,split_1,3SZK_AB_C_DC120A_1178
4564,3SGB_E_I,"['KI7S', 'PI8D', 'AI9Y', 'LI12G', 'EI13I', 'RI15K']",0.09561484307050705,2.9776611328125,3SGB_E_I,6,split_1,"3SGB_E_I_KI7S,PI8D,AI9Y,LI12G,EI13I,RI15K_1887"
4565,1MI5_ABC_DE,['SD23A'],0.10006427019834518,0.14092254638671875,1MI5_ABC_DE,1,split_1,1MI5_ABC_DE_SD23A_1082
4566,1C4Z_ABC_D,['TA166A'],-0.13220183551311493,0.6924934387207031,1C4Z_ABC_D,1,split_1,1C4Z_ABC_D_TA166A_1935
4567,1XD3_A_B,['DB52A'],-0.2402186095714569,-0.1975250244140625,1XD3_A_B,1,split_1,1XD3_A_B_DB52A_298
4568,3SE8_HL_G,['RH62A'],1.1867965459823608,0.4067039489746094,3SE8_HL_G,1,split_1,3SE8_HL_G_RH62A_2241
4569,3MZW_A_B,"['NB18T', 'AB37S', 'AB41S', 'AB49S']",-0.11319105327129364,-0.7155914306640625,3MZW_A_B,4,split_1,"3MZW_A_B_NB18T,AB37S,AB41S,AB49S_1547"
4570,4P5T_CD_AB,['YD68A'],0.17043781280517578,-0.2649421691894531,4P5T_CD_AB,1,split_1,4P5T_CD_AB_YD68A_2146
4571,1C4Z_ABC_D,['KD6A'],0.6100000739097595,1.1050682067871094,1C4Z_ABC_D,1,split_1,1C4Z_ABC_D_KD6A_1897
4572,3MZG_A_B,['HA17A'],0.09047991037368774,0.4603919982910156,3MZG_A_B,1,split_1,3MZG_A_B_HA17A_721
4573,1AO7_ABC_DE,['DD26A'],0.9790003895759583,1.2017364501953125,1AO7_ABC_DE,1,split_1,1AO7_ABC_DE_DD26A_1313
4574,1DAN_HL_UT,['YU91A'],-0.3298647701740265,0.6291694641113281,1DAN_HL_UT,1,split_1,1DAN_HL_UT_YU91A_1009
4575,1DAN_HL_UT,['KT41A'],0.23182405531406403,0.93658447265625,1DAN_HL_UT,1,split_1,1DAN_HL_UT_KT41A_1051
4576,1MI5_ABC_DE,['HD47A'],1.1172796487808228,1.2427749633789062,1MI5_ABC_DE,1,split_1,1MI5_ABC_DE_HD47A_1089
4577,3BT1_A_U,['LU75A'],0.5165227055549622,0.9802131652832031,3BT1_A_U,1,split_1,3BT1_A_U_LU75A_1645
4578,1JRH_LH_I,['NI69A'],-0.39924708008766174,0.595733642578125,1JRH_LH_I,1,split_1,1JRH_LH_I_NI69A_855
4579,2B2X_HL_A,"['VH50T', 'EH64K', 'YL52N']",0.1864510029554367,0.17761611938476562,2B2X_HL_A,3,split_1,"2B2X_HL_A_VH50T,EH64K,YL52N_1395"
4580,1DAN_HL_UT,['LT54A'],0.0,1.0077629089355469,1DAN_HL_UT,1,split_1,1DAN_HL_UT_LT54A_587
4581,1AO7_ABC_DE,['GD28L'],-0.46684107184410095,0.058086395263671875,1AO7_ABC_DE,1,split_1,1AO7_ABC_DE_GD28L_1501
4582,2AJF_A_E,['TE159S'],1.8239344358444214,0.24351119995117188,2AJF_A_E,1,split_1,2AJF_A_E_TE159S_278
4583,1GC1_G_C,['QC40A'],-0.4106564223766327,0.5266761779785156,1GC1_G_C,1,split_1,1GC1_G_C_QC40A_515
4584,3SGB_E_I,['EI13G'],2.104952812194824,3.207977294921875,3SGB_E_I,1,split_1,3SGB_E_I_EI13G_742
4585,3SGB_E_I,['LI12A'],2.956298828125,2.973430633544922,3SGB_E_I,1,split_1,3SGB_E_I_LI12A_1175
4586,1MI5_ABC_DE,['EE99A'],0.11974887549877167,0.32207489013671875,1MI5_ABC_DE,1,split_1,1MI5_ABC_DE_EE99A_1118
4587,2J0T_A_D,['VD4A'],0.0,-0.1002197265625,2J0T_A_D,1,split_1,2J0T_A_D_VD4A_253
4588,3MZG_A_B,['HA14A'],-0.19875149428844452,-0.15402984619140625,3MZG_A_B,1,split_1,3MZG_A_B_HA14A_702
4589,1CBW_FGH_I,['KI15A'],2.0023953914642334,6.100368499755859,1CBW_FGH_I,1,split_1,1CBW_FGH_I_KI15A_578
4590,3SGB_E_I,['RI15S'],0.27762654423713684,0.04956817626953125,3SGB_E_I,1,split_1,3SGB_E_I_RI15S_820
4591,1F47_A_B,['IA8A'],2.5162453651428223,0.7324333190917969,1F47_A_B,1,split_1,1F47_A_B_IA8A_798
4592,1AO7_ABC_DE,['AA149G'],-0.1544964462518692,0.10451889038085938,1AO7_ABC_DE,1,split_1,1AO7_ABC_DE_AA149G_1458
4593,1XD3_A_B,['RB74L'],2.377732276916504,-0.10799026489257812,1XD3_A_B,1,split_1,1XD3_A_B_RB74L_294
4594,3SGB_E_I,['RI15W'],0.31183531880378723,0.2119140625,3SGB_E_I,1,split_1,3SGB_E_I_RI15W_836
4595,3BT1_A_U,['EU207A'],-0.25324004888534546,0.20006179809570312,3BT1_A_U,1,split_1,3BT1_A_U_EU207A_1759
4596,3NPS_A_BC,['RA51A'],0.13823023438453674,-0.025722503662109375,3NPS_A_BC,1,split_1,3NPS_A_BC_RA51A_544
4597,3MZG_A_B,['HA14A'],-0.09132687747478485,-0.15402603149414062,3MZG_A_B,1,split_1,3MZG_A_B_HA14A_699
4598,1AO7_ABC_DE,"['RE92A', 'YC5A']",1.0463039875030518,2.5573348999023438,1AO7_ABC_DE,2,split_1,"1AO7_ABC_DE_RE92A,YC5A_1385"
4599,1CBW_FGH_I,['YI35A'],0.8850788474082947,2.3589324951171875,1CBW_FGH_I,1,split_1,1CBW_FGH_I_YI35A_598
4600,3SGB_E_I,['EI13Q'],0.18353120982646942,1.4812812805175781,3SGB_E_I,1,split_1,3SGB_E_I_EI13Q_755
4601,1AO7_ABC_DE,"['RE92A', 'YC5A']",2.019083261489868,2.5573463439941406,1AO7_ABC_DE,2,split_1,"1AO7_ABC_DE_RE92A,YC5A_1382"
4602,4NKQ_C_AB,['EB92A'],-0.3530915677547455,-0.06362152099609375,4NKQ_C_AB,1,split_1,4NKQ_C_AB_EB92A_1697
4603,2J0T_A_D,"['VD69A', 'AD103V']",0.7013269662857056,0.10325241088867188,2J0T_A_D,2,split_1,"2J0T_A_D_VD69A,AD103V_273"
4604,1XGU_AB_C,['FB33L'],1.8626039028167725,2.2157020568847656,1XGU_AB_C,1,split_1,1XGU_AB_C_FB33L_1224
4605,2B2X_HL_A,"['VH50T', 'EH64K', 'QL28S', 'YL52N', 'FH99W']",1.043681025505066,0.4665184020996094,2B2X_HL_A,5,split_1,"2B2X_HL_A_VH50T,EH64K,QL28S,YL52N,FH99W_1373"
4606,5XCO_A_B,['YB11A'],1.9003349542617798,2.5147743225097656,5XCO_A_B,1,split_1,5XCO_A_B_YB11A_2306
4607,3BT1_A_U,['RU13A'],0.27360501885414124,0.2554588317871094,3BT1_A_U,1,split_1,3BT1_A_U_RU13A_1587
4608,1SBB_A_B,['LB20T'],-0.09132687747478485,-0.6964950561523438,1SBB_A_B,1,split_1,1SBB_A_B_LB20T_117
4609,3BT1_A_U,['LU73A'],0.23156951367855072,0.7521743774414062,3BT1_A_U,1,split_1,3BT1_A_U_LU73A_1643
4610,1CBW_FGH_I,['KI15A'],2.2109150886535645,6.100368499755859,1CBW_FGH_I,1,split_1,1CBW_FGH_I_KI15A_604
4611,5K39_A_B,['MB112A'],-0.2331232875585556,0.6910400390625,5K39_A_B,1,split_1,5K39_A_B_MB112A_1860
4612,1JRH_LH_I,['NI69A'],0.0,0.595733642578125,1JRH_LH_I,1,split_1,1JRH_LH_I_NI69A_874
4613,2J0T_A_D,['TD2L'],2.6821537017822266,-0.13739013671875,2J0T_A_D,1,split_1,2J0T_A_D_TD2L_261
4614,1VFB_AB_C,['YA50R'],0.8447021245956421,0.270660400390625,1VFB_AB_C,1,split_1,1VFB_AB_C_YA50R_112
4615,4NKQ_C_AB,['DB126A'],0.11002849042415619,0.6754684448242188,4NKQ_C_AB,1,split_1,4NKQ_C_AB_DB126A_1704
4616,1AO7_ABC_DE,['VC7R'],1.225422739982605,1.3630447387695312,1AO7_ABC_DE,1,split_1,1AO7_ABC_DE_VC7R_1432
4617,3NGB_HL_G,['PH63A'],-0.04183751717209816,0.0269012451171875,3NGB_HL_G,1,split_1,3NGB_HL_G_PH63A_2214
4618,2BDN_HL_A,['LH27K'],0.8744037747383118,-0.21896743774414062,2BDN_HL_A,1,split_1,2BDN_HL_A_LH27K_1544
4619,3Q8D_A_E,['RA202A'],0.45807787775993347,0.9562797546386719,3Q8D_A_E,1,split_1,3Q8D_A_E_RA202A_1566
4620,3L5X_A_HL,"['NL92E', 'EL93S', 'YL94G']",-1.2659252882003784,1.0855331420898438,3L5X_A_HL,3,split_1,"3L5X_A_HL_NL92E,EL93S,YL94G_1851"
4621,2B2X_HL_A,"['VH50T', 'EH64K', 'QL28S', 'YL52N', 'WL90Q', 'FL33Y']",1.9150900840759277,0.5424041748046875,2B2X_HL_A,6,split_1,"2B2X_HL_A_VH50T,EH64K,QL28S,YL52N,WL90Q,FL33Y_1420"
4622,1C4Z_ABC_D,['IA163A'],-0.08935531973838806,1.0461692810058594,1C4Z_ABC_D,1,split_1,1C4Z_ABC_D_IA163A_1933
4623,1GC1_G_C,['KC90A'],0.04742145910859108,0.7002372741699219,1GC1_G_C,1,split_1,1GC1_G_C_KC90A_542
4624,3IDX_HL_G,"['KG85C', 'EG121C', 'WG13M', 'MG247A', 'CG14W', 'CG129V', 'CG27I', 'CG242Q']",-2.1932713985443115,0.3299713134765625,3IDX_HL_G,8,split_1,"3IDX_HL_G_KG85C,EG121C,WG13M,MG247A,CG14W,CG129V,CG27I,CG242Q_1959"
4625,2J0T_A_D,['VD4S'],0.9824205040931702,0.1408538818359375,2J0T_A_D,1,split_1,2J0T_A_D_VD4S_256
4626,1B41_A_B,['RB27M'],1.4836316108703613,1.7404823303222656,1B41_A_B,1,split_1,1B41_A_B_RB27M_1202
4627,1REW_AB_C,"['DA42A', 'DB42A']",-0.05195394158363342,-0.17296981811523438,1REW_AB_C,2,split_1,"1REW_AB_C_DA42A,DB42A_208"
4628,1CBW_FGH_I,['KI15W'],-2.4610352516174316,4.783580780029297,1CBW_FGH_I,1,split_1,1CBW_FGH_I_KI15W_619
4629,1DAN_HL_UT,['NU48A'],0.0,0.38816070556640625,1DAN_HL_UT,1,split_1,1DAN_HL_UT_NU48A_600
4630,2B0U_AB_C,['IC51E'],0.2402186095714569,0.5274505615234375,2B0U_AB_C,1,split_1,2B0U_AB_C_IC51E_1327
4631,1GC1_G_C,['SC49A'],0.6111744046211243,0.10395050048828125,1GC1_G_C,1,split_1,1GC1_G_C_SC49A_520
4632,2B2X_HL_A,"['VH50T', 'EH64K', 'QL28S', 'YL52N', 'GH54Y']",1.043681025505066,-0.0016937255859375,2B2X_HL_A,5,split_1,"2B2X_HL_A_VH50T,EH64K,QL28S,YL52N,GH54Y_1437"
4633,3WWN_A_B,['RA224E'],1.2939426898956299,0.9341011047363281,3WWN_A_B,1,split_1,3WWN_A_B_RA224E_1953
4634,1DAN_HL_UT,['ET57A'],0.0,0.6409950256347656,1DAN_HL_UT,1,split_1,1DAN_HL_UT_ET57A_589
4635,2AK4_ABC_DE,['ND98A'],1.4039890766143799,0.4607963562011719,2AK4_ABC_DE,1,split_1,2AK4_ABC_DE_ND98A_1251
4636,3BT1_A_U,['YU57A'],1.200562834739685,0.8736076354980469,3BT1_A_U,1,split_1,3BT1_A_U_YU57A_1628
4637,3BT1_A_U,['AU18S'],0.07263598591089249,-0.3089561462402344,3BT1_A_U,1,split_1,3BT1_A_U_AU18S_1591
4638,1DQJ_AB_C,['YA96A'],1.1355592012405396,3.634246826171875,1DQJ_AB_C,1,split_1,1DQJ_AB_C_YA96A_350
4639,1C4Z_ABC_D,['ED57A'],0.08793172985315323,1.222015380859375,1C4Z_ABC_D,1,split_1,1C4Z_ABC_D_ED57A_1903
4640,4P5T_CD_AB,['ND9A'],0.0,-0.10121536254882812,4P5T_CD_AB,1,split_1,4P5T_CD_AB_ND9A_2141
4641,3SGB_E_I,['LI12N'],3.3998169898986816,3.4651947021484375,3SGB_E_I,1,split_1,3SGB_E_I_LI12N_637
4642,3BT1_A_U,['GU150A'],0.5165227055549622,0.5358543395996094,3BT1_A_U,1,split_1,3BT1_A_U_GU150A_1711
4643,1GC1_G_C,['KC22A'],0.2402186095714569,0.3627662658691406,1GC1_G_C,1,split_1,1GC1_G_C_KC22A_504
4644,2DVW_A_B,"['EB21A', 'EB22A']",0.038346003741025925,0.7711601257324219,2DVW_A_B,2,split_1,"2DVW_A_B_EB21A,EB22A_1569"
4645,3SGB_E_I,['KI7Y'],-0.5848572254180908,-0.5890769958496094,3SGB_E_I,1,split_1,3SGB_E_I_KI7Y_911
4646,1JRH_LH_I,['SI44A'],0.29768186807632446,0.1780242919921875,1JRH_LH_I,1,split_1,1JRH_LH_I_SI44A_851
4647,1C4Z_ABC_D,['ED90R'],-1.002914309501648,1.1508636474609375,1C4Z_ABC_D,1,split_1,1C4Z_ABC_D_ED90R_1910
4648,1DAN_HL_UT,"['KU59A', 'DU60A']",-0.10151255130767822,0.8239822387695312,1DAN_HL_UT,2,split_1,"1DAN_HL_UT_KU59A,DU60A_1023"
4649,3NGB_HL_G,['QH65A'],-0.33492130041122437,-0.007076263427734375,3NGB_HL_G,1,split_1,3NGB_HL_G_QH65A_2215
4650,3SGB_E_I,"['TI11P', 'LI12K', 'EI13D', 'LI17V', 'SI45N', 'HI46R']",4.833294868469238,9.553024291992188,3SGB_E_I,6,split_1,"3SGB_E_I_TI11P,LI12K,EI13D,LI17V,SI45N,HI46R_1092"
4651,3BT1_A_U,['SU65A'],0.3128545880317688,0.132843017578125,3BT1_A_U,1,split_1,3BT1_A_U_SU65A_1636
4652,1CBW_FGH_I,['GI37A'],0.8213128447532654,1.3714828491210938,1CBW_FGH_I,1,split_1,1CBW_FGH_I_GI37A_600
4653,3D3V_ABC_DE,['EE30A'],3.2307486534118652,0.7222442626953125,3D3V_ABC_DE,1,split_1,3D3V_ABC_DE_EE30A_1377
4654,3SGB_E_I,['NI30W'],0.5260738134384155,0.33005523681640625,3SGB_E_I,1,split_1,3SGB_E_I_NI30W_988
4655,2B2X_HL_A,"['VH50T', 'EH64K', 'QL28S', 'YL52N', 'SH35Q']",3.7720232009887695,1.5357475280761719,2B2X_HL_A,5,split_1,"2B2X_HL_A_VH50T,EH64K,QL28S,YL52N,SH35Q_1387"
4656,3BT1_A_U,['NU231A'],0.33521392941474915,-0.08222579956054688,3BT1_A_U,1,split_1,3BT1_A_U_NU231A_1781
4657,1BD2_ABC_DE,"['EE28A', 'YC8A']",3.966677188873291,4.6883544921875,1BD2_ABC_DE,2,split_1,"1BD2_ABC_DE_EE28A,YC8A_1214"
4658,3MZG_A_B,['HA33A'],0.20430143177509308,0.058605194091796875,3MZG_A_B,1,split_1,3MZG_A_B_HA33A_665
4659,1JRH_LH_I,['KI88A'],-0.042640842497348785,0.8053741455078125,1JRH_LH_I,1,split_1,1JRH_LH_I_KI88A_860
4660,3SGB_E_I,"['EI4D', 'TI11S', 'EI13D', 'RI15M', 'NI22S', 'GI26S', 'EI37D', 'GI48E']",4.671950340270996,2.2212867736816406,3SGB_E_I,8,split_1,"3SGB_E_I_EI4D,TI11S,EI13D,RI15M,NI22S,GI26S,EI37D,GI48E_1151"
4661,1CBW_FGH_I,['KI15R'],-0.6204861998558044,0.3846931457519531,1CBW_FGH_I,1,split_1,1CBW_FGH_I_KI15R_616
4662,1MI5_ABC_DE,['VE28A'],0.2930837571620941,0.41825103759765625,1MI5_ABC_DE,1,split_1,1MI5_ABC_DE_VE28A_1106
4663,3MZW_A_B,"['NB18T', 'DB31A']",0.7081217765808105,0.4417915344238281,3MZW_A_B,2,split_1,"3MZW_A_B_NB18T,DB31A_1553"
4664,5XCO_A_B,"['DA13G', 'PB6A']",2.4538683891296387,1.2634773254394531,5XCO_A_B,2,split_1,"5XCO_A_B_DA13G,PB6A_2319"
4665,1F47_A_B,['LA12A'],2.2953264713287354,2.3924560546875,1F47_A_B,1,split_1,1F47_A_B_LA12A_801
4666,1GC1_G_C,['KC72A'],-0.01668989285826683,0.5807914733886719,1GC1_G_C,1,split_1,1GC1_G_C_KC72A_532
4667,3SGB_E_I,"['LI12M', 'GI26D']",2.275153636932373,2.889415740966797,3SGB_E_I,2,split_1,"3SGB_E_I_LI12M,GI26D_1146"
4668,1AO7_ABC_DE,['TA163A'],0.7261759638786316,0.16481399536132812,1AO7_ABC_DE,1,split_1,1AO7_ABC_DE_TA163A_1436
4669,1VFB_AB_C,"['YB101F', 'DC119A']",2.737746477127075,2.2088775634765625,1VFB_AB_C,2,split_1,"1VFB_AB_C_YB101F,DC119A_611"
4670,1C4Z_ABC_D,['WD92A'],0.8213128447532654,2.564319610595703,1C4Z_ABC_D,1,split_1,1C4Z_ABC_D_WD92A_1911
4671,4G2V_A_B,['RA198E'],2.2370340824127197,2.355724334716797,4G2V_A_B,1,split_1,4G2V_A_B_RA198E_999
4672,3BT1_A_U,['LU91A'],-0.1619131714105606,2.0005455017089844,3BT1_A_U,1,split_1,3BT1_A_U_LU91A_1659
4673,1HE8_A_B,['KA80V'],0.4753517508506775,0.031829833984375,1HE8_A_B,1,split_1,1HE8_A_B_KA80V_497
4674,3SGB_E_I,['PI8N'],-0.12480123341083527,-0.787445068359375,3SGB_E_I,1,split_1,3SGB_E_I_PI8N_865
4675,3SE8_HL_G,['QH65A'],0.540974497795105,0.4525909423828125,3SE8_HL_G,1,split_1,3SE8_HL_G_QH65A_2243
4676,1DAN_HL_UT,['ET21A'],0.10140793025493622,-0.06253433227539062,1DAN_HL_UT,1,split_1,1DAN_HL_UT_ET21A_1060
4677,3BT1_A_U,['QU129A'],-0.0978018268942833,-0.5409507751464844,3BT1_A_U,1,split_1,3BT1_A_U_QU129A_1691
4678,2REX_A_B,['LA70Y'],0.5577501058578491,0.7306671142578125,2REX_A_B,1,split_1,2REX_A_B_LA70Y_2258
4679,1DAN_HL_UT,['IT58A'],0.0,0.9700355529785156,1DAN_HL_UT,1,split_1,1DAN_HL_UT_IT58A_590
4680,1DAN_HL_UT,['TU109A'],0.13527154922485352,0.01129150390625,1DAN_HL_UT,1,split_1,1DAN_HL_UT_TU109A_1003
4681,4P5T_CD_AB,['ID75A'],0.09132687747478485,0.357452392578125,4P5T_CD_AB,1,split_1,4P5T_CD_AB_ID75A_2151
4682,3TGK_E_I,['NE170D'],-0.17043781280517578,-0.151702880859375,3TGK_E_I,1,split_1,3TGK_E_I_NE170D_1010
4683,3SGB_E_I,['AI9N'],-0.08912444859743118,1.3300895690917969,3SGB_E_I,1,split_1,3SGB_E_I_AI9N_675
4684,1DQJ_AB_C,"['YB53A', 'WC62A']",1.286884069442749,1.3559112548828125,1DQJ_AB_C,2,split_1,"1DQJ_AB_C_YB53A,WC62A_362"
4685,1VFB_AB_C,['NB56A'],0.17779755592346191,1.3103713989257812,1VFB_AB_C,1,split_1,1VFB_AB_C_NB56A_90
4686,3NGB_HL_G,['WH50A'],1.2710461616516113,2.9852218627929688,3NGB_HL_G,1,split_1,3NGB_HL_G_WH50A_2205
4687,1C4Z_ABC_D,['KD97A'],1.3017500638961792,1.0219039916992188,1C4Z_ABC_D,1,split_1,1C4Z_ABC_D_KD97A_1916
4688,3SGB_E_I,['PI8K'],0.11405384540557861,0.11578369140625,3SGB_E_I,1,split_1,3SGB_E_I_PI8K_867
4689,3BT1_A_U,['SU267A'],-0.14522328972816467,0.3683624267578125,3BT1_A_U,1,split_1,3BT1_A_U_SU267A_1813
4690,3BT1_A_U,['KU137A'],0.6742783188819885,0.31067657470703125,3BT1_A_U,1,split_1,3BT1_A_U_KU137A_44
4691,2B2X_HL_A,"['EH64K', 'QL28S', 'YL52N']",1.043681025505066,0.812713623046875,2B2X_HL_A,3,split_1,"2B2X_HL_A_EH64K,QL28S,YL52N_1388"
4692,3NGB_HL_G,['GH56A'],1.2452833652496338,-0.08327865600585938,3NGB_HL_G,1,split_1,3NGB_HL_G_GH56A_2209
4693,1BJ1_HL_VW,"['TH28D', 'NH31H', 'YH54W', 'HH101Y', 'SH105T']",-1.204037070274353,-1.1170005798339844,1BJ1_HL_VW,5,split_1,"1BJ1_HL_VW_TH28D,NH31H,YH54W,HH101Y,SH105T_1937"
4694,1AO7_ABC_DE,"['ND52A', 'EA166A']",3.1431562900543213,0.8889236450195312,1AO7_ABC_DE,2,split_1,"1AO7_ABC_DE_ND52A,EA166A_1349"
4695,5E6P_A_B,['IB22A'],0.27845457196235657,0.5433349609375,5E6P_A_B,1,split_1,5E6P_A_B_IB22A_2251
4696,1DQJ_AB_C,['YC20A'],3.287179470062256,4.058311462402344,1DQJ_AB_C,1,split_1,1DQJ_AB_C_YC20A_335
4697,1VFB_AB_C,['YB101F'],1.586751103401184,2.6034889221191406,1VFB_AB_C,1,split_1,1VFB_AB_C_YB101F_598
4698,1AO7_ABC_DE,['GE98A'],-1.0910300016403198,-0.2821617126464844,1AO7_ABC_DE,1,split_1,1AO7_ABC_DE_GE98A_1519
4699,3MZG_A_B,['HA182A'],0.36605143547058105,1.0679283142089844,3MZG_A_B,1,split_1,3MZG_A_B_HA182A_696
4700,1C4Z_ABC_D,['RD2E'],1.288435935974121,1.2905502319335938,1C4Z_ABC_D,1,split_1,1C4Z_ABC_D_RD2E_1894
4701,1F47_A_B,['DA7A'],1.7336586713790894,0.10272216796875,1F47_A_B,1,split_1,1F47_A_B_DA7A_797
4702,1DAN_HL_UT,"['DT39A', 'WT40A']",1.5072107315063477,1.5367584228515625,1DAN_HL_UT,2,split_1,"1DAN_HL_UT_DT39A,WT40A_568"
4703,1VFB_AB_C,['YA32A'],1.7176494598388672,1.8435096740722656,1VFB_AB_C,1,split_1,1VFB_AB_C_YA32A_591
4704,3MZW_A_B,"['NB1A', 'NB18T', 'AB37S', 'AB41S', 'AB49S']",0.025214528664946556,-0.9297637939453125,3MZW_A_B,5,split_1,"3MZW_A_B_NB1A,NB18T,AB37S,AB41S,AB49S_1548"
4705,3NPS_A_BC,['QA168A'],-0.0592503547668457,0.5400276184082031,3NPS_A_BC,1,split_1,3NPS_A_BC_QA168A_558
4706,1AO7_ABC_DE,['KA66A'],3.155595064163208,0.4358673095703125,1AO7_ABC_DE,1,split_1,1AO7_ABC_DE_KA66A_1446
4707,3SGB_E_I,['NI30K'],0.5794370174407959,1.5477027893066406,3SGB_E_I,1,split_1,3SGB_E_I_NI30K_981
4708,3BT1_A_U,['GU215A'],-0.0978018268942833,0.34804534912109375,3BT1_A_U,1,split_1,3BT1_A_U_GU215A_1766
4709,1JRH_LH_I,"['MI15L', 'II18V']",-0.21370169520378113,0.02211761474609375,1JRH_LH_I,2,split_1,"1JRH_LH_I_MI15L,II18V_808"
4710,3D3V_ABC_DE,['YC8A'],3.413588047027588,3.1315574645996094,3D3V_ABC_DE,1,split_1,3D3V_ABC_DE_YC8A_1375
4711,1DAN_HL_UT,"['NU105A', 'RU106A']",0.3999813199043274,2.01953125,1DAN_HL_UT,2,split_1,"1DAN_HL_UT_NU105A,RU106A_1005"
4712,3BT1_A_U,['YU234A'],0.1863221973180771,0.71014404296875,3BT1_A_U,1,split_1,3BT1_A_U_YU234A_1784
4713,1AO7_ABC_DE,['SD29A'],0.3026396632194519,0.5260810852050781,1AO7_ABC_DE,1,split_1,1AO7_ABC_DE_SD29A_1506
4714,1JRH_LH_I,['DL28A'],0.43484148383140564,0.24113845825195312,1JRH_LH_I,1,split_1,1JRH_LH_I_DL28A_817
4715,1AO7_ABC_DE,['YC5A'],1.633864164352417,2.2227859497070312,1AO7_ABC_DE,1,split_1,1AO7_ABC_DE_YC5A_1366
4716,1BD2_ABC_DE,['YC5A'],3.4075310230255127,2.6607894897460938,1BD2_ABC_DE,1,split_1,1BD2_ABC_DE_YC5A_1219
4717,3MZG_A_B,"['HA167A', 'HB188A']",3.46814227104187,2.497711181640625,3MZG_A_B,2,split_1,"3MZG_A_B_HA167A,HB188A_753"
4718,3NGB_HL_G,['GH55A'],-1.2561542987823486,0.4424591064453125,3NGB_HL_G,1,split_1,3NGB_HL_G_GH55A_2208
4719,1GC1_G_C,"['QC40A', 'DC63A', 'QC89L']",-0.8482471108436584,-0.31949615478515625,1GC1_G_C,3,split_1,"1GC1_G_C_QC40A,DC63A,QC89L_548"
4720,3BT1_A_U,['RU140A'],0.804990828037262,0.5755348205566406,3BT1_A_U,1,split_1,3BT1_A_U_RU140A_1702
4721,1BD2_ABC_DE,['YE99A'],0.471099317073822,1.0628509521484375,1BD2_ABC_DE,1,split_1,1BD2_ABC_DE_YE99A_1241
4722,1AO7_ABC_DE,['GD28M'],-0.5186731815338135,-0.13759231567382812,1AO7_ABC_DE,1,split_1,1AO7_ABC_DE_GD28M_1502
4723,3BT1_A_U,['GU225A'],0.7120067477226257,0.210601806640625,3BT1_A_U,1,split_1,3BT1_A_U_GU225A_1775
4724,3D3V_ABC_DE,['YC8F'],0.9274752736091614,-0.060848236083984375,3D3V_ABC_DE,1,split_1,3D3V_ABC_DE_YC8F_1378
4725,1AO7_ABC_DE,['DD93N'],2.4595212936401367,0.18124771118164062,1AO7_ABC_DE,1,split_1,1AO7_ABC_DE_DD93N_1362
4726,3SGB_E_I,"['DI1N', 'EI4G', 'LI12M', 'RI15M', 'EI37D', 'KI49E']",0.019533153623342514,-0.5118637084960938,3SGB_E_I,6,split_1,"3SGB_E_I_DI1N,EI4G,LI12M,RI15M,EI37D,KI49E_1112"
4727,1AO7_ABC_DE,['AA69G'],1.3958605527877808,0.3211555480957031,1AO7_ABC_DE,1,split_1,1AO7_ABC_DE_AA69G_1435
4728,1JRH_LH_I,['SL93A'],-0.6508750319480896,0.8927154541015625,1JRH_LH_I,1,split_1,1JRH_LH_I_SL93A_821
4729,4NKQ_C_AB,"['DB176A', 'VB177A']",1.907029390335083,1.4084129333496094,4NKQ_C_AB,2,split_1,"4NKQ_C_AB_DB176A,VB177A_1717"
4730,4P5T_CD_AB,['DD84A'],0.0,0.21907424926757812,4P5T_CD_AB,1,split_1,4P5T_CD_AB_DD84A_2155
4731,1DAN_HL_UT,['LH135A'],0.01579965651035309,1.4035720825195312,1DAN_HL_UT,1,split_1,1DAN_HL_UT_LH135A_577
4732,3SGB_E_I,['RI15V'],-0.023633696138858795,-0.2080841064453125,3SGB_E_I,1,split_1,3SGB_E_I_RI15V_822
4733,1JCK_A_B,['VB91A'],1.9302657842636108,0.9267539978027344,1JCK_A_B,1,split_1,1JCK_A_B_VB91A_29
4734,1XGR_AB_C,['IB33A'],2.261219024658203,1.8277053833007812,1XGR_AB_C,1,split_1,1XGR_AB_C_IB33A_1348
4735,3SGB_E_I,"['EI4D', 'KI7R', 'AI9V', 'EI13D', 'RI15M', 'GI26S', 'EI37D', 'LI42I', 'KI49R']",-0.08147980272769928,0.7988357543945312,3SGB_E_I,9,split_1,"3SGB_E_I_EI4D,KI7R,AI9V,EI13D,RI15M,GI26S,EI37D,LI42I,KI49R_1160"
4736,1CBW_FGH_I,['RI20A'],0.3009684085845947,3.2103042602539062,1CBW_FGH_I,1,split_1,1CBW_FGH_I_RI20A_581
4737,3BT1_A_U,['SU99A'],0.29746535420417786,0.2965202331542969,3BT1_A_U,1,split_1,3BT1_A_U_SU99A_1665
4738,3BT1_A_U,['AU223S'],-0.23381365835666656,-0.22211074829101562,3BT1_A_U,1,split_1,3BT1_A_U_AU223S_1773
4739,1MQ8_A_B,"['CB32L', 'CB170F']",3.681856870651245,-1.1947784423828125,1MQ8_A_B,2,split_1,"1MQ8_A_B_CB32L,CB170F_233"
4740,3Q8D_A_E,['RA228A'],0.3591063618659973,0.3191871643066406,3Q8D_A_E,1,split_1,3Q8D_A_E_RA228A_1572
4741,3SGB_E_I,['RI15H'],0.45373380184173584,0.01082611083984375,3SGB_E_I,1,split_1,3SGB_E_I_RI15H_833
4742,3HG1_ABC_DE,"['SE50W', 'VE51G', 'GE52P', 'IE53F', 'TE100M', 'EE102G', 'LE103W', 'FE104Q']",-2.2953264713287354,1.3903427124023438,3HG1_ABC_DE,8,split_1,"3HG1_ABC_DE_SE50W,VE51G,GE52P,IE53F,TE100M,EE102G,LE103W,FE104Q_1282"
4743,1AO7_ABC_DE,['PE100A'],1.159019112586975,0.045085906982421875,1AO7_ABC_DE,1,split_1,1AO7_ABC_DE_PE100A_1404
4744,1AO7_ABC_DE,['YC5W'],0.8890236616134644,-0.014080047607421875,1AO7_ABC_DE,1,split_1,1AO7_ABC_DE_YC5W_1424
4745,3BT1_A_U,['LU40A'],0.8707124590873718,1.419464111328125,3BT1_A_U,1,split_1,3BT1_A_U_LU40A_1612
4746,3D3V_ABC_DE,['EE30A'],2.1146318912506104,0.7222442626953125,3D3V_ABC_DE,1,split_1,3D3V_ABC_DE_EE30A_1374
4747,1BD2_ABC_DE,['RA65A'],2.4992330074310303,0.6945991516113281,1BD2_ABC_DE,1,split_1,1BD2_ABC_DE_RA65A_1216
4748,1GC1_G_C,['EC91A'],-0.12810181081295013,0.4873085021972656,1GC1_G_C,1,split_1,1GC1_G_C_EC91A_543
4749,2J0T_A_D,"['TD2S', 'VD4A', 'SD68Y']",2.1472480297088623,0.13022994995117188,2J0T_A_D,3,split_1,"2J0T_A_D_TD2S,VD4A,SD68Y_267"
4750,3SGB_E_I,"['AI9V', 'TI11S']",1.6076903343200684,0.7060623168945312,3SGB_E_I,2,split_1,"3SGB_E_I_AI9V,TI11S_1173"
4751,1DAN_HL_UT,['DT39A'],0.7350139021873474,0.4890098571777344,1DAN_HL_UT,1,split_1,1DAN_HL_UT_DT39A_1054
4752,3SGB_E_I,"['EI4D', 'AI9V', 'TI11S', 'RI15M', 'NI22S', 'GI26S', 'EI37D', 'TI43I']",3.0059688091278076,0.9087448120117188,3SGB_E_I,8,split_1,"3SGB_E_I_EI4D,AI9V,TI11S,RI15M,NI22S,GI26S,EI37D,TI43I_1099"
4753,3MZG_A_B,['HA17A'],-0.8744037747383118,0.4604072570800781,3MZG_A_B,1,split_1,3MZG_A_B_HA17A_718
4754,3BT1_A_U,['SU204A'],-0.2150040864944458,0.21696090698242188,3BT1_A_U,1,split_1,3BT1_A_U_SU204A_1756
4755,3SE9_HL_G,['FL91A'],0.023236390203237534,1.7283554077148438,3SE9_HL_G,1,split_1,3SE9_HL_G_FL91A_1833
4756,3SGB_E_I,['LI12H'],1.713875651359558,2.4868202209472656,3SGB_E_I,1,split_1,3SGB_E_I_LI12H_642
4757,3MZG_A_B,['HA17A'],0.28069448471069336,0.4603996276855469,3MZG_A_B,1,split_1,3MZG_A_B_HA17A_723
4758,2AK4_ABC_DE,['TD30A'],-0.1266832798719406,0.2948150634765625,2AK4_ABC_DE,1,split_1,2AK4_ABC_DE_TD30A_1246
4759,3SE9_HL_G,['RH76A'],-0.22848650813102722,0.6725425720214844,3SE9_HL_G,1,split_1,3SE9_HL_G_RH76A_1821
4760,1CBW_FGH_I,['KI46A'],0.14287693798542023,1.9963569641113281,1CBW_FGH_I,1,split_1,1CBW_FGH_I_KI46A_602
4761,1C4Z_ABC_D,['LA146A'],1.9741711616516113,1.0403404235839844,1C4Z_ABC_D,1,split_1,1C4Z_ABC_D_LA146A_1925
4762,3SZK_AB_C,['KC57A'],-0.03591717779636383,1.48736572265625,3SZK_AB_C,1,split_1,3SZK_AB_C_KC57A_1187
4763,3BT1_A_U,['IU94A'],0.1863221973180771,0.6824378967285156,3BT1_A_U,1,split_1,3BT1_A_U_IU94A_1661
4764,1AO7_ABC_DE,['TA73A'],0.7666946649551392,1.0251274108886719,1AO7_ABC_DE,1,split_1,1AO7_ABC_DE_TA73A_1452
4765,4K71_A_BC,"['MA416V', 'AA418T']",0.8493078947067261,-0.4278564453125,4K71_A_BC,2,split_1,"4K71_A_BC_MA416V,AA418T_1263"
4766,1VFB_AB_C,['YA50A'],0.38801220059394836,1.2931594848632812,1VFB_AB_C,1,split_1,1VFB_AB_C_YA50A_83
4767,2BDN_HL_A,['NL31K'],3.4913339614868164,1.5051002502441406,2BDN_HL_A,1,split_1,2BDN_HL_A_NL31K_1550
4768,3BT1_A_U,['RU237A'],0.1956523358821869,0.21185684204101562,3BT1_A_U,1,split_1,3BT1_A_U_RU237A_1787
4769,1DAN_HL_UT,"['NU79A', 'EU80A']",-0.02454584650695324,1.542083740234375,1DAN_HL_UT,2,split_1,"1DAN_HL_UT_NU79A,EU80A_1013"
4770,2DVW_A_B,"['RB3A', 'RB4A', 'RB7A']",2.790146827697754,1.0199623107910156,2DVW_A_B,3,split_1,"2DVW_A_B_RB3A,RB4A,RB7A_1568"
4771,3MZW_A_B,"['NB1A', 'NB18T', 'SB28K', 'AB37S', 'AB41S', 'EB42A', 'AB49S']",-0.08280224353075027,-1.1231422424316406,3MZW_A_B,7,split_1,"3MZW_A_B_NB1A,NB18T,SB28K,AB37S,AB41S,EB42A,AB49S_1568"
4772,3MZG_A_B,"['HA167A', 'HB188A']",3.3738555908203125,2.497699737548828,3MZG_A_B,2,split_1,"3MZG_A_B_HA167A,HB188A_755"
4773,4KRP_A_B,"['DA277T', 'FA279A']",0.358457088470459,0.4212379455566406,4KRP_A_B,2,split_1,"4KRP_A_B_DA277T,FA279A_2116"
4774,1MI5_ABC_DE,['GD92A'],0.7641347646713257,0.2926292419433594,1MI5_ABC_DE,1,split_1,1MI5_ABC_DE_GD92A_1097
4775,1VFB_AB_C,['GB31W'],0.003962904214859009,-0.2838859558105469,1VFB_AB_C,1,split_1,1VFB_AB_C_GB31W_102
4776,4NKQ_C_AB,['KB121A'],-0.5612779259681702,0.3878288269042969,4NKQ_C_AB,1,split_1,4NKQ_C_AB_KB121A_1701
4777,1CBW_FGH_I,['RI20A'],0.3541897237300873,3.2103118896484375,1CBW_FGH_I,1,split_1,1CBW_FGH_I_RI20A_595
4778,4MNQ_ABC_DE,['LC6A'],4.148980140686035,2.506175994873047,4MNQ_ABC_DE,1,split_1,4MNQ_ABC_DE_LC6A_1296
4779,1DAN_HL_UT,['RU45A'],0.986134946346283,1.6792716979980469,1DAN_HL_UT,1,split_1,1DAN_HL_UT_RU45A_583
4780,3BT1_A_U,['RU135A'],-0.2876400649547577,-0.053646087646484375,3BT1_A_U,1,split_1,3BT1_A_U_RU135A_43
4781,1TO1_E_I,['AI42Y'],-2.9815821647644043,-2.2383651733398438,1TO1_E_I,1,split_1,1TO1_E_I_AI42Y_24
4782,1B41_A_B,['NB47F'],-0.1417320966720581,0.5039291381835938,1B41_A_B,1,split_1,1B41_A_B_NB47F_1213
4783,1DAN_HL_UT,"['CT44S', 'CT52S']",-0.32587605714797974,0.9817428588867188,1DAN_HL_UT,2,split_1,"1DAN_HL_UT_CT44S,CT52S_563"
4784,3MZG_A_B,['HA182A'],0.6901730895042419,1.0679283142089844,3MZG_A_B,1,split_1,3MZG_A_B_HA182A_698
4785,3BT1_A_U,['GU202A'],-0.4106564223766327,-0.07004928588867188,3BT1_A_U,1,split_1,3BT1_A_U_GU202A_1755
4786,3BT1_A_U,['EU133A'],-0.14522328972816467,0.03363800048828125,3BT1_A_U,1,split_1,3BT1_A_U_EU133A_1695
4787,1AO7_ABC_DE,"['RE92A', 'YC5A']",1.7197613716125488,2.5573501586914062,1AO7_ABC_DE,2,split_1,"1AO7_ABC_DE_RE92A,YC5A_1388"
4788,3BT1_A_U,['WU32A'],-0.013021446764469147,0.7214279174804688,3BT1_A_U,1,split_1,3BT1_A_U_WU32A_1604
4789,3SGB_E_I,['LI12K'],3.1820759773254395,4.506954193115234,3SGB_E_I,1,split_1,3SGB_E_I_LI12K_639
4790,1DAN_HL_UT,['FU50A'],1.281753420829773,0.9282341003417969,1DAN_HL_UT,1,split_1,1DAN_HL_UT_FU50A_1026
4791,1DAN_HL_UT,['KT43A'],0.41449108719825745,0.6499748229980469,1DAN_HL_UT,1,split_1,1DAN_HL_UT_KT43A_1049
4792,3BT1_A_U,['PU229A'],0.04939959943294525,-0.12643051147460938,3BT1_A_U,1,split_1,3BT1_A_U_PU229A_1779
4793,4K71_A_BC,['AA545V'],0.3912300169467926,-0.5207939147949219,4K71_A_BC,1,split_1,4K71_A_BC_AA545V_1264
4794,1SBB_A_B,['YB91V'],0.09132687747478485,0.75030517578125,1SBB_A_B,1,split_1,1SBB_A_B_YB91V_122
4795,4MNQ_ABC_DE,"['AD93S', 'LD94G', 'PD95T', 'GD97K']",0.9231258630752563,-0.7524147033691406,4MNQ_ABC_DE,4,split_1,"4MNQ_ABC_DE_AD93S,LD94G,PD95T,GD97K_1285"
4796,2AK4_ABC_DE,['YD32A'],0.09897152334451675,1.6952400207519531,2AK4_ABC_DE,1,split_1,2AK4_ABC_DE_YD32A_1247
4797,3Q8D_A_E,['FA227D'],3.0309817790985107,0.7924156188964844,3Q8D_A_E,1,split_1,3Q8D_A_E_FA227D_1571
4798,1DAN_HL_UT,"['QU24A', 'EU27A']",0.03364985063672066,-0.379119873046875,1DAN_HL_UT,2,split_1,"1DAN_HL_UT_QU24A,EU27A_1035"
4799,3SGB_E_I,"['EI4D', 'AI9V', 'TI11S', 'RI15M', 'NI22S', 'GI26S', 'EI37D']",3.2047202587127686,0.8959922790527344,3SGB_E_I,7,split_1,"3SGB_E_I_EI4D,AI9V,TI11S,RI15M,NI22S,GI26S,EI37D_1098"
4800,2PCC_A_B,['VA197A'],2.1026816368103027,0.7477340698242188,2PCC_A_B,1,split_1,2PCC_A_B_VA197A_205
4801,3SGB_E_I,['RI15Q'],0.04153655096888542,0.00035858154296875,3SGB_E_I,1,split_1,3SGB_E_I_RI15Q_831
4802,3BT1_A_U,['EU68A'],0.04939959943294525,0.5578231811523438,3BT1_A_U,1,split_1,3BT1_A_U_EU68A_1639
4803,3SGB_E_I,['TI11S'],2.5388455390930176,1.2243003845214844,3SGB_E_I,1,split_1,3SGB_E_I_TI11S_1170
4804,5XCO_A_B,"['DA13G', 'YB11A']",2.7973828315734863,1.7123336791992188,5XCO_A_B,2,split_1,"5XCO_A_B_DA13G,YB11A_2324"
4805,2HRK_A_B,['TB55V'],0.6242006421089172,0.953216552734375,2HRK_A_B,1,split_1,2HRK_A_B_TB55V_119
4806,3BT1_A_U,['PU116A'],-0.25324004888534546,-0.2621269226074219,3BT1_A_U,1,split_1,3BT1_A_U_PU116A_1679
4807,2AJF_A_E,['NE151K'],2.0126030445098877,-0.024658203125,2AJF_A_E,1,split_1,2AJF_A_E_NE151K_277
4808,3BT1_A_U,['EU104A'],0.8148378729820251,-0.0724029541015625,3BT1_A_U,1,split_1,3BT1_A_U_EU104A_1669
4809,1VFB_AB_C,['SB28Q'],0.07811605930328369,0.2815704345703125,1VFB_AB_C,1,split_1,1VFB_AB_C_SB28Q_97
4810,1DAN_HL_UT,['IT17A'],0.6450760960578918,0.7491798400878906,1DAN_HL_UT,1,split_1,1DAN_HL_UT_IT17A_1063
4811,3B4V_AB_C,['FC52A'],3.850175142288208,1.7528419494628906,3B4V_AB_C,1,split_1,3B4V_AB_C_FC52A_1368
4812,1AO7_ABC_DE,"['EA63Q', 'QD30V', 'KA66A']",1.8550679683685303,2.3605499267578125,1AO7_ABC_DE,3,split_1,"1AO7_ABC_DE_EA63Q,QD30V,KA66A_1334"
4813,3MZG_A_B,['HA14A'],0.1265324056148529,-0.15403366088867188,3MZG_A_B,1,split_1,3MZG_A_B_HA14A_705
4814,3SGB_E_I,['KI7V'],-0.9551718831062317,0.4509086608886719,3SGB_E_I,1,split_1,3SGB_E_I_KI7V_898
4815,3NVQ_B_A,['RA159E'],1.5608546733856201,0.99273681640625,3NVQ_B_A,1,split_1,3NVQ_B_A_RA159E_1742
4816,2BDN_HL_A,['SL53D'],-0.160644993185997,-0.014682769775390625,2BDN_HL_A,1,split_1,2BDN_HL_A_SL53D_1551
4817,2HRK_A_B,['TA108V'],0.7210696935653687,0.9058456420898438,2HRK_A_B,1,split_1,2HRK_A_B_TA108V_120
4818,3SZK_AB_C,['HC42A'],2.536616325378418,1.2265434265136719,3SZK_AB_C,1,split_1,3SZK_AB_C_HC42A_1172
4819,1REW_AB_C,"['HA28D', 'SA77A', 'HB28D', 'SB77A']",0.18339650332927704,1.8628005981445312,1REW_AB_C,4,split_1,"1REW_AB_C_HA28D,SA77A,HB28D,SB77A_205"
4820,3MZG_A_B,['HA125A'],0.16824759542942047,0.5486068725585938,3MZG_A_B,1,split_1,3MZG_A_B_HA125A_687
4821,1DAN_HL_UT,"['KT41A', 'KT43A']",1.1358543634414673,0.6122245788574219,1DAN_HL_UT,2,split_1,"1DAN_HL_UT_KT41A,KT43A_1052"
4822,1DAN_HL_UT,['SU69A'],0.02264423295855522,0.3651161193847656,1DAN_HL_UT,1,split_1,1DAN_HL_UT_SU69A_1019
4823,3BT1_A_U,['DU11A'],-0.02633553557097912,0.08121871948242188,3BT1_A_U,1,split_1,3BT1_A_U_DU11A_1586
4824,3SGB_E_I,"['TI11K', 'LI12R']",5.307282447814941,6.8119354248046875,3SGB_E_I,2,split_1,"3SGB_E_I_TI11K,LI12R_990"
4825,1DAN_HL_UT,['TT47A'],0.40485748648643494,1.159820556640625,1DAN_HL_UT,1,split_1,1DAN_HL_UT_TT47A_1047
4826,1AO7_ABC_DE,['AA69G'],1.1818314790725708,0.32115936279296875,1AO7_ABC_DE,1,split_1,1AO7_ABC_DE_AA69G_1369
4827,2J0T_A_D,"['CD1S', 'FD12Y']",4.200530052185059,0.7127265930175781,2J0T_A_D,2,split_1,"2J0T_A_D_CD1S,FD12Y_268"
4828,1AO7_ABC_DE,['RA170A'],0.11025666445493698,1.345001220703125,1AO7_ABC_DE,1,split_1,1AO7_ABC_DE_RA170A_1468
4829,2HRK_A_B,['KA140A'],0.9535146951675415,0.7607154846191406,2HRK_A_B,1,split_1,2HRK_A_B_KA140A_121
4830,1GUA_A_B,['SA39A'],1.4003002643585205,0.413330078125,1GUA_A_B,1,split_1,1GUA_A_B_SA39A_2289
4831,3SGB_E_I,['LI12G'],5.003495693206787,4.348304748535156,3SGB_E_I,1,split_1,3SGB_E_I_LI12G_628
4832,2J0T_A_D,['MD66A'],1.6426256895065308,0.6097908020019531,2J0T_A_D,1,split_1,2J0T_A_D_MD66A_270
4833,3BT1_A_U,['TU226A'],-0.02633553557097912,0.5794677734375,3BT1_A_U,1,split_1,3BT1_A_U_TU226A_1776
4834,1C4Z_ABC_D,['DA156A'],0.5186731815338135,2.2066268920898438,1C4Z_ABC_D,1,split_1,1C4Z_ABC_D_DA156A_1927
4835,3BT1_A_U,['GU251A'],0.17684276401996613,0.08611297607421875,3BT1_A_U,1,split_1,3BT1_A_U_GU251A_1799
4836,1C4Z_ABC_D,['DA156R'],1.3759032487869263,1.8223648071289062,1C4Z_ABC_D,1,split_1,1C4Z_ABC_D_DA156R_1928
4837,3NPS_A_BC,['DA47A'],1.0679484605789185,1.11114501953125,3NPS_A_BC,1,split_1,3NPS_A_BC_DA47A_541
4838,1MI5_ABC_DE,['AE97G'],1.2319692373275757,-0.13808441162109375,1MI5_ABC_DE,1,split_1,1MI5_ABC_DE_AE97G_1116
4839,3MZG_A_B,['HA46A'],0.033863615244627,0.8132667541503906,3MZG_A_B,1,split_1,3MZG_A_B_HA46A_671
4840,2DVW_A_B,"['DA37A', 'DA69A']",0.19162222743034363,2.7725601196289062,2DVW_A_B,2,split_1,"2DVW_A_B_DA37A,DA69A_1573"
4841,3SGB_E_I,['PI8R'],0.31183531880378723,1.1539154052734375,3SGB_E_I,1,split_1,3SGB_E_I_PI8R_872
4842,3SGB_E_I,['LI12F'],1.3740181922912598,0.928558349609375,3SGB_E_I,1,split_1,3SGB_E_I_LI12F_643
4843,3N0P_A_B,['AA17H'],0.8744037747383118,-0.4600677490234375,3N0P_A_B,1,split_1,3N0P_A_B_AA17H_756
4844,3BT1_A_U,['SU194A'],-0.2733250856399536,0.5249366760253906,3BT1_A_U,1,split_1,3BT1_A_U_SU194A_1748
4845,1DQJ_AB_C,['KC97A'],3.5212817192077637,6.044334411621094,1DQJ_AB_C,1,split_1,1DQJ_AB_C_KC97A_343
4846,3BT1_A_U,['QU187A'],-0.17908690869808197,-0.37799072265625,3BT1_A_U,1,split_1,3BT1_A_U_QU187A_1742
4847,4X4M_AB_E,['HE154E'],1.9851295948028564,0.2517204284667969,4X4M_AB_E,1,split_1,4X4M_AB_E_HE154E_2185
4848,1BD2_ABC_DE,"['DD30N', 'YC5F']",2.499720573425293,-0.6307907104492188,1BD2_ABC_DE,2,split_1,"1BD2_ABC_DE_DD30N,YC5F_1223"
4849,1HE8_A_B,"['KA80V', 'KA111A']",1.9676246643066406,0.7934799194335938,1HE8_A_B,2,split_1,"1HE8_A_B_KA80V,KA111A_505"
4850,4NKQ_C_AB,['RB178M'],2.728342294692993,0.24887466430664062,4NKQ_C_AB,1,split_1,4NKQ_C_AB_RB178M_1724
4851,3MZG_A_B,['HA167A'],0.26777946949005127,1.4465103149414062,3MZG_A_B,1,split_1,3MZG_A_B_HA167A_737
4852,1DQJ_AB_C,['YC20A'],3.287179470062256,4.058315277099609,1DQJ_AB_C,1,split_1,1DQJ_AB_C_YC20A_330
4853,3NGB_HL_G,"['CH32S', 'CH102A']",0.2591139078140259,0.6899375915527344,3NGB_HL_G,2,split_1,"3NGB_HL_G_CH32S,CH102A_1586"
4854,3SGB_E_I,['KI7G'],-0.7255579829216003,-0.5804519653320312,3SGB_E_I,1,split_1,3SGB_E_I_KI7G_894
4855,1AO7_ABC_DE,['KD66H'],0.9535146951675415,-0.9047012329101562,1AO7_ABC_DE,1,split_1,1AO7_ABC_DE_KD66H_1510
4856,4P5T_CD_AB,['ED92A'],0.0,0.5078315734863281,4P5T_CD_AB,1,split_1,4P5T_CD_AB_ED92A_2159
4857,1CBW_FGH_I,['TI11A'],0.22198787331581116,0.7826461791992188,1CBW_FGH_I,1,split_1,1CBW_FGH_I_TI11A_588
4858,3SGB_E_I,['RI15L'],0.22795669734477997,-0.14432144165039062,3SGB_E_I,1,split_1,3SGB_E_I_RI15L_825
4859,1FFW_A_B,['EB13A'],0.7167708873748779,1.0983695983886719,1FFW_A_B,1,split_1,1FFW_A_B_EB13A_529
4860,3BT1_A_U,['LU31A'],0.3128545880317688,0.7121543884277344,3BT1_A_U,1,split_1,3BT1_A_U_LU31A_1603
4861,3NPS_A_BC,['IA26A'],0.641829788684845,-0.5476722717285156,3NPS_A_BC,1,split_1,3NPS_A_BC_IA26A_538
4862,5K39_A_B,['SB115A'],0.45034053921699524,0.5789375305175781,5K39_A_B,1,split_1,5K39_A_B_SB115A_1861
4863,3L5X_A_HL,"['NL92D', 'EL93Y', 'YL94A']",-0.807335615158081,0.917388916015625,3L5X_A_HL,3,split_1,"3L5X_A_HL_NL92D,EL93Y,YL94A_1861"
4864,3BT1_A_U,['LU182A'],0.7310582995414734,0.2108917236328125,3BT1_A_U,1,split_1,3BT1_A_U_LU182A_1737
4865,2J0T_A_D,['VD69I'],0.7909240126609802,0.2132568359375,2J0T_A_D,1,split_1,2J0T_A_D_VD69I_271
4866,4NKQ_C_AB,['NB81A'],0.09990086406469345,0.225738525390625,4NKQ_C_AB,1,split_1,4NKQ_C_AB_NB81A_1684
4867,3SGB_E_I,['NI30P'],0.5794370174407959,0.5058822631835938,3SGB_E_I,1,split_1,3SGB_E_I_NI30P_976
4868,1VFB_AB_C,['TC118A'],0.7654383182525635,-0.07509231567382812,1VFB_AB_C,1,split_1,1VFB_AB_C_TC118A_584
4869,1MI5_ABC_DE,['GD93A'],1.2319692373275757,0.40828704833984375,1MI5_ABC_DE,1,split_1,1MI5_ABC_DE_GD93A_1098
4870,2E7L_EQ_AD,['FQ5R'],3.059887647628784,3.1618728637695312,2E7L_EQ_AD,1,split_1,2E7L_EQ_AD_FQ5R_1421
4871,3SGB_E_I,['AI9T'],0.33107247948646545,0.35704803466796875,3SGB_E_I,1,split_1,3SGB_E_I_AI9T_670
4872,1MI5_ABC_DE,['LD49A'],1.2319692373275757,1.1457290649414062,1MI5_ABC_DE,1,split_1,1MI5_ABC_DE_LD49A_1090
4873,1BJ1_HL_VW,"['HH101Y', 'YH103W', 'SH105T']",-1.0414464473724365,-0.8508987426757812,1BJ1_HL_VW,3,split_1,"1BJ1_HL_VW_HH101Y,YH103W,SH105T_1931"
4874,1JRH_LH_I,"['TI9L', 'EI11K']",-0.02557743899524212,0.10345077514648438,1JRH_LH_I,2,split_1,"1JRH_LH_I_TI9L,EI11K_807"
4875,1REW_AB_C,"['WA17F', 'WB17F']",0.6724210977554321,0.5461311340332031,1REW_AB_C,2,split_1,"1REW_AB_C_WA17F,WB17F_213"
4876,1MI5_ABC_DE,['YD96A'],1.2319692373275757,0.8407249450683594,1MI5_ABC_DE,1,split_1,1MI5_ABC_DE_YD96A_1101
4877,3Q8D_A_E,['RA202E'],1.383597493171692,0.6028556823730469,3Q8D_A_E,1,split_1,3Q8D_A_E_RA202E_1567
4878,3BT1_A_U,['DU100A'],1.6920253038406372,0.7513465881347656,3BT1_A_U,1,split_1,3BT1_A_U_DU100A_1666
4879,4P5T_CD_AB,['RD80A'],0.0,0.52288818359375,4P5T_CD_AB,1,split_1,4P5T_CD_AB_RD80A_2154
4880,3BT1_A_U,['AU242S'],-0.31566110253334045,-0.5227203369140625,3BT1_A_U,1,split_1,3BT1_A_U_AU242S_1791
4881,2J0T_A_D,['SD68R'],2.8363590240478516,0.8147964477539062,2J0T_A_D,1,split_1,2J0T_A_D_SD68R_259
4882,3SGB_E_I,['PI8Y'],-0.40146076679229736,0.45235443115234375,3SGB_E_I,1,split_1,3SGB_E_I_PI8Y_873
4883,5XCO_A_B,['DA13C'],0.8112425804138184,0.5007171630859375,5XCO_A_B,1,split_1,5XCO_A_B_DA13C_2299
4884,5XCO_A_B,"['DA13G', 'LB7A']",2.7973828315734863,2.080535888671875,5XCO_A_B,2,split_1,"5XCO_A_B_DA13G,LB7A_2320"
4885,3SGB_E_I,"['EI4D', 'TI11R', 'LI12M', 'RI15M', 'EI37D']",2.3834073543548584,4.824672698974609,3SGB_E_I,5,split_1,"3SGB_E_I_EI4D,TI11R,LI12M,RI15M,EI37D_1110"
4886,1MI5_ABC_DE,['LE94A'],0.11586392670869827,0.1599578857421875,1MI5_ABC_DE,1,split_1,1MI5_ABC_DE_LE94A_1113
4887,3SGB_E_I,['PI8T'],-0.10867909342050552,1.1483955383300781,3SGB_E_I,1,split_1,3SGB_E_I_PI8T_861
4888,3BT1_A_U,['FU163A'],1.0636740922927856,1.4582672119140625,3BT1_A_U,1,split_1,3BT1_A_U_FU163A_1722
4889,4X4M_AB_E,"['KE153A', 'HE154A', 'RE155A']",1.7881416082382202,1.7439117431640625,4X4M_AB_E,3,split_1,"4X4M_AB_E_KE153A,HE154A,RE155A_2183"
4890,3BK3_A_C,['TC4P'],0.486391544342041,0.4484138488769531,3BK3_A_C,1,split_1,3BK3_A_C_TC4P_227
4891,1HE8_A_B,"['KA80V', 'KA108A']",2.162247657775879,1.6444129943847656,1HE8_A_B,2,split_1,"1HE8_A_B_KA80V,KA108A_502"
4892,2OOB_A_B,['KA7E'],-0.17829985916614532,-0.7847213745117188,2OOB_A_B,1,split_1,2OOB_A_B_KA7E_246
4893,1DAN_HL_UT,['FU50A'],2.2154533863067627,0.9282302856445312,1DAN_HL_UT,1,split_1,1DAN_HL_UT_FU50A_584
4894,2B2X_HL_A,"['VH50T', 'EH64K', 'QL28S', 'YL52N', 'LL49K']",1.968638300895691,1.0911674499511719,2B2X_HL_A,5,split_1,"2B2X_HL_A_VH50T,EH64K,QL28S,YL52N,LL49K_1358"
4895,2B2X_HL_A,"['VH50T', 'EH64K', 'QL28S', 'YL52N', 'SH35A']",2.617070198059082,1.3796005249023438,2B2X_HL_A,5,split_1,"2B2X_HL_A_VH50T,EH64K,QL28S,YL52N,SH35A_1423"
4896,1AO7_ABC_DE,"['SD31A', 'YC5A']",1.70949125289917,2.695667266845703,1AO7_ABC_DE,2,split_1,"1AO7_ABC_DE_SD31A,YC5A_1337"
4897,3IDX_HL_G,"['KG85C', 'EG121C', 'CG27I', 'CG242Q']",-2.378751039505005,-0.047229766845703125,3IDX_HL_G,4,split_1,"3IDX_HL_G_KG85C,EG121C,CG27I,CG242Q_1964"
4898,4NKQ_C_AB,['RC10D'],0.111411914229393,0.08516311645507812,4NKQ_C_AB,1,split_1,4NKQ_C_AB_RC10D_1735
4899,3MZG_A_B,['HB188A'],2.0351312160491943,1.634490966796875,3MZG_A_B,1,split_1,3MZG_A_B_HB188A_730
4900,1C4Z_ABC_D,['KD6E'],1.5549901723861694,1.4196968078613281,1C4Z_ABC_D,1,split_1,1C4Z_ABC_D_KD6E_1898
4901,1DAN_HL_UT,['DT56A'],0.2420443445444107,0.01576995849609375,1DAN_HL_UT,1,split_1,1DAN_HL_UT_DT56A_588
4902,1DQJ_AB_C,"['YB53A', 'WC63A']",2.2002170085906982,2.5666160583496094,1DQJ_AB_C,2,split_1,"1DQJ_AB_C_YB53A,WC63A_363"
4903,1MQ8_A_B,"['CB32L', 'CB170F', 'EB155C', 'EB172C']",-1.2561542987823486,-0.6198005676269531,1MQ8_A_B,4,split_1,"1MQ8_A_B_CB32L,CB170F,EB155C,EB172C_235"
4904,2B2X_HL_A,"['VH50T', 'EH64K', 'QL28S', 'YL52N', 'FH99W']",1.043681025505066,0.4665031433105469,2B2X_HL_A,5,split_1,"2B2X_HL_A_VH50T,EH64K,QL28S,YL52N,FH99W_1370"
4905,1MI5_ABC_DE,['ND52A'],-0.019268428906798363,0.2970085144042969,1MI5_ABC_DE,1,split_1,1MI5_ABC_DE_ND52A_1093
4906,1FC2_C_D,['IC12W'],3.1389987468719482,-0.4420166015625,1FC2_C_D,1,split_1,1FC2_C_D_IC12W_273
4907,3SGB_E_I,['EI13S'],1.9436081647872925,3.6049728393554688,3SGB_E_I,1,split_1,3SGB_E_I_EI13S_744
4908,3SGB_E_I,['AI9W'],-1.553667664527893,-0.618377685546875,3SGB_E_I,1,split_1,3SGB_E_I_AI9W_684
4909,2FTL_E_I,['YI35A'],4.092513084411621,1.7427749633789062,2FTL_E_I,1,split_1,2FTL_E_I_YI35A_276
4910,2B2X_HL_A,"['VH50T', 'EH64K', 'QL28S', 'YL52N', 'GH100M']",1.1458607912063599,0.10615158081054688,2B2X_HL_A,5,split_1,"2B2X_HL_A_VH50T,EH64K,QL28S,YL52N,GH100M_1412"
4911,1B3S_A_D,"['AA102H', 'FD30Y']",-5.549701690673828,-6.584190368652344,1B3S_A_D,2,split_1,"1B3S_A_D_AA102H,FD30Y_69"
4912,3SGB_E_I,['GI26V'],2.728342294692993,2.0264129638671875,3SGB_E_I,1,split_1,3SGB_E_I_GI26V_935
4913,1JCK_A_B,['FB176A'],1.787848949432373,1.7374496459960938,1JCK_A_B,1,split_1,1JCK_A_B_FB176A_32
4914,1E96_A_B,['MA45T'],0.3660154938697815,-0.45635986328125,1E96_A_B,1,split_1,1E96_A_B_MA45T_74
4915,3SGB_E_I,['YI14D'],2.817300319671631,5.698711395263672,3SGB_E_I,1,split_1,3SGB_E_I_YI14D_1167
4916,1BD2_ABC_DE,['ED93A'],1.3156907558441162,0.5380439758300781,1BD2_ABC_DE,1,split_1,1BD2_ABC_DE_ED93A_1215
4917,1JRH_LH_I,['KI37M'],3.2938034534454346,0.17073822021484375,1JRH_LH_I,1,split_1,1JRH_LH_I_KI37M_841
4918,4NKQ_C_AB,"['DC99K', 'DB87R']",0.8152363896369934,2.053272247314453,4NKQ_C_AB,2,split_1,"4NKQ_C_AB_DC99K,DB87R_1713"
4919,3NGB_HL_G,"['AH57G', 'VH58T', 'PH63K', 'VH74T']",1.6741704940795898,-0.1446075439453125,3NGB_HL_G,4,split_1,"3NGB_HL_G_AH57G,VH58T,PH63K,VH74T_1583"
4920,3SGB_E_I,"['KI7R', 'AI9R', 'TI11K', 'LI12R']",5.593153476715088,9.592750549316406,3SGB_E_I,4,split_1,"3SGB_E_I_KI7R,AI9R,TI11K,LI12R_996"
4921,2FTL_E_I,['GI12A'],4.392778396606445,3.331226348876953,2FTL_E_I,1,split_1,2FTL_E_I_GI12A_267
4922,2OOB_A_B,"['AA6S', 'KA7E']",0.16116079688072205,-0.6913299560546875,2OOB_A_B,2,split_1,"2OOB_A_B_AA6S,KA7E_247"
4923,4P5T_CD_AB,['FD1A'],0.0,0.43277740478515625,4P5T_CD_AB,1,split_1,4P5T_CD_AB_FD1A_2136
4924,2B2X_HL_A,"['VH50T', 'EH64K', 'QL28S', 'YL52N', 'TH33E', 'GH53Q']",2.7118842601776123,1.2770004272460938,2B2X_HL_A,6,split_1,"2B2X_HL_A_VH50T,EH64K,QL28S,YL52N,TH33E,GH53Q_1440"
4925,1DAN_HL_UT,['TU78A'],-0.025549152866005898,0.21022415161132812,1DAN_HL_UT,1,split_1,1DAN_HL_UT_TU78A_1014
4926,1AO7_ABC_DE,['RE99A'],0.0646953359246254,0.27582550048828125,1AO7_ABC_DE,1,split_1,1AO7_ABC_DE_RE99A_1410
4927,2B2X_HL_A,"['VH50T', 'QL28S', 'YL52N']",1.043681025505066,0.5495491027832031,2B2X_HL_A,3,split_1,"2B2X_HL_A_VH50T,QL28S,YL52N_1391"
4928,3QDG_ABC_DE,['GD28L'],1.3886055946350098,0.8627128601074219,3QDG_ABC_DE,1,split_1,3QDG_ABC_DE_GD28L_1304
4929,5XCO_A_B,['LB7A'],2.74798321723938,1.7622337341308594,5XCO_A_B,1,split_1,5XCO_A_B_LB7A_2302
4930,3SGB_E_I,['EI13F'],1.9436081647872925,2.8831443786621094,3SGB_E_I,1,split_1,3SGB_E_I_EI13F_757
4931,3MZG_A_B,"['HA167A', 'HB188A']",2.802323579788208,2.4977035522460938,3MZG_A_B,2,split_1,"3MZG_A_B_HA167A,HB188A_749"
4932,3NPS_A_BC,['EA163A'],0.6156237125396729,0.8711128234863281,3NPS_A_BC,1,split_1,3NPS_A_BC_EA163A_557
4933,1AO7_ABC_DE,['PE100A'],1.124916672706604,0.045093536376953125,1AO7_ABC_DE,1,split_1,1AO7_ABC_DE_PE100A_1398
4934,3SGB_E_I,['TI11V'],2.5478909015655518,1.8051719665527344,3SGB_E_I,1,split_1,3SGB_E_I_TI11V_708
4935,1AO7_ABC_DE,['IE52R'],1.3641711473464966,0.08561325073242188,1AO7_ABC_DE,1,split_1,1AO7_ABC_DE_IE52R_1515
4936,3NPS_A_BC,['RA82A'],-0.15166330337524414,0.19462966918945312,3NPS_A_BC,1,split_1,3NPS_A_BC_RA82A_546
4937,3SGB_E_I,"['EI4D', 'KI7Q', 'AI9V', 'TI11M', 'LI12G', 'EI13D', 'RI15M', 'NI22S', 'GI26S', 'EI37D', 'SI45N']",5.824452877044678,3.7652664184570312,3SGB_E_I,11,split_1,"3SGB_E_I_EI4D,KI7Q,AI9V,TI11M,LI12G,EI13D,RI15M,NI22S,GI26S,EI37D,SI45N_1156"
4938,1SMF_E_I,['SI4A'],1.899971604347229,-0.0738525390625,1SMF_E_I,1,split_1,1SMF_E_I_SI4A_1072
4939,1GC1_G_C,['YC82A'],1.2906758785247803,1.5011711120605469,1GC1_G_C,1,split_1,1GC1_G_C_YC82A_536
4940,1GUA_A_B,['KB29A'],1.9992140531539917,1.4990310668945312,1GUA_A_B,1,split_1,1GUA_A_B_KB29A_2285
4941,1BJ1_HL_VW,"['LH72I', 'TH74K']",0.07655175030231476,-0.5231399536132812,1BJ1_HL_VW,2,split_1,"1BJ1_HL_VW_LH72I,TH74K_1936"
4942,1VFB_AB_C,['DC18A'],0.3402828872203827,1.9052734375,1VFB_AB_C,1,split_1,1VFB_AB_C_DC18A_579
4943,3BT1_A_U,['MU101A'],0.4106564223766327,0.30179595947265625,3BT1_A_U,1,split_1,3BT1_A_U_MU101A_1667
4944,4G0N_A_B,['FB8W'],0.6034535765647888,0.16855621337890625,4G0N_A_B,1,split_2,4G0N_A_B_FB8W_2339
4945,4P23_CD_AB,['KD10A'],0.09132687747478485,0.10551834106445312,4P23_CD_AB,1,split_2,4P23_CD_AB_KD10A_2016
4946,1CHO_EFG_I,['PI11L'],-0.5245592594146729,0.16968154907226562,1CHO_EFG_I,1,split_2,1CHO_EFG_I_PI11L_847
4947,1Z7X_W_X,['EW401A'],1.3063249588012695,0.5807456970214844,1Z7X_W_X,1,split_2,1Z7X_W_X_EW401A_314
4948,1MLC_AB_E,"['NA92A', 'TB28D', 'SB57V', 'TB58D', 'EB35S', 'GB99D']",-2.955246686935425,-1.794769287109375,1MLC_AB_E,6,split_2,"1MLC_AB_E_NA92A,TB28D,SB57V,TB58D,EB35S,GB99D_1473"
4949,1DVF_AB_CD,['YA32A'],2.031278610229492,1.37115478515625,1DVF_AB_CD,1,split_2,1DVF_AB_CD_YA32A_164
4950,1CHO_EFG_I,['TI14A'],4.317520618438721,1.9197616577148438,1CHO_EFG_I,1,split_2,1CHO_EFG_I_TI14A_1103
4951,1CHO_EFG_I,['NI33P'],-1.8340035676956177,0.2494659423828125,1CHO_EFG_I,1,split_2,1CHO_EFG_I_NI33P_961
4952,2NZ9_DC_A,['NA926A'],-0.1532640904188156,0.12506484985351562,2NZ9_DC_A,1,split_2,2NZ9_DC_A_NA926A_1975
4953,4E6K_AB_G,"['LA68A', 'LB68A']",2.6698973178863525,0.9172782897949219,4E6K_AB_G,2,split_2,"4E6K_AB_G_LA68A,LB68A_1577"
4954,4RA0_A_C,"['SC6G', 'GC61D', 'AC66V', 'RC101G']",1.4830588102340698,-1.0115623474121094,4RA0_A_C,4,split_2,"4RA0_A_C_SC6G,GC61D,AC66V,RC101G_2059"
4955,1Z7X_W_X,['EW287A'],1.3213245868682861,0.09496688842773438,1Z7X_W_X,1,split_2,1Z7X_W_X_EW287A_308
4956,1OGA_ABC_DE,['QD32A'],0.9758740067481995,0.41439056396484375,1OGA_ABC_DE,1,split_2,1OGA_ABC_DE_QD32A_1285
4957,1CHO_EFG_I,"['EI7D', 'AI12V', 'TI14S', 'RI18M', 'VI39A', 'EI40D']",5.248260974884033,0.06755447387695312,1CHO_EFG_I,6,split_2,"1CHO_EFG_I_EI7D,AI12V,TI14S,RI18M,VI39A,EI40D_1084"
4958,1CHO_EFG_I,['AI12L'],0.14070072770118713,-0.7078018188476562,1CHO_EFG_I,1,split_2,1CHO_EFG_I_AI12L_657
4959,2VN5_A_B,"['SB42A', 'TB43F', 'LA77A', 'LA79A']",5.738830089569092,0.21300506591796875,2VN5_A_B,4,split_2,"2VN5_A_B_SB42A,TB43F,LA77A,LA79A_1914"
4960,4P23_CD_AB,['QC58A'],0.9729411005973816,0.07123565673828125,4P23_CD_AB,1,split_2,4P23_CD_AB_QC58A_2001
4961,1CHO_EFG_I,['RI18N'],3.5196218490600586,0.037914276123046875,1CHO_EFG_I,1,split_2,1CHO_EFG_I_RI18N_813
4962,1CHO_EFG_I,"['EI7G', 'KI10Q', 'PI11S', 'TI14P', 'LI15Q', 'EI16D', 'RI18V', 'LI20F', 'GI29S', 'VI39A', 'EI40D']",7.5053019523620605,4.129947662353516,1CHO_EFG_I,11,split_2,"1CHO_EFG_I_EI7G,KI10Q,PI11S,TI14P,LI15Q,EI16D,RI18V,LI20F,GI29S,VI39A,EI40D_1027"
4963,1BRS_A_D,"['HA100Q', 'RA57A']",9.308979034423828,1.654052734375,1BRS_A_D,2,split_2,"1BRS_A_D_HA100Q,RA57A_91"
4964,4YH7_A_B,['YA246A'],1.0345971584320068,0.73138427734375,4YH7_A_B,1,split_2,4YH7_A_B_YA246A_2189
4965,1BP3_A_B,"['RA64A', 'DA167A']",0.37862420082092285,3.313159942626953,1BP3_A_B,2,split_2,"1BP3_A_B_RA64A,DA167A_481"
4966,1CHO_EFG_I,['AI12V'],0.9234814643859863,-0.5903854370117188,1CHO_EFG_I,1,split_2,1CHO_EFG_I_AI12V_1101
4967,1CHO_EFG_I,['RI18F'],2.9533493518829346,-0.06487655639648438,1CHO_EFG_I,1,split_2,1CHO_EFG_I_RI18F_819
4968,4P23_CD_AB,['DD13A'],0.17043781280517578,0.354156494140625,4P23_CD_AB,1,split_2,4P23_CD_AB_DD13A_2018
4969,1BRS_A_D,"['EA71A', 'DD35A']",6.440232276916504,5.789394378662109,1BRS_A_D,2,split_2,"1BRS_A_D_EA71A,DD35A_82"
4970,2C0L_A_B,['SA242Y'],0.2736794650554657,-0.4104652404785156,2C0L_A_B,1,split_2,2C0L_A_B_SA242Y_126
4971,1DVF_AB_CD,['KD30A'],1.0039665699005127,0.20206832885742188,1DVF_AB_CD,1,split_2,1DVF_AB_CD_KD30A_173
4972,4G0N_A_B,"['TB15A', 'SA39A']",1.9372704029083252,0.7615394592285156,4G0N_A_B,2,split_2,"4G0N_A_B_TB15A,SA39A_2310"
4973,4JEU_A_B,"['LB147A', 'EB148A']",1.009981393814087,0.9043083190917969,4JEU_A_B,2,split_2,"4JEU_A_B_LB147A,EB148A_1605"
4974,4G0N_A_B,['TB15A'],2.15720534324646,1.0628318786621094,4G0N_A_B,1,split_2,4G0N_A_B_TB15A_2365
4975,1CHO_EFG_I,"['AI12R', 'TI14P', 'LI15R']",8.886950492858887,9.782928466796875,1CHO_EFG_I,3,split_2,"1CHO_EFG_I_AI12R,TI14P,LI15R_1112"
4976,1CHO_EFG_I,['TI14H'],3.6518237590789795,0.9555587768554688,1CHO_EFG_I,1,split_2,1CHO_EFG_I_TI14H_703
4977,2NZ9_DC_A,['RA1266A'],0.3929699659347534,0.44821929931640625,2NZ9_DC_A,1,split_2,2NZ9_DC_A_RA1266A_1984
4978,1JTG_A_B,['EA79D'],3.6436209678649902,0.15077590942382812,1JTG_A_B,1,split_2,1JTG_A_B_EA79D_565
4979,1JTG_A_B,"['EB73M', 'FB142A']",2.5326898097991943,1.1002464294433594,1JTG_A_B,2,split_2,"1JTG_A_B_EB73M,FB142A_569"
4980,1JTG_A_B,['KA86A'],-0.8585193753242493,0.8642005920410156,1JTG_A_B,1,split_2,1JTG_A_B_KA86A_1562
4981,2WPT_A_B,['VA34A'],3.809299945831299,1.6234397888183594,2WPT_A_B,1,split_2,2WPT_A_B_VA34A_94
4982,2WPT_A_B,['KB90A'],0.49740836024284363,0.8590507507324219,2WPT_A_B,1,split_2,2WPT_A_B_KB90A_116
4983,2VN5_A_B,"['SB42A', 'TB43F', 'AB14S', 'LB15T']",0.3482353687286377,-0.5267448425292969,2VN5_A_B,4,split_2,"2VN5_A_B_SB42A,TB43F,AB14S,LB15T_1916"
4984,3QFJ_ABC_DE,['FC5Y'],-0.17043781280517578,-0.121124267578125,3QFJ_ABC_DE,1,split_2,3QFJ_ABC_DE_FC5Y_1230
4985,3KUD_A_B,"['KB30A', 'YA32C', 'CA118S']",2.8970348834991455,2.2731285095214844,3KUD_A_B,3,split_2,"3KUD_A_B_KB30A,YA32C,CA118S_2186"
4986,1ACB_E_I,['LI38E'],6.646428108215332,3.0239334106445312,1ACB_E_I,1,split_2,1ACB_E_I_LI38E_11
4987,3BN9_B_CD,['FB50A'],-0.04501800239086151,0.2797737121582031,3BN9_B_CD,1,split_2,3BN9_B_CD_FB50A_301
4988,1DVF_AB_CD,"['DB100A', 'DD52A']",4.321657657623291,3.5029373168945312,1DVF_AB_CD,2,split_2,"1DVF_AB_CD_DB100A,DD52A_185"
4989,1WQJ_I_B,"['RI35A', 'RI36A']",1.02851140499115,3.596782684326172,1WQJ_I_B,2,split_2,"1WQJ_I_B_RI35A,RI36A_1583"
4990,1CHO_EFG_I,['YI17W'],0.3923552930355072,0.51776123046875,1CHO_EFG_I,1,split_2,1CHO_EFG_I_YI17W_783
4991,1JTG_A_B,['YB53A'],3.831104278564453,2.348094940185547,1JTG_A_B,1,split_2,1JTG_A_B_YB53A_1753
4992,2NZ9_DC_A,['IA928A'],0.06978079676628113,0.11634445190429688,2NZ9_DC_A,1,split_2,2NZ9_DC_A_IA928A_1977
4993,3BN9_B_CD,['SD30N'],1.1460179090499878,0.15834426879882812,3BN9_B_CD,1,split_2,3BN9_B_CD_SD30N_324
4994,3C60_CD_AB,['ED79A'],0.04742145910859108,1.0425643920898438,3C60_CD_AB,1,split_2,3C60_CD_AB_ED79A_1647
4995,1MLC_AB_E,"['NA92A', 'TB28D', 'SB57V', 'TB58D']",-2.5825202465057373,0.8276138305664062,1MLC_AB_E,4,split_2,"1MLC_AB_E_NA92A,TB28D,SB57V,TB58D_1464"
4996,1N8Z_AB_C,"['NA30S', 'HA91F', 'YA92W', 'TA94S', 'DB102W', 'YB105F', 'YB109V']",0.048722125589847565,0.13418960571289062,1N8Z_AB_C,7,split_2,"1N8Z_AB_C_NA30S,HA91F,YA92W,TA94S,DB102W,YB105F,YB109V_1527"
4997,4O27_A_B,['KA88A'],1.0248732566833496,0.45211029052734375,4O27_A_B,1,split_2,4O27_A_B_KA88A_2122
4998,1OGA_ABC_DE,['IE49L'],1.418562650680542,-0.036075592041015625,1OGA_ABC_DE,1,split_2,1OGA_ABC_DE_IE49L_1272
4999,4G0N_A_B,['RA41A'],-0.5806019902229309,0.9748344421386719,4G0N_A_B,1,split_2,4G0N_A_B_RA41A_2277
5000,1CHO_EFG_I,"['EI7D', 'RI18M', 'EI40D']",2.5434629917144775,0.18387603759765625,1CHO_EFG_I,3,split_2,"1CHO_EFG_I_EI7D,RI18M,EI40D_1035"
5001,3QHY_A_B,['TB17A'],0.05646670609712601,0.3720741271972656,3QHY_A_B,1,split_2,3QHY_A_B_TB17A_1837
5002,1Z7X_W_X,"['YW434A', 'DW435A']",7.171210765838623,4.976043701171875,1Z7X_W_X,2,split_2,"1Z7X_W_X_YW434A,DW435A_317"
5003,3BN9_B_CD,['QB168A'],-0.0347142294049263,0.5027923583984375,3BN9_B_CD,1,split_2,3BN9_B_CD_QB168A_316
5004,2NY7_HL_G,"['GG229C', 'MG231A']",-0.37896695733070374,0.360107421875,2NY7_HL_G,2,split_2,"2NY7_HL_G_GG229C,MG231A_1954"
5005,1OGA_ABC_DE,['VA152A'],1.3936090469360352,0.3309822082519531,1OGA_ABC_DE,1,split_2,1OGA_ABC_DE_VA152A_1490
5006,4FZA_A_B,['EB122A'],0.4254123568534851,0.154510498046875,4FZA_A_B,1,split_2,4FZA_A_B_EB122A_1338
5007,1ACB_E_I,['LI38I'],4.2901506423950195,3.582855224609375,1ACB_E_I,1,split_2,1ACB_E_I_LI38I_9
5008,4RA0_A_C,['RC101G'],0.24748805165290833,-0.0401458740234375,4RA0_A_C,1,split_2,4RA0_A_C_RC101G_2073
5009,1CHO_EFG_I,['YI17Q'],3.1545610427856445,2.8478927612304688,1CHO_EFG_I,1,split_2,1CHO_EFG_I_YI17Q_778
5010,1OGA_ABC_DE,['IE49N'],2.162247657775879,0.08332061767578125,1OGA_ABC_DE,1,split_2,1OGA_ABC_DE_IE49N_1270
5011,1CHO_EFG_I,['TI14P'],4.233213901519775,3.5618858337402344,1CHO_EFG_I,1,split_2,1CHO_EFG_I_TI14P_694
5012,2PYE_ABC_DE,"['QD52P', 'SD53F', 'SD54W', 'GE50S', 'AE51V', 'TE53M', 'LD96T', 'LD97S', 'DD98G', 'TD100S', 'LE95V']",-2.4471678733825684,-0.4218292236328125,2PYE_ABC_DE,11,split_2,"2PYE_ABC_DE_QD52P,SD53F,SD54W,GE50S,AE51V,TE53M,LD96T,LD97S,DD98G,TD100S,LE95V_1208"
5013,1BRS_A_D,['RA85A'],5.952121257781982,2.8190574645996094,1BRS_A_D,1,split_2,1BRS_A_D_RA85A_107
5014,1DVF_AB_CD,"['YA49A', 'ND55A']",2.031278610229492,0.4479560852050781,1DVF_AB_CD,2,split_2,"1DVF_AB_CD_YA49A,ND55A_180"
5015,4YH7_A_B,['RA169A'],1.438324213027954,-0.20778274536132812,4YH7_A_B,1,split_2,4YH7_A_B_RA169A_2188
5016,1BRS_A_D,['YD29F'],-0.13220183551311493,-0.34600067138671875,1BRS_A_D,1,split_2,1BRS_A_D_YD29F_24
5017,1UUZ_A_D,['HA62N'],1.5196093320846558,1.1935844421386719,1UUZ_A_D,1,split_2,1UUZ_A_D_HA62N_65
5018,1FCC_A_C,"['TC44A', 'YC45A']",1.9544508457183838,1.0891342163085938,1FCC_A_C,2,split_2,"1FCC_A_C_TC44A,YC45A_578"
5019,4L3E_ABC_DE,['QA155A'],1.2590373754501343,0.4788093566894531,4L3E_ABC_DE,1,split_2,4L3E_ABC_DE_QA155A_1026
5020,4G0N_A_B,"['RB6A', 'DA38A']",4.4514851570129395,3.344554901123047,4G0N_A_B,2,split_2,"4G0N_A_B_RB6A,DA38A_2306"
5021,1BRS_A_D,"['KA25A', 'ED78A']",5.513151168823242,5.121223449707031,1BRS_A_D,2,split_2,"1BRS_A_D_KA25A,ED78A_39"
5022,1JTG_A_B,"['MA104A', 'FB36A']",3.631322145462036,4.856624603271484,1JTG_A_B,2,split_2,"1JTG_A_B_MA104A,FB36A_444"
5023,3NVN_B_A,['RA193E'],2.4865458011627197,0.04974365234375,3NVN_B_A,1,split_2,3NVN_B_A_RA193E_2104
5024,3QDJ_ABC_DE,['GD28I'],-0.10526756942272186,0.63824462890625,3QDJ_ABC_DE,1,split_2,3QDJ_ABC_DE_GD28I_1008
5025,1DVF_AB_CD,['DB54A'],4.283173084259033,0.17748641967773438,1DVF_AB_CD,1,split_2,1DVF_AB_CD_DB54A_161
5026,1CHO_EFG_I,['NI33R'],1.5891783237457275,1.2609786987304688,1CHO_EFG_I,1,split_2,1CHO_EFG_I_NI33R_971
5027,1N8Z_AB_C,['VC536A'],0.008976716548204422,1.3578948974609375,1N8Z_AB_C,1,split_2,1N8Z_AB_C_VC536A_1330
5028,3M63_A_B,['LA50A'],0.5764208436012268,3.000316619873047,3M63_A_B,1,split_2,3M63_A_B_LA50A_1308
5029,1Z7X_W_X,['YW437A'],2.6241354942321777,2.1957550048828125,1Z7X_W_X,1,split_2,1Z7X_W_X_YW437A_300
5030,1CHO_EFG_I,"['PI11S', 'AI12R', 'TI14P', 'LI15R']",8.457395553588867,8.86855697631836,1CHO_EFG_I,4,split_2,"1CHO_EFG_I_PI11S,AI12R,TI14P,LI15R_1113"
5031,1UUZ_A_D,['CA64A'],0.6508750319480896,0.6254463195800781,1UUZ_A_D,1,split_2,1UUZ_A_D_CA64A_68
5032,1YQV_HL_Y,['RY45K'],2.002138137817383,0.1813812255859375,1YQV_HL_Y,1,split_2,1YQV_HL_Y_RY45K_2345
5033,2WPT_A_B,['FB79A'],0.9455621838569641,1.5056877136230469,2WPT_A_B,1,split_2,2WPT_A_B_FB79A_125
5034,4P23_CD_AB,['ND9A'],0.0,0.3398475646972656,4P23_CD_AB,1,split_2,4P23_CD_AB_ND9A_2015
5035,2VN5_A_B,"['SB42A', 'TB43F', 'TA35A', 'NA37A', 'YA39A', 'NA81A']",5.046028137207031,1.1582145690917969,2VN5_A_B,6,split_2,"2VN5_A_B_SB42A,TB43F,TA35A,NA37A,YA39A,NA81A_1912"
5036,1K8R_A_B,['DA57A'],1.1796982288360596,0.8426933288574219,1K8R_A_B,1,split_2,1K8R_A_B_DA57A_2336
5037,1CHO_EFG_I,['GI29S'],-0.13757623732089996,0.6032676696777344,1CHO_EFG_I,1,split_2,1CHO_EFG_I_GI29S_918
5038,4P23_CD_AB,['VC66A'],1.1667990684509277,0.8377418518066406,4P23_CD_AB,1,split_2,4P23_CD_AB_VC66A_2005
5039,1OGA_ABC_DE,['QE48E'],2.162247657775879,0.00293731689453125,1OGA_ABC_DE,1,split_2,1OGA_ABC_DE_QE48E_1267
5040,1JTG_A_B,"['KB74A', 'YB143A', 'KA208A']",4.876004219055176,0.6676063537597656,1JTG_A_B,3,split_2,"1JTG_A_B_KB74A,YB143A,KA208A_399"
5041,3QDJ_ABC_DE,['RD27P'],0.03995572030544281,0.03556060791015625,3QDJ_ABC_DE,1,split_2,3QDJ_ABC_DE_RD27P_1011
5042,1CHO_EFG_I,"['AI12D', 'LI15A', 'YI17D']",10.913369178771973,9.250602722167969,1CHO_EFG_I,3,split_2,"1CHO_EFG_I_AI12D,LI15A,YI17D_1068"
5043,1JTG_A_B,"['YB143A', 'EA79A', 'YA80A']",2.054677724838257,0.7451095581054688,1JTG_A_B,3,split_2,"1JTG_A_B_YB143A,EA79A,YA80A_379"
5044,3G6D_LH_A,"['EL3V', 'GL76R', 'TL77V', 'QL78E', 'EL80G', 'FH103A', 'HH104A', 'WH105A']",4.622350215911865,1.6637001037597656,3G6D_LH_A,8,split_2,"3G6D_LH_A_EL3V,GL76R,TL77V,QL78E,EL80G,FH103A,HH104A,WH105A_1222"
5045,1Y1K_E_I,['AI39T'],-2.728342294692993,-2.2874679565429688,1Y1K_E_I,1,split_2,1Y1K_E_I_AI39T_12
5046,1AHW_AB_C,['TC159A'],1.1062660217285156,0.3467559814453125,1AHW_AB_C,1,split_2,1AHW_AB_C_TC159A_56
5047,1CHO_EFG_I,"['EI7D', 'AI12V', 'TI14P', 'EI16D', 'RI18M', 'NI25S', 'GI29S', 'NI42S', 'SI48R']",7.333680629730225,3.7840919494628906,1CHO_EFG_I,9,split_2,"1CHO_EFG_I_EI7D,AI12V,TI14P,EI16D,RI18M,NI25S,GI29S,NI42S,SI48R_1023"
5048,4P23_CD_AB,['FD1A'],0.0,-0.4579315185546875,4P23_CD_AB,1,split_2,4P23_CD_AB_FD1A_2010
5049,1CHO_EFG_I,"['AI12R', 'TI14K', 'LI15R']",7.98739767074585,8.466644287109375,1CHO_EFG_I,3,split_2,"1CHO_EFG_I_AI12R,TI14K,LI15R_996"
5050,1CHO_EFG_I,"['LI15M', 'TI46N', 'KI52T']",0.6553633213043213,-0.6101799011230469,1CHO_EFG_I,3,split_2,"1CHO_EFG_I_LI15M,TI46N,KI52T_1052"
5051,3M63_A_B,['TA54A'],0.31137704849243164,0.16193008422851562,3M63_A_B,1,split_2,3M63_A_B_TA54A_1309
5052,1JTG_A_B,"['MA104A', 'YB50A']",0.35808926820755005,2.0190582275390625,1JTG_A_B,2,split_2,"1JTG_A_B_MA104A,YB50A_443"
5053,1CHO_EFG_I,['LI15K'],4.4731364250183105,3.640827178955078,1CHO_EFG_I,1,split_2,1CHO_EFG_I_LI15K_624
5054,1JTG_A_B,['KA86N'],0.1809239685535431,0.6856422424316406,1JTG_A_B,1,split_2,1JTG_A_B_KA86N_487
5055,1CHO_EFG_I,"['LI15M', 'LI20V', 'KI26I', 'EI40K']",1.03739333152771,0.2549934387207031,1CHO_EFG_I,4,split_2,"1CHO_EFG_I_LI15M,LI20V,KI26I,EI40K_1061"
5056,4HFK_A_BD,['SB48A'],0.2015419900417328,0.17916488647460938,4HFK_A_BD,1,split_2,4HFK_A_BD_SB48A_1373
5057,3QDJ_ABC_DE,['AE52P'],0.20716489851474762,0.013210296630859375,3QDJ_ABC_DE,1,split_2,3QDJ_ABC_DE_AE52P_1013
5058,4HFK_A_BD,['EB46A'],1.1885719299316406,0.34100341796875,4HFK_A_BD,1,split_2,4HFK_A_BD_EB46A_1372
5059,1BRS_A_D,['EA71W'],1.657254934310913,0.15743255615234375,1BRS_A_D,1,split_2,1BRS_A_D_EA71W_70
5060,2VN5_A_B,"['SB42A', 'TB43F', 'MA125G']",1.546341061592102,0.1772613525390625,2VN5_A_B,3,split_2,"2VN5_A_B_SB42A,TB43F,MA125G_1907"
5061,4E6K_AB_G,"['EA85A', 'EB85A']",3.0725746154785156,0.90673828125,4E6K_AB_G,2,split_2,"4E6K_AB_G_EA85A,EB85A_1578"
5062,4G0N_A_B,"['YA32C', 'CA116S', 'NB18R']",-0.3667510151863098,1.5976295471191406,4G0N_A_B,3,split_2,"4G0N_A_B_YA32C,CA116S,NB18R_2354"
5063,1CHO_EFG_I,['GI29H'],-0.9835479259490967,1.5413627624511719,1CHO_EFG_I,1,split_2,1CHO_EFG_I_GI29H_931
5064,4CVW_A_C,['RC31W'],1.4907034635543823,-0.39052581787109375,4CVW_A_C,1,split_2,4CVW_A_C_RC31W_1283
5065,1JTG_A_B,['FB36A'],3.0436551570892334,1.8954238891601562,1JTG_A_B,1,split_2,1JTG_A_B_FB36A_1745
5066,2PCB_A_B,['EA35Q'],0.6760072708129883,0.16691207885742188,2PCB_A_B,1,split_2,2PCB_A_B_EA35Q_198
5067,1JTG_A_B,"['SA209A', 'SA105A']",1.152734398841858,2.096027374267578,1JTG_A_B,2,split_2,"1JTG_A_B_SA209A,SA105A_339"
5068,4HFK_A_BD,['NB49A'],-0.020160991698503494,0.6475715637207031,4HFK_A_BD,1,split_2,4HFK_A_BD_NB49A_1374
5069,1CHO_EFG_I,['NI33I'],-0.030033236369490623,0.5473670959472656,1CHO_EFG_I,1,split_2,1CHO_EFG_I_NI33I_963
5070,4HFK_A_BD,['TD72A'],1.850210189819336,0.2356719970703125,4HFK_A_BD,1,split_2,4HFK_A_BD_TD72A_1377
5071,2VN5_A_B,"['SB42A', 'TB43F', 'YA39A']",1.2559173107147217,0.3462066650390625,2VN5_A_B,3,split_2,"2VN5_A_B_SB42A,TB43F,YA39A_1900"
5072,2VN5_A_B,"['SB42A', 'TB43F', 'AB14Q', 'LB15Q']",0.15086328983306885,0.006664276123046875,2VN5_A_B,4,split_2,"2VN5_A_B_SB42A,TB43F,AB14Q,LB15Q_1917"
5073,1CHO_EFG_I,['TI14K'],4.092513084411621,2.253887176513672,1CHO_EFG_I,1,split_2,1CHO_EFG_I_TI14K_700
5074,2VN5_A_B,"['SB42A', 'TB43F', 'SA66A', 'SA68A', 'SA75A']",0.13692259788513184,-0.4216117858886719,2VN5_A_B,5,split_2,"2VN5_A_B_SB42A,TB43F,SA66A,SA68A,SA75A_1913"
5075,2NZ9_DC_A,['NA890A'],2.175600290298462,1.2694473266601562,2NZ9_DC_A,1,split_2,2NZ9_DC_A_NA890A_1970
5076,1OGA_ABC_DE,['IE49V'],0.20047320425510406,-0.01922607421875,1OGA_ABC_DE,1,split_2,1OGA_ABC_DE_IE49V_1287
5077,1CHO_EFG_I,"['EI7D', 'YI8H', 'AI12V', 'TI14S', 'RI18M', 'NI25S', 'GI29S', 'NI33D']",4.871823787689209,1.1491432189941406,1CHO_EFG_I,8,split_2,"1CHO_EFG_I_EI7D,YI8H,AI12V,TI14S,RI18M,NI25S,GI29S,NI33D_1028"
5078,3C60_CD_AB,['VC73A'],0.0,-0.040164947509765625,3C60_CD_AB,1,split_2,3C60_CD_AB_VC73A_1629
5079,1OGA_ABC_DE,['NE51A'],1.100896954536438,0.4055938720703125,1OGA_ABC_DE,1,split_2,1OGA_ABC_DE_NE51A_1288
5080,1BRS_A_D,"['RA81Q', 'ED74A']",6.721075534820557,1.4577789306640625,1BRS_A_D,2,split_2,"1BRS_A_D_RA81Q,ED74A_51"
5081,1CHO_EFG_I,['NI25S'],0.0,0.43658447265625,1CHO_EFG_I,1,split_2,1CHO_EFG_I_NI25S_1060
5082,1JTG_A_B,['VA190A'],-0.4069419801235199,-0.3010139465332031,1JTG_A_B,1,split_2,1JTG_A_B_VA190A_419
5083,1BP3_A_B,['LA15A'],0.0,0.14548873901367188,1BP3_A_B,1,split_2,1BP3_A_B_LA15A_430
5084,1MLC_AB_E,['TB58D'],-0.5599330067634583,0.3707389831542969,1MLC_AB_E,1,split_2,1MLC_AB_E_TB58D_1455
5085,2VN5_A_B,"['SB42A', 'TB43F', 'SA66A']",-0.08797912299633026,-0.417144775390625,2VN5_A_B,3,split_2,"2VN5_A_B_SB42A,TB43F,SA66A_1901"
5086,1JTG_A_B,"['VA78A', 'RB160A']",4.349467754364014,1.2425727844238281,1JTG_A_B,2,split_2,"1JTG_A_B_VA78A,RB160A_465"
5087,1AK4_A_D,['PD85A'],1.0857164859771729,-0.235992431640625,1AK4_A_D,1,split_2,1AK4_A_D_PD85A_124
5088,4G0N_A_B,"['TA35A', 'AB32K']",2.57879900932312,1.1707801818847656,4G0N_A_B,2,split_2,"4G0N_A_B_TA35A,AB32K_2351"
5089,1CHO_EFG_I,"['DI4N', 'EI7D', 'AI12V', 'TI14S', 'EI16L', 'RI18M', 'VI39A', 'EI40D']",6.459868907928467,0.3729209899902344,1CHO_EFG_I,8,split_2,"1CHO_EFG_I_DI4N,EI7D,AI12V,TI14S,EI16L,RI18M,VI39A,EI40D_1085"
5090,1K8R_A_B,['KB23A'],0.5867636799812317,0.8623771667480469,1K8R_A_B,1,split_2,1K8R_A_B_KB23A_2321
5091,3C60_CD_AB,['KC76A'],0.04742145910859108,0.7046432495117188,3C60_CD_AB,1,split_2,3C60_CD_AB_KC76A_1630
5092,5TAR_A_B,['FB131A'],0.24874325096607208,0.7912635803222656,5TAR_A_B,1,split_2,5TAR_A_B_FB131A_2343
5093,3QHY_A_B,['WB112A'],3.7898736000061035,2.6504478454589844,3QHY_A_B,1,split_2,3QHY_A_B_WB112A_1844
5094,1JTG_A_B,['DB163A'],-1.3409347534179688,0.5829429626464844,1JTG_A_B,1,split_2,1JTG_A_B_DB163A_481
5095,1CHO_EFG_I,['LI15V'],4.273555755615234,2.0681304931640625,1CHO_EFG_I,1,split_2,1CHO_EFG_I_LI15V_617
5096,3C60_CD_AB,['QC62A'],0.8687343001365662,0.05005645751953125,3C60_CD_AB,1,split_2,3C60_CD_AB_QC62A_1624
5097,1AK4_A_D,['AD92V'],0.3591063618659973,-1.0765190124511719,1AK4_A_D,1,split_2,1AK4_A_D_AD92V_138
5098,1AK4_A_D,['GD89V'],3.0309817790985107,0.1682891845703125,1AK4_A_D,1,split_2,1AK4_A_D_GD89V_132
5099,2WPT_A_B,"['NA31V', 'RA35T', 'EA36H', 'RA39E']",-2.9989495277404785,-1.5510826110839844,2WPT_A_B,4,split_2,"2WPT_A_B_NA31V,RA35T,EA36H,RA39E_90"
5100,1JTG_A_B,"['FB142A', 'YB143A', 'YA80A']",2.9869043827056885,3.0095901489257812,1JTG_A_B,3,split_2,"1JTG_A_B_FB142A,YB143A,YA80A_374"
5101,4UYQ_A_B,"['RB14N', 'KB50N', 'SB51I', 'IB52N']",0.9004237651824951,-0.13288497924804688,4UYQ_A_B,4,split_2,"4UYQ_A_B_RB14N,KB50N,SB51I,IB52N_1412"
5102,4G0N_A_B,['VB35A'],-0.10772061347961426,0.4035987854003906,4G0N_A_B,1,split_2,4G0N_A_B_VB35A_2382
5103,1JTG_A_B,['EA79A'],1.552952527999878,-0.24949264526367188,1JTG_A_B,1,split_2,1JTG_A_B_EA79A_360
5104,1JTG_A_B,['HB41A'],3.4651825428009033,1.7348899841308594,1JTG_A_B,1,split_2,1JTG_A_B_HB41A_1746
5105,1YCS_A_B,"['MA37L', 'VA107A', 'NA143Y', 'NA172D', 'VA47A']",0.14287693798542023,0.8446006774902344,1YCS_A_B,5,split_2,"1YCS_A_B_MA37L,VA107A,NA143Y,NA172D,VA47A_2292"
5106,1AHW_AB_C,['NC188A'],1.0787051916122437,0.18777084350585938,1AHW_AB_C,1,split_2,1AHW_AB_C_NC188A_62
5107,3QHY_A_B,['DB166A'],3.498105049133301,-1.6448440551757812,3QHY_A_B,1,split_2,3QHY_A_B_DB166A_1849
5108,2VN5_A_B,"['SB42A', 'TB43F', 'TA35A', 'NA37A', 'NA81A']",3.059887647628784,0.3347969055175781,2VN5_A_B,5,split_2,"2VN5_A_B_SB42A,TB43F,TA35A,NA37A,NA81A_1911"
5109,1CHO_EFG_I,"['KI10S', 'PI11D', 'AI12Y', 'LI15G', 'EI16I', 'RI18K']",7.270103931427002,1.5640335083007812,1CHO_EFG_I,6,split_2,"1CHO_EFG_I_KI10S,PI11D,AI12Y,LI15G,EI16I,RI18K_1421"
5110,3BN9_B_CD,['SD30G'],1.1866379976272583,0.13292312622070312,3BN9_B_CD,1,split_2,3BN9_B_CD_SD30G_323
5111,1JTG_A_B,"['EA85A', 'YB50A']",3.9671037197113037,0.12529754638671875,1JTG_A_B,2,split_2,"1JTG_A_B_EA85A,YB50A_473"
5112,3C60_CD_AB,['KD10A'],0.0,-0.011566162109375,3C60_CD_AB,1,split_2,3C60_CD_AB_KD10A_1637
5113,3BN9_B_CD,['QB169A'],2.510108232498169,-0.10918807983398438,3BN9_B_CD,1,split_2,3BN9_B_CD_QB169A_317
5114,3QHY_A_B,['YB73A'],0.8012278079986572,0.2736396789550781,3QHY_A_B,1,split_2,3QHY_A_B_YB73A_1842
5115,1JTG_A_B,"['VA78A', 'WB162A']",4.229416370391846,2.1064605712890625,1JTG_A_B,2,split_2,"1JTG_A_B_VA78A,WB162A_441"
5116,1JTG_A_B,"['FB142A', 'RA217A']",3.3951475620269775,2.5022125244140625,1JTG_A_B,2,split_2,"1JTG_A_B_FB142A,RA217A_387"
5117,1CHO_EFG_I,['TI14V'],3.273448944091797,1.146820068359375,1CHO_EFG_I,1,split_2,1CHO_EFG_I_TI14V_1100
5118,1DVF_AB_CD,"['YA32A', 'RD106A']",4.652670860290527,1.4584922790527344,1DVF_AB_CD,2,split_2,"1DVF_AB_CD_YA32A,RD106A_181"
5119,3BN9_B_CD,['EB163A'],0.3733830153942108,0.6659049987792969,3BN9_B_CD,1,split_2,3BN9_B_CD_EB163A_315
5120,2VN5_A_B,"['SB42A', 'TB43F', 'NA81A']",0.5928263664245605,-1.1686935424804688,2VN5_A_B,3,split_2,"2VN5_A_B_SB42A,TB43F,NA81A_1905"
5121,2C5D_A_C,"['DC61G', 'GC101R']",-0.5610889792442322,0.4185142517089844,2C5D_A_C,2,split_2,"2C5D_A_C_DC61G,GC101R_1662"
5122,1YQV_HL_Y,['RY45K'],1.6343395709991455,0.1813812255859375,1YQV_HL_Y,1,split_2,1YQV_HL_Y_RY45K_2346
5123,1JTG_A_B,['FB142A'],3.3792171478271484,1.6968650817871094,1JTG_A_B,1,split_2,1JTG_A_B_FB142A_316
5124,4RA0_A_C,"['SC6G', 'AC66V', 'RC101G']",0.9792775511741638,-0.8268585205078125,4RA0_A_C,3,split_2,"4RA0_A_C_SC6G,AC66V,RC101G_2061"
5125,3BN9_B_CD,['FB92A'],6.698209762573242,0.85797119140625,3BN9_B_CD,1,split_2,3BN9_B_CD_FB92A_308
5126,1OGA_ABC_DE,['RA75A'],0.7110561728477478,0.7177047729492188,1OGA_ABC_DE,1,split_2,1OGA_ABC_DE_RA75A_1483
5127,1JTG_A_B,"['VB165K', 'DB163K', 'DB135K', 'NB89K']",-3.36055588722229,-0.24017715454101562,1JTG_A_B,4,split_2,"1JTG_A_B_VB165K,DB163K,DB135K,NB89K_486"
5128,1JTG_A_B,['SB35A'],0.0,-0.9256591796875,1JTG_A_B,1,split_2,1JTG_A_B_SB35A_1520
5129,1JTG_A_B,['QA74A'],0.42960184812545776,-0.08615493774414062,1JTG_A_B,1,split_2,1JTG_A_B_QA74A_411
5130,5C6T_HL_A,['NA188A'],-0.3667510151863098,0.4634742736816406,5C6T_HL_A,1,split_2,5C6T_HL_A_NA188A_2088
5131,1QAB_ABCD_E,"['TA60A', 'TB51A', 'TC51A', 'TD51A']",0.1219574585556984,0.056743621826171875,1QAB_ABCD_E,4,split_2,"1QAB_ABCD_E_TA60A,TB51A,TC51A,TD51A_1161"
5132,3BN9_B_CD,['YD103S'],0.4588911235332489,0.53424072265625,3BN9_B_CD,1,split_2,3BN9_B_CD_YD103S_327
5133,1JTG_A_B,['YB51A'],0.0,-0.10341644287109375,1JTG_A_B,1,split_2,1JTG_A_B_YB51A_1527
5134,4KRL_A_B,"['DA49T', 'FA51A']",1.8532617092132568,0.6966171264648438,4KRL_A_B,2,split_2,"4KRL_A_B_DA49T,FA51A_2111"
5135,4P23_CD_AB,['LC61A'],0.9535146951675415,0.4417076110839844,4P23_CD_AB,1,split_2,4P23_CD_AB_LC61A_2002
5136,2P5E_ABC_DE,['YD32D'],7.607646942138672,-0.17396926879882812,2P5E_ABC_DE,1,split_2,2P5E_ABC_DE_YD32D_1206
5137,1Z7X_W_X,['DW435A'],3.66243052482605,2.111675262451172,1Z7X_W_X,1,split_2,1Z7X_W_X_DW435A_299
5138,1DVF_AB_CD,['YA49A'],1.729231834411621,0.5552482604980469,1DVF_AB_CD,1,split_2,1DVF_AB_CD_YA49A_163
5139,1FR2_A_B,['AA39E'],-2.0840137004852295,-2.237895965576172,1FR2_A_B,1,split_2,1FR2_A_B_AA39E_123
5140,2C5D_A_C,"['GC6S', 'GC101R']",0.034860171377658844,-0.23314666748046875,2C5D_A_C,2,split_2,"2C5D_A_C_GC6S,GC101R_1661"
5141,1JTG_A_B,"['PA82A', 'HB41A']",2.6529457569122314,3.274829864501953,1JTG_A_B,2,split_2,"1JTG_A_B_PA82A,HB41A_445"
5142,2VN5_A_B,"['AB14S', 'LB15T']",1.2761919498443604,0.24226760864257812,2VN5_A_B,2,split_2,"2VN5_A_B_AB14S,LB15T_1918"
5143,4P23_CD_AB,['HC69A'],0.6170114278793335,0.9116096496582031,4P23_CD_AB,1,split_2,4P23_CD_AB_HC69A_2007
5144,1BP3_A_B,['KA168A'],3.1905486583709717,2.36981201171875,1BP3_A_B,1,split_2,1BP3_A_B_KA168A_458
5145,2WPT_A_B,"['NA31V', 'RA35T', 'RA39E']",-3.232964515686035,-1.2004051208496094,2WPT_A_B,3,split_2,"2WPT_A_B_NA31V,RA35T,RA39E_89"
5146,2WPT_A_B,"['DA30A', 'FB79A']",-0.16468581557273865,1.57513427734375,2WPT_A_B,2,split_2,"2WPT_A_B_DA30A,FB79A_2408"
5147,4JFD_ABC_DE,"['AC4G', 'LC8A']",-0.31932955980300903,-0.027210235595703125,4JFD_ABC_DE,2,split_2,"4JFD_ABC_DE_AC4G,LC8A_1069"
5148,1BP3_A_B,['SA180A'],-0.1188877522945404,-0.06966781616210938,1BP3_A_B,1,split_2,1BP3_A_B_SA180A_468
5149,1JTG_A_B,['EB73M'],0.5046222805976868,-1.3059425354003906,1JTG_A_B,1,split_2,1JTG_A_B_EB73M_567
5150,1OGA_ABC_DE,['AA149G'],0.12273682653903961,-0.0212860107421875,1OGA_ABC_DE,1,split_2,1OGA_ABC_DE_AA149G_1487
5151,1JTG_A_B,"['KA208A', 'SA105A', 'DB49A']",1.3181935548782349,3.105762481689453,1JTG_A_B,3,split_2,"1JTG_A_B_KA208A,SA105A,DB49A_330"
5152,1K8R_A_B,['RB76A'],0.7152742147445679,0.6631431579589844,1K8R_A_B,1,split_2,1K8R_A_B_RB76A_2323
5153,3BN9_B_CD,['TB144A'],0.29096534848213196,0.19903182983398438,3BN9_B_CD,1,split_2,3BN9_B_CD_TB144A_313
5154,1BRS_A_D,['EA58A'],-0.32587605714797974,1.1323051452636719,1BRS_A_D,1,split_2,1BRS_A_D_EA58A_105
5155,1MLC_AB_E,['SB57V'],-0.4944019615650177,0.09933090209960938,1MLC_AB_E,1,split_2,1MLC_AB_E_SB57V_1454
5156,2B42_A_B,['HA357A'],1.6384583711624146,0.09147262573242188,2B42_A_B,1,split_2,2B42_A_B_HA357A_141
5157,3EQY_A_C,['TC1A'],0.37473925948143005,2.0812034606933594,3EQY_A_C,1,split_2,3EQY_A_C_TC1A_2386
5158,3EQS_A_B,['SB2A'],1.2635140419006348,0.8856468200683594,3EQS_A_B,1,split_2,3EQS_A_B_SB2A_2193
5159,1BP3_A_B,['HA18A'],0.18667039275169373,-0.0957794189453125,1BP3_A_B,1,split_2,1BP3_A_B_HA18A_473
5160,2VN5_A_B,"['SB42A', 'TB43F', 'LA79A']",2.846151828765869,-0.31233978271484375,2VN5_A_B,3,split_2,"2VN5_A_B_SB42A,TB43F,LA79A_1904"
5161,4P23_CD_AB,['RD81A'],0.09132687747478485,0.3695068359375,4P23_CD_AB,1,split_2,4P23_CD_AB_RD81A_2028
5162,1CZ8_HL_VW,"['LL4M', 'DH28T', 'HH31N', 'YH101H', 'TH105S']",2.8273136615753174,1.8078727722167969,1CZ8_HL_VW,5,split_2,"1CZ8_HL_VW_LL4M,DH28T,HH31N,YH101H,TH105S_1340"
5163,1AHW_AB_C,"['TC110A', 'KC111A']",0.6391429305076599,0.6714057922363281,1AHW_AB_C,2,split_2,"1AHW_AB_C_TC110A,KC111A_48"
5164,2KSO_A_B,['KA10D'],0.33154547214508057,0.05419158935546875,2KSO_A_B,1,split_2,2KSO_A_B_KA10D_1892
5165,3QDJ_ABC_DE,['FE97Y'],0.7784663438796997,1.0939140319824219,3QDJ_ABC_DE,1,split_2,3QDJ_ABC_DE_FE97Y_1015
5166,1CHO_EFG_I,['AI12I'],0.6553633213043213,-1.0753631591796875,1CHO_EFG_I,1,split_2,1CHO_EFG_I_AI12I_658
5167,1DVF_AB_CD,['EB98A'],4.188523769378662,1.3017234802246094,1DVF_AB_CD,1,split_2,1DVF_AB_CD_EB98A_160
5168,1CHO_EFG_I,['RI18M'],2.6158030033111572,-0.3346443176269531,1CHO_EFG_I,1,split_2,1CHO_EFG_I_RI18M_812
5169,1JTG_A_B,['RB160A'],2.2222042083740234,0.5752220153808594,1JTG_A_B,1,split_2,1JTG_A_B_RB160A_432
5170,1CHO_EFG_I,['AI12T'],0.9690771698951721,0.8944320678710938,1CHO_EFG_I,1,split_2,1CHO_EFG_I_AI12T_655
5171,2C5D_A_C,"['GC6S', 'DC61G', 'VC66R', 'GC101R']",-1.4830588102340698,0.38051605224609375,2C5D_A_C,4,split_2,"2C5D_A_C_GC6S,DC61G,VC66R,GC101R_1669"
5172,1YQV_HL_Y,"['RY68K', 'TY40S', 'IY55V', 'SY91T', 'QY121H']",0.0,2.4317893981933594,1YQV_HL_Y,5,split_2,"1YQV_HL_Y_RY68K,TY40S,IY55V,SY91T,QY121H_2349"
5173,3EQS_A_B,['NB8A'],-1.111736536026001,0.044025421142578125,3EQS_A_B,1,split_2,3EQS_A_B_NB8A_2198
5174,1DVF_AB_CD,['DD52A'],1.683043360710144,0.5687980651855469,1DVF_AB_CD,1,split_2,1DVF_AB_CD_DD52A_175
5175,1OGA_ABC_DE,['SE95A'],0.0,-0.0377349853515625,1OGA_ABC_DE,1,split_2,1OGA_ABC_DE_SE95A_1292
5176,1JTG_A_B,"['FB142A', 'KA208A']",3.3951475620269775,2.7846527099609375,1JTG_A_B,2,split_2,"1JTG_A_B_FB142A,KA208A_396"
5177,1MLC_AB_E,['TB31V'],0.5264760851860046,0.256683349609375,1MLC_AB_E,1,split_2,1MLC_AB_E_TB31V_1452
5178,4FTV_ABC_DE,"['EA63Q', 'DD93A']",-0.0045398841612041,0.6476707458496094,4FTV_ABC_DE,2,split_2,"4FTV_ABC_DE_EA63Q,DD93A_1040"
5179,3C60_CD_AB,['RD82A'],0.0,0.22386550903320312,3C60_CD_AB,1,split_2,3C60_CD_AB_RD82A_1649
5180,1CHO_EFG_I,['LI15Q'],3.556931257247925,1.0724258422851562,1CHO_EFG_I,1,split_2,1CHO_EFG_I_LI15Q_1107
5181,1BRS_A_D,['WD44F'],0.05646670609712601,1.1081008911132812,1BRS_A_D,1,split_2,1BRS_A_D_WD44F_30
5182,5TAR_A_B,['QB114A'],0.15741637349128723,0.2634162902832031,5TAR_A_B,1,split_2,5TAR_A_B_QB114A_2341
5183,1JTG_A_B,"['DB163K', 'DB135K', 'VB134K']",-3.0551669597625732,0.5997123718261719,1JTG_A_B,3,split_2,"1JTG_A_B_DB163K,DB135K,VB134K_485"
5184,1JTG_A_B,"['KB74A', 'FB142A', 'YB143A']",3.8954012393951416,0.5145721435546875,1JTG_A_B,3,split_2,"1JTG_A_B_KB74A,FB142A,YB143A_359"
5185,1BRS_A_D,"['RA57A', 'ED78A']",5.201466083526611,0.9507865905761719,1BRS_A_D,2,split_2,"1BRS_A_D_RA57A,ED78A_45"
5186,1JTG_A_B,"['RA217A', 'SA209A', 'DB49A']",0.4080484211444855,2.241619110107422,1JTG_A_B,3,split_2,"1JTG_A_B_RA217A,SA209A,DB49A_327"
5187,3BN9_B_CD,['QD105V'],1.2246508598327637,-0.30030059814453125,3BN9_B_CD,1,split_2,3BN9_B_CD_QD105V_329
5188,4P23_CD_AB,['DC56A'],0.9917506575584412,0.930908203125,4P23_CD_AB,1,split_2,4P23_CD_AB_DC56A_2000
5189,5C6T_HL_A,['FH99A'],1.4606835842132568,1.6787300109863281,5C6T_HL_A,1,split_2,5C6T_HL_A_FH99A_2100
5190,4G0N_A_B,['DA38A'],2.5355451107025146,3.0072288513183594,4G0N_A_B,1,split_2,4G0N_A_B_DA38A_2385
5191,1CHO_EFG_I,"['LI15M', 'YI17Q']",3.5196218490600586,2.966571807861328,1CHO_EFG_I,2,split_2,"1CHO_EFG_I_LI15M,YI17Q_1075"
5192,1GCQ_AB_C,['GC21V'],-0.025214528664946556,0.10831069946289062,1GCQ_AB_C,1,split_2,1GCQ_AB_C_GC21V_40
5193,1JTG_A_B,['DB49A'],1.8142549991607666,0.47417449951171875,1JTG_A_B,1,split_2,1JTG_A_B_DB49A_321
5194,3C60_CD_AB,['ND9A'],0.0,0.21337127685546875,3C60_CD_AB,1,split_2,3C60_CD_AB_ND9A_1636
5195,1JTG_A_B,['DB49A'],1.6727427244186401,0.47415924072265625,1JTG_A_B,1,split_2,1JTG_A_B_DB49A_422
5196,1CHO_EFG_I,"['EI7D', 'TI14S', 'EI16D', 'RI18M', 'NI25S', 'GI29S', 'EI40D', 'GI51E']",7.660467147827148,2.8527374267578125,1CHO_EFG_I,8,split_2,"1CHO_EFG_I_EI7D,TI14S,EI16D,RI18M,NI25S,GI29S,EI40D,GI51E_1082"
5197,3EQY_A_C,['WC7A'],6.0464277267456055,2.5025558471679688,3EQY_A_C,1,split_2,3EQY_A_C_WC7A_2391
5198,3KUD_A_B,"['KB30A', 'VB33I']",2.7589051723480225,-0.0188751220703125,3KUD_A_B,2,split_2,"3KUD_A_B_KB30A,VB33I_2174"
5199,1JTG_A_B,['NA75A'],-1.4773621559143066,0.4092369079589844,1JTG_A_B,1,split_2,1JTG_A_B_NA75A_1556
5200,1BRS_A_D,"['HA100Q', 'RA57K']",6.912182331085205,1.4023094177246094,1BRS_A_D,2,split_2,"1BRS_A_D_HA100Q,RA57K_90"
5201,3BN9_B_CD,['LB147A'],0.3363426923751831,0.7191200256347656,3BN9_B_CD,1,split_2,3BN9_B_CD_LB147A_314
5202,1CHO_EFG_I,"['AI12V', 'TI14S', 'RI18M', 'NI25S', 'KI26Q', 'GI29S', 'KI31E', 'EI40D']",6.635976314544678,1.2606582641601562,1CHO_EFG_I,8,split_2,"1CHO_EFG_I_AI12V,TI14S,RI18M,NI25S,KI26Q,GI29S,KI31E,EI40D_1048"
5203,2NY7_HL_G,"['KG66C', 'EG102C', 'CG27I', 'CG226Q']",0.04087496176362038,-1.2159080505371094,2NY7_HL_G,4,split_2,"2NY7_HL_G_KG66C,EG102C,CG27I,CG226Q_1953"
5204,1CHO_EFG_I,['AI12K'],2.4987282752990723,2.527057647705078,1CHO_EFG_I,1,split_2,1CHO_EFG_I_AI12K_662
5205,1CHO_EFG_I,['EI16S'],2.79435658454895,1.8493423461914062,1CHO_EFG_I,1,split_2,1CHO_EFG_I_EI16S_729
5206,1CHO_EFG_I,['PI11C'],-0.9835479259490967,-0.4823417663574219,1CHO_EFG_I,1,split_2,1CHO_EFG_I_PI11C_844
5207,2WPT_A_B,['RB47A'],0.6100000739097595,0.9824752807617188,2WPT_A_B,1,split_2,2WPT_A_B_RB47A_118
5208,1JTG_A_B,['FB142A'],2.0532820224761963,1.6968612670898438,1JTG_A_B,1,split_2,1JTG_A_B_FB142A_1535
5209,1N8O_ABC_E,['ME80K'],1.4597147703170776,1.7029075622558594,1N8O_ABC_E,1,split_2,1N8O_ABC_E_ME80K_231
5210,4P23_CD_AB,['TD86A'],0.0,0.6720695495605469,4P23_CD_AB,1,split_2,4P23_CD_AB_TD86A_2030
5211,4P23_CD_AB,['VD12A'],0.0,-0.11928558349609375,4P23_CD_AB,1,split_2,4P23_CD_AB_VD12A_2017
5212,5C6T_HL_A,['RL48A'],0.1230163499712944,0.3631744384765625,5C6T_HL_A,1,split_2,5C6T_HL_A_RL48A_2103
5213,1CHO_EFG_I,['LI15R'],4.006605625152588,3.926197052001953,1CHO_EFG_I,1,split_2,1CHO_EFG_I_LI15R_629
5214,1CHO_EFG_I,"['EI7D', 'KI10R', 'AI12V', 'EI16D', 'RI18M', 'GI29S', 'EI40D', 'LI45I', 'KI52R']",5.030045509338379,0.6475334167480469,1CHO_EFG_I,9,split_2,"1CHO_EFG_I_EI7D,KI10R,AI12V,EI16D,RI18M,GI29S,EI40D,LI45I,KI52R_1089"
5215,1OGA_ABC_DE,['RE94A'],2.162247657775879,0.4239006042480469,1OGA_ABC_DE,1,split_2,1OGA_ABC_DE_RE94A_1278
5216,3BTH_E_I,['HI13K'],-8.781781196594238,-8.652942657470703,3BTH_E_I,1,split_2,3BTH_E_I_HI13K_1013
5217,1CHO_EFG_I,"['EI7D', 'AI12V', 'TI14S', 'EI16D', 'RI18M', 'KI26T', 'GI29N', 'NI33I', 'EI40D', 'LI45I']",7.61213493347168,2.8461990356445312,1CHO_EFG_I,10,split_2,"1CHO_EFG_I_EI7D,AI12V,TI14S,EI16D,RI18M,KI26T,GI29N,NI33I,EI40D,LI45I_1088"
5218,1CHO_EFG_I,['KI10R'],-0.3777948319911957,-0.027507781982421875,1CHO_EFG_I,1,split_2,1CHO_EFG_I_KI10R_895
5219,4P23_CD_AB,['QD73A'],0.17043781280517578,0.16785812377929688,4P23_CD_AB,1,split_2,4P23_CD_AB_QD73A_2022
5220,1JTG_A_B,['PA82A'],0.23677411675453186,1.4735488891601562,1JTG_A_B,1,split_2,1JTG_A_B_PA82A_1560
5221,1CHO_EFG_I,"['LI15M', 'NI33D', 'SI48N']",-0.48241159319877625,-0.10158920288085938,1CHO_EFG_I,3,split_2,"1CHO_EFG_I_LI15M,NI33D,SI48N_1063"
5222,3NVN_B_A,['RB186S'],1.2686275243759155,0.4629554748535156,3NVN_B_A,1,split_2,3NVN_B_A_RB186S_2105
5223,4LRX_AB_CD,['HA56N'],0.32587605714797974,0.8670272827148438,4LRX_AB_CD,1,split_2,4LRX_AB_CD_HA56N_1610
5224,1DVF_AB_CD,"['NB56A', 'HD33A']",2.527130603790283,1.5169906616210938,1DVF_AB_CD,2,split_2,"1DVF_AB_CD_NB56A,HD33A_189"
5225,1CHO_EFG_I,"['EI7D', 'LI15V', 'RI18M', 'GI29D', 'EI40D']",9.519164085388184,3.909881591796875,1CHO_EFG_I,5,split_2,"1CHO_EFG_I_EI7D,LI15V,RI18M,GI29D,EI40D_1040"
5226,1XGT_AB_C,['LB33I'],-0.06134288012981415,0.003528594970703125,1XGT_AB_C,1,split_2,1XGT_AB_C_LB33I_1229
5227,1JTG_A_B,"['EA79K', 'DB49A']",5.640436172485352,1.2410392761230469,1JTG_A_B,2,split_2,"1JTG_A_B_EA79K,DB49A_319"
5228,5C6T_HL_A,['FA192A'],1.9980957508087158,0.7604942321777344,5C6T_HL_A,1,split_2,5C6T_HL_A_FA192A_2089
5229,4U6H_AB_E,['NE21A'],-0.3482353687286377,-0.5127639770507812,4U6H_AB_E,1,split_2,4U6H_AB_E_NE21A_2074
5230,3BN9_B_CD,['QB23A'],-0.41549280285835266,-0.046543121337890625,3BN9_B_CD,1,split_2,3BN9_B_CD_QB23A_295
5231,1JTG_A_B,"['YB143A', 'RA217A']",2.269850254058838,0.7827949523925781,1JTG_A_B,2,split_2,"1JTG_A_B_YB143A,RA217A_388"
5232,3EQY_A_C,['SC2A'],0.8714090585708618,1.5891952514648438,3EQY_A_C,1,split_2,3EQY_A_C_SC2A_2387
5233,1JTG_A_B,['YB51A'],1.06242036819458,-0.10341644287109375,1JTG_A_B,1,split_2,1JTG_A_B_YB51A_1779
5234,1BRS_A_D,['NA56A'],3.0663626194000244,1.0538749694824219,1BRS_A_D,1,split_2,1BRS_A_D_NA56A_103
5235,2KSO_A_B,['HB20E'],-0.15543822944164276,-0.11408233642578125,2KSO_A_B,1,split_2,2KSO_A_B_HB20E_1901
5236,1CHO_EFG_I,"['AI12G', 'TI14M', 'LI15M', 'YI17R', 'RI18L', 'GI29N', 'NI30D', 'SI48N', 'KI52E']",9.20455551147461,7.169410705566406,1CHO_EFG_I,9,split_2,"1CHO_EFG_I_AI12G,TI14M,LI15M,YI17R,RI18L,GI29N,NI30D,SI48N,KI52E_1079"
5237,1CHO_EFG_I,"['RI18M', 'KI26Q', 'GI29S', 'EI40D']",3.000711679458618,0.3840789794921875,1CHO_EFG_I,4,split_2,"1CHO_EFG_I_RI18M,KI26Q,GI29S,EI40D_1034"
5238,3M63_A_B,['RA98A'],-0.18529273569583893,0.4731483459472656,3M63_A_B,1,split_2,3M63_A_B_RA98A_1311
5239,4B0M_A_BM,['LM40A'],1.908984661102295,1.2602424621582031,4B0M_A_BM,1,split_2,4B0M_A_BM_LM40A_1832
5240,3QHY_A_B,['DB12A'],2.2552647590637207,1.4394264221191406,3QHY_A_B,1,split_2,3QHY_A_B_DB12A_1835
5241,5C6T_HL_A,['YA182A'],3.2097911834716797,0.6322174072265625,5C6T_HL_A,1,split_2,5C6T_HL_A_YA182A_2084
5242,1JTG_A_B,['HB148A'],2.7478888034820557,0.8118324279785156,1JTG_A_B,1,split_2,1JTG_A_B_HB148A_430
5243,3QDJ_ABC_DE,['DD26W'],-2.1718637943267822,-1.4230918884277344,3QDJ_ABC_DE,1,split_2,3QDJ_ABC_DE_DD26W_1002
5244,2GOX_A_B,['RB31A'],1.5196093320846558,0.180145263671875,2GOX_A_B,1,split_2,2GOX_A_B_RB31A_75
5245,3BN9_B_CD,['RB51A'],-0.07158980518579483,0.16385269165039062,3BN9_B_CD,1,split_2,3BN9_B_CD_RB51A_302
5246,1JTG_A_B,['KB74A'],3.752230405807495,-0.14116668701171875,1JTG_A_B,1,split_2,1JTG_A_B_KB74A_1757
5247,1OGA_ABC_DE,['VA76A'],0.8721638321876526,0.5824394226074219,1OGA_ABC_DE,1,split_2,1OGA_ABC_DE_VA76A_1484
5248,1BRS_A_D,"['RA85A', 'ED78A']",6.126986026763916,3.0476341247558594,1BRS_A_D,2,split_2,"1BRS_A_D_RA85A,ED78A_58"
5249,1JTG_A_B,['TB32K'],0.19934363663196564,0.152435302734375,1JTG_A_B,1,split_2,1JTG_A_B_TB32K_477
5250,1CZ8_HL_VW,"['LL4M', 'DH28T', 'HH31N', 'YH101H']",1.4050461053848267,1.3541946411132812,1CZ8_HL_VW,4,split_2,"1CZ8_HL_VW_LL4M,DH28T,HH31N,YH101H_1355"
5251,1JTG_A_B,['VA78A'],1.9107438325881958,0.8629837036132812,1JTG_A_B,1,split_2,1JTG_A_B_VA78A_413
5252,4CVW_A_C,['DA720W'],1.2212941646575928,-0.209564208984375,4CVW_A_C,1,split_2,4CVW_A_C_DA720W_1279
5253,1BP3_A_B,"['SA57T', 'TA60A', 'SA62T', 'NA63G', 'RA64K', 'EA65D', 'TA67A', 'KA70R', 'NA72D', 'LA73V']",2.299455165863037,1.4445571899414062,1BP3_A_B,10,split_2,"1BP3_A_B_SA57T,TA60A,SA62T,NA63G,RA64K,EA65D,TA67A,KA70R,NA72D,LA73V_419"
5254,1CHO_EFG_I,['EI16C'],2.728342294692993,0.99151611328125,1CHO_EFG_I,1,split_2,1CHO_EFG_I_EI16C_730
5255,1JTG_A_B,"['KB74A', 'YB143A']",3.0586442947387695,-0.9001388549804688,1JTG_A_B,2,split_2,"1JTG_A_B_KB74A,YB143A_357"
5256,1JTG_A_B,"['KB74A', 'FB142A', 'YA80A']",4.779135227203369,2.5074310302734375,1JTG_A_B,3,split_2,"1JTG_A_B_KB74A,FB142A,YA80A_372"
5257,1BP3_A_B,['DA26E'],0.38309553265571594,0.08147430419921875,1BP3_A_B,1,split_2,1BP3_A_B_DA26E_436
5258,1Z7X_W_X,['WW375A'],1.6695599555969238,1.2153663635253906,1Z7X_W_X,1,split_2,1Z7X_W_X_WW375A_313
5259,2NY7_HL_G,"['KG66C', 'EG103C', 'WG13M', 'MG231A', 'CG14W', 'CG110V', 'CG27I', 'CG226Q']",0.3000297248363495,-1.4036788940429688,2NY7_HL_G,8,split_2,"2NY7_HL_G_KG66C,EG103C,WG13M,MG231A,CG14W,CG110V,CG27I,CG226Q_1946"
5260,3BN9_B_CD,['RB48A'],-0.04501800239086151,0.15209579467773438,3BN9_B_CD,1,split_2,3BN9_B_CD_RB48A_300
5261,1CHO_EFG_I,"['EI7D', 'TI14L', 'RI18M', 'GI29D', 'NI33S', 'EI40D', 'TI46S']",9.222419738769531,3.1743545532226562,1CHO_EFG_I,7,split_2,"1CHO_EFG_I_EI7D,TI14L,RI18M,GI29D,NI33S,EI40D,TI46S_1078"
5262,4G0N_A_B,"['NB11A', 'RA41A']",-0.5806019902229309,0.8949432373046875,4G0N_A_B,2,split_2,"4G0N_A_B_NB11A,RA41A_2311"
5263,1JTG_A_B,"['KB74A', 'FB142A', 'EA79A', 'YA80A']",3.130239963531494,2.675670623779297,1JTG_A_B,4,split_2,"1JTG_A_B_KB74A,FB142A,EA79A,YA80A_380"
5264,3R9A_AC_B,['YA325A'],1.0145800113677979,1.0964546203613281,3R9A_AC_B,1,split_2,3R9A_AC_B_YA325A_1333
5265,1BRS_A_D,"['HA100A', 'YD29A']",6.306902885437012,7.5794219970703125,1BRS_A_D,2,split_2,"1BRS_A_D_HA100A,YD29A_59"
5266,2WPT_A_B,['PA53A'],2.9276857376098633,1.9225578308105469,2WPT_A_B,1,split_2,2WPT_A_B_PA53A_102
5267,1CHO_EFG_I,['RI18K'],0.662769079208374,0.11059951782226562,1CHO_EFG_I,1,split_2,1CHO_EFG_I_RI18K_815
5268,1BRS_A_D,['HA100L'],7.666353225708008,2.39599609375,1BRS_A_D,1,split_2,1BRS_A_D_HA100L_89
5269,3KUD_A_B,"['KB30A', 'NB16R']",0.7665860652923584,0.3558502197265625,3KUD_A_B,2,split_2,"3KUD_A_B_KB30A,NB16R_2175"
5270,3BTM_E_I,['MI13K'],-7.692373275756836,-7.574871063232422,3BTM_E_I,1,split_2,3BTM_E_I_MI13K_993
5271,1BRS_A_D,"['RA85A', 'TD42A']",7.020199298858643,2.472278594970703,1BRS_A_D,2,split_2,"1BRS_A_D_RA85A,TD42A_56"
5272,3M63_A_B,['IA110A'],1.0890923738479614,1.7489433288574219,3M63_A_B,1,split_2,3M63_A_B_IA110A_1315
5273,1YY9_CD_A,['TD61E'],-0.05707155540585518,0.2699699401855469,1YY9_CD_A,1,split_2,1YY9_CD_A_TD61E_1481
5274,1CHO_EFG_I,['RI18Y'],3.000711679458618,0.15132522583007812,1CHO_EFG_I,1,split_2,1CHO_EFG_I_RI18Y_820
5275,3R9A_AC_B,['YA325W'],0.4823150336742401,-0.14471054077148438,3R9A_AC_B,1,split_2,3R9A_AC_B_YA325W_1334
5276,1JTG_A_B,['HB148A'],2.450101137161255,0.8118400573730469,1JTG_A_B,1,split_2,1JTG_A_B_HB148A_1764
5277,1GCQ_AB_C,['PC5A'],0.7678360939025879,-0.00780487060546875,1GCQ_AB_C,1,split_2,1GCQ_AB_C_PC5A_34
5278,2WPT_A_B,['RA39A'],-0.2402186095714569,0.08548736572265625,2WPT_A_B,1,split_2,2WPT_A_B_RA39A_97
5279,2NZ9_DC_A,"['SD29K', 'DD30Y', 'HD31D']",-0.04996808245778084,0.3956565856933594,2NZ9_DC_A,3,split_2,"2NZ9_DC_A_SD29K,DD30Y,HD31D_1985"
5280,4RA0_A_C,"['AC66V', 'RC101G']",0.9535146951675415,-0.7258796691894531,4RA0_A_C,2,split_2,"4RA0_A_C_AC66V,RC101G_2064"
5281,1JTG_A_B,"['EA143A', 'WB112A']",2.795217752456665,2.1689605712890625,1JTG_A_B,2,split_2,"1JTG_A_B_EA143A,WB112A_467"
5282,1N8Z_AB_C,['YB105F'],0.8213128447532654,0.0680694580078125,1N8Z_AB_C,1,split_2,1N8Z_AB_C_YB105F_1525
5283,1CHO_EFG_I,"['EI7G', 'KI10Q', 'TI14S', 'RI18V', 'LI20F', 'GI29S', 'NI33D', 'VI39A', 'EI40D']",1.6365405321121216,1.2304763793945312,1CHO_EFG_I,9,split_2,"1CHO_EFG_I_EI7G,KI10Q,TI14S,RI18V,LI20F,GI29S,NI33D,VI39A,EI40D_1081"
5284,1BRS_A_D,"['KA25A', 'DD39A']",8.278043746948242,7.045024871826172,1BRS_A_D,2,split_2,"1BRS_A_D_KA25A,DD39A_36"
5285,4P23_CD_AB,['VC73A'],0.0,0.21646499633789062,4P23_CD_AB,1,split_2,4P23_CD_AB_VC73A_2008
5286,1CHO_EFG_I,['NI33M'],-0.20842353999614716,0.47077178955078125,1CHO_EFG_I,1,split_2,1CHO_EFG_I_NI33M_964
5287,4G0N_A_B,"['KB31A', 'DA33A']",2.6137888431549072,2.0746803283691406,4G0N_A_B,2,split_2,"4G0N_A_B_KB31A,DA33A_2298"
5288,1YY9_CD_A,['YD101P'],1.6521589756011963,0.6732521057128906,1YY9_CD_A,1,split_2,1YY9_CD_A_YD101P_1152
5289,2WPT_A_B,['NB68A'],1.2655584812164307,0.9841346740722656,2WPT_A_B,1,split_2,2WPT_A_B_NB68A_121
5290,1BRS_A_D,"['RA85A', 'WD38F']",7.040988922119141,2.6469459533691406,1BRS_A_D,2,split_2,"1BRS_A_D_RA85A,WD38F_54"
5291,1JTG_A_B,"['EA143A', 'WB162A']",2.077467203140259,2.536041259765625,1JTG_A_B,2,split_2,"1JTG_A_B_EA143A,WB162A_440"
5292,1CHO_EFG_I,"['AI12R', 'TI14K', 'LI15R']",7.955412864685059,8.466659545898438,1CHO_EFG_I,3,split_2,"1CHO_EFG_I_AI12R,TI14K,LI15R_1111"
5293,1N8Z_AB_C,['TA94S'],0.3093721270561218,0.08293533325195312,1N8Z_AB_C,1,split_2,1N8Z_AB_C_TA94S_1523
5294,2B0Z_A_B,['IB87F'],-2.528998613357544,-0.9666671752929688,2B0Z_A_B,1,split_2,2B0Z_A_B_IB87F_202
5295,1Z7X_W_X,['YW434F'],0.12062260508537292,0.8830299377441406,1Z7X_W_X,1,split_2,1Z7X_W_X_YW434F_315
5296,2WPT_A_B,['QB85A'],-0.13220183551311493,0.5734329223632812,2WPT_A_B,1,split_2,2WPT_A_B_QB85A_127
5297,4B0M_A_BM,['MA8A'],0.4299248456954956,0.6067886352539062,4B0M_A_BM,1,split_2,4B0M_A_BM_MA8A_1833
5298,1DVF_AB_CD,"['NB56A', 'ND55A']",2.3021233081817627,0.12941741943359375,1DVF_AB_CD,2,split_2,"1DVF_AB_CD_NB56A,ND55A_188"
5299,2WPT_A_B,['SB77A'],-0.08617144078016281,0.7805061340332031,2WPT_A_B,1,split_2,2WPT_A_B_SB77A_2410
5300,1JTG_A_B,"['SA209A', 'DB49A']",1.6411057710647583,1.1195411682128906,1JTG_A_B,2,split_2,"1JTG_A_B_SA209A,DB49A_322"
5301,4P23_CD_AB,['KD5A'],2.2306222915649414,1.8493804931640625,4P23_CD_AB,1,split_2,4P23_CD_AB_KD5A_2013
5302,4YH7_A_B,['RA48A'],1.733952522277832,1.1128005981445312,4YH7_A_B,1,split_2,4YH7_A_B_RA48A_2187
5303,3EQY_A_C,['PC12A'],0.29562830924987793,1.0199203491210938,3EQY_A_C,1,split_2,3EQY_A_C_PC12A_2396
5304,4P23_CD_AB,['KD7A'],2.5683443546295166,0.4667778015136719,4P23_CD_AB,1,split_2,4P23_CD_AB_KD7A_2014
5305,2NZ9_DC_A,['KA895A'],-0.3019140660762787,-0.03199005126953125,2NZ9_DC_A,1,split_2,2NZ9_DC_A_KA895A_1973
5306,1CHO_EFG_I,['LI15F'],-1.5017473697662354,1.8947982788085938,1CHO_EFG_I,1,split_2,1CHO_EFG_I_LI15F_628
5307,2PYE_ABC_DE,"['QD52T', 'SD53P', 'SD54W', 'GE50A', 'AE51I', 'GE52Q']",-4.409873008728027,-0.8365440368652344,2PYE_ABC_DE,6,split_2,"2PYE_ABC_DE_QD52T,SD53P,SD54W,GE50A,AE51I,GE52Q_1207"
5308,2WPT_A_B,['TB80A'],0.526220440864563,0.9766578674316406,2WPT_A_B,1,split_2,2WPT_A_B_TB80A_114
5309,1JTG_A_B,"['EA79A', 'EB73M']",1.8363221883773804,-0.7609710693359375,1JTG_A_B,2,split_2,"1JTG_A_B_EA79A,EB73M_571"
5310,1CHO_EFG_I,"['EI7D', 'YI8H', 'TI14L', 'LI15Q', 'YI17Q', 'RI18K', 'GI29D', 'NI33S', 'EI40D']",11.138376235961914,7.2479400634765625,1CHO_EFG_I,9,split_2,"1CHO_EFG_I_EI7D,YI8H,TI14L,LI15Q,YI17Q,RI18K,GI29D,NI33S,EI40D_1050"
5311,1JTG_A_B,['EA85G'],-0.9126397371292114,0.24613189697265625,1JTG_A_B,1,split_2,1JTG_A_B_EA85G_492
5312,1CHO_EFG_I,['NI33K'],2.3332483768463135,1.3452835083007812,1CHO_EFG_I,1,split_2,1CHO_EFG_I_NI33K_966
5313,2WPT_A_B,"['EA14Q', 'FA15L', 'KA17T', 'KA18T', 'RA21N', 'EA23D', 'GA24T', 'AA25S', 'TA26S', 'DA29E', 'DA30L', 'NA31V', 'RA35T', 'EA36H', 'RA39E', 'LA40M', 'DA45S', 'RA54K', 'DA55E', 'DA56G', 'RA57D', 'EA58D', 'EA62S', 'KA66N', 'EA67T', 'IA68V', 'EA70Q']",-8.058494567871094,-4.714076995849609,2WPT_A_B,27,split_2,"2WPT_A_B_EA14Q,FA15L,KA17T,KA18T,RA21N,EA23D,GA24T,AA25S,TA26S,DA29E,DA30L,NA31V,RA35T,EA36H,RA39E,LA40M,DA45S,RA54K,DA55E,DA56G,RA57D,EA58D,EA62S,KA66N,EA67T,IA68V,EA70Q_132"
5314,4G0N_A_B,['IA21A'],0.871229350566864,1.7690467834472656,4G0N_A_B,1,split_2,4G0N_A_B_IA21A_2269
5315,4G0N_A_B,['VB16A'],0.6891109943389893,1.3010101318359375,4G0N_A_B,1,split_2,4G0N_A_B_VB16A_2380
5316,2NY7_HL_G,"['CG27I', 'CG226Q', 'MG231A']",0.20328329503536224,-0.9365768432617188,2NY7_HL_G,3,split_2,"2NY7_HL_G_CG27I,CG226Q,MG231A_1950"
5317,1CHO_EFG_I,"['EI7D', 'AI12V', 'TI14S', 'RI18M', 'NI25S', 'GI29S', 'NI33D', 'EI40D', 'TI46N']",4.273555755615234,1.0639305114746094,1CHO_EFG_I,9,split_2,"1CHO_EFG_I_EI7D,AI12V,TI14S,RI18M,NI25S,GI29S,NI33D,EI40D,TI46N_1045"
5318,4N8V_G_ABC,['YG39F'],0.5155515074729919,0.08878707885742188,4N8V_G_ABC,1,split_2,4N8V_G_ABC_YG39F_1277
5319,2WPT_A_B,['VB91A'],0.4106564223766327,0.9140739440917969,2WPT_A_B,1,split_2,2WPT_A_B_VB91A_129
5320,4G0N_A_B,"['FB8W', 'RB14L', 'NB18R', 'VB35I']",0.6034535765647888,0.8500137329101562,4G0N_A_B,4,split_2,"4G0N_A_B_FB8W,RB14L,NB18R,VB35I_2344"
5321,1BRS_A_D,"['RA81Q', 'YD29A']",8.29304313659668,2.7146873474121094,1BRS_A_D,2,split_2,"1BRS_A_D_RA81Q,YD29A_46"
5322,1JTG_A_B,['SB113A'],-0.4991435110569,-0.3740386962890625,1JTG_A_B,1,split_2,1JTG_A_B_SB113A_1783
5323,1K8R_A_B,['RB77A'],1.4368070363998413,0.41846466064453125,1K8R_A_B,1,split_2,1K8R_A_B_RB77A_2324
5324,1CHO_EFG_I,['LI15M'],0.32409724593162537,0.119842529296875,1CHO_EFG_I,1,split_2,1CHO_EFG_I_LI15M_1051
5325,4FTV_ABC_DE,['QE101R'],0.4106564223766327,0.05570220947265625,4FTV_ABC_DE,1,split_2,4FTV_ABC_DE_QE101R_1064
5326,1BP3_A_B,['IA175A'],0.3541897237300873,0.8065910339355469,1BP3_A_B,1,split_2,1BP3_A_B_IA175A_463
5327,1CHO_EFG_I,"['EI7D', 'AI12V', 'TI14S', 'RI18M', 'NI25S', 'GI29N', 'NI33D', 'SI48G']",4.364882946014404,0.8061714172363281,1CHO_EFG_I,8,split_2,"1CHO_EFG_I_EI7D,AI12V,TI14S,RI18M,NI25S,GI29N,NI33D,SI48G_1029"
5328,4G0N_A_B,['EA31A'],1.388119101524353,0.7813377380371094,4G0N_A_B,1,split_2,4G0N_A_B_EA31A_2374
5329,2VN5_A_B,"['SB42A', 'TB43F', 'LA77A']",3.150730848312378,-0.14559555053710938,2VN5_A_B,3,split_2,"2VN5_A_B_SB42A,TB43F,LA77A_1903"
5330,4P23_CD_AB,['KC68A'],0.6829072833061218,0.4464683532714844,4P23_CD_AB,1,split_2,4P23_CD_AB_KC68A_2006
5331,3C60_CD_AB,['QD74A'],0.0,0.0851593017578125,3C60_CD_AB,1,split_2,3C60_CD_AB_QD74A_1643
5332,1AK4_A_D,['HD87R'],1.6457033157348633,0.15728759765625,1AK4_A_D,1,split_2,1AK4_A_D_HD87R_128
5333,1BRS_A_D,['KA25A'],4.587950229644775,4.635673522949219,1BRS_A_D,1,split_2,1BRS_A_D_KA25A_109
5334,1BP3_A_B,['IA58A'],1.7856985330581665,1.5377197265625,1BP3_A_B,1,split_2,1BP3_A_B_IA58A_475
5335,1QSE_ABC_DE,['RC7V'],-1.225422739982605,-0.5214805603027344,1QSE_ABC_DE,1,split_2,1QSE_ABC_DE_RC7V_1245
5336,4CVW_A_C,['VC35D'],4.92083740234375,-0.4065361022949219,4CVW_A_C,1,split_2,4CVW_A_C_VC35D_1286
5337,4G0N_A_B,['NB11D'],1.8089699745178223,1.0914993286132812,4G0N_A_B,1,split_2,4G0N_A_B_NB11D_2361
5338,4P23_CD_AB,['ID76A'],0.17043781280517578,0.5334892272949219,4P23_CD_AB,1,split_2,4P23_CD_AB_ID76A_2025
5339,4G0N_A_B,['RB14A'],1.496372938156128,1.5076141357421875,4G0N_A_B,1,split_2,4G0N_A_B_RB14A_2379
5340,1BP3_A_B,['RA163A'],2.121842622756958,0.36147308349609375,1BP3_A_B,1,split_2,1BP3_A_B_RA163A_476
5341,3QHY_A_B,['YB208A'],0.2402186095714569,0.47069549560546875,3QHY_A_B,1,split_2,3QHY_A_B_YB208A_1854
5342,1CHO_EFG_I,['TI14S'],2.3505473136901855,1.123687744140625,1CHO_EFG_I,1,split_2,1CHO_EFG_I_TI14S_691
5343,3C60_CD_AB,['YD70A'],0.0,-0.00624847412109375,3C60_CD_AB,1,split_2,3C60_CD_AB_YD70A_1641
5344,1JTG_A_B,['YB51A'],1.142086148262024,-0.1034088134765625,1JTG_A_B,1,split_2,1JTG_A_B_YB51A_1778
5345,3EQY_A_C,['FC3A'],5.660985946655273,2.163726806640625,3EQY_A_C,1,split_2,3EQY_A_C_FC3A_2388
5346,4G0N_A_B,['DA38A'],3.193985939025879,3.007221221923828,4G0N_A_B,1,split_2,4G0N_A_B_DA38A_2275
5347,1BP3_A_B,['SA62A'],1.4157211780548096,0.29814910888671875,1BP3_A_B,1,split_2,1BP3_A_B_SA62A_443
5348,1JTG_A_B,"['SA209A', 'SA105A', 'KA208A']",1.8496946096420288,2.7983360290527344,1JTG_A_B,3,split_2,"1JTG_A_B_SA209A,SA105A,KA208A_347"
5349,1MLC_AB_E,['SB57A'],-0.37919139862060547,0.18194198608398438,1MLC_AB_E,1,split_2,1MLC_AB_E_SB57A_1453
5350,1CHO_EFG_I,"['EI7D', 'AI12V', 'TI14S', 'RI18M', 'NI25S', 'GI29S', 'EI40D']",5.456684589385986,0.8671646118164062,1CHO_EFG_I,7,split_2,"1CHO_EFG_I_EI7D,AI12V,TI14S,RI18M,NI25S,GI29S,EI40D_1030"
5351,4CVW_A_C,['DA720R'],3.0476717948913574,-0.039642333984375,4CVW_A_C,1,split_2,4CVW_A_C_DA720R_1280
5352,1JTG_A_B,"['FB142A', 'EA79A']",2.7478888034820557,1.6748085021972656,1JTG_A_B,2,split_2,"1JTG_A_B_FB142A,EA79A_362"
5353,3G6D_LH_A,"['EL3V', 'GL76R', 'TL77V', 'QL78E', 'EL80G']",0.139879509806633,0.10717010498046875,3G6D_LH_A,5,split_2,"3G6D_LH_A_EL3V,GL76R,TL77V,QL78E,EL80G_1219"
5354,1CHO_EFG_I,['NI33D'],-1.0400738716125488,-0.4067649841308594,1CHO_EFG_I,1,split_2,1CHO_EFG_I_NI33D_965
5355,1JTG_A_B,['KB74A'],2.6789426803588867,-0.14117813110351562,1JTG_A_B,1,split_2,1JTG_A_B_KB74A_1531
5356,1DVF_AB_CD,['TB30A'],0.9079189896583557,0.16269683837890625,1DVF_AB_CD,1,split_2,1DVF_AB_CD_TB30A_150
5357,5C6T_HL_A,['NA186A'],0.3632349669933319,0.13622665405273438,5C6T_HL_A,1,split_2,5C6T_HL_A_NA186A_2087
5358,4B0M_A_BM,['PM99S'],1.9942853450775146,0.37646484375,4B0M_A_BM,1,split_2,4B0M_A_BM_PM99S_1827
5359,1JTG_A_B,['NA75A'],-0.4558051824569702,0.40924835205078125,1JTG_A_B,1,split_2,1JTG_A_B_NA75A_412
5360,1CHO_EFG_I,['EI16Q'],1.3341379165649414,0.6586837768554688,1CHO_EFG_I,1,split_2,1CHO_EFG_I_EI16Q_740
5361,1JTG_A_B,['DB49A'],1.7919657230377197,0.4741477966308594,1JTG_A_B,1,split_2,1JTG_A_B_DB49A_352
5362,1CHO_EFG_I,"['EI7D', 'LI15V', 'RI18M', 'EI40D']",6.61243200302124,1.8850822448730469,1CHO_EFG_I,4,split_2,"1CHO_EFG_I_EI7D,LI15V,RI18M,EI40D_1041"
5363,3C60_CD_AB,['RD80A'],2.0264554023742676,1.7248725891113281,3C60_CD_AB,1,split_2,3C60_CD_AB_RD80A_1648
5364,1CHO_EFG_I,['TI14S'],2.3505473136901855,1.1236991882324219,1CHO_EFG_I,1,split_2,1CHO_EFG_I_TI14S_1099
5365,1BRS_A_D,['HA100D'],4.550590991973877,1.4997940063476562,1BRS_A_D,1,split_2,1BRS_A_D_HA100D_86
5366,3QHY_A_B,['DB130A'],0.961361825466156,-0.24994277954101562,3QHY_A_B,1,split_2,3QHY_A_B_DB130A_1847
5367,4G0N_A_B,['KB31A'],3.5837974548339844,1.1173896789550781,4G0N_A_B,1,split_2,4G0N_A_B_KB31A_2370
5368,1JTG_A_B,['WB150A'],4.253561973571777,1.5344352722167969,1JTG_A_B,1,split_2,1JTG_A_B_WB150A_431
5369,1CHO_EFG_I,['YI17A'],2.5434629917144775,3.0119857788085938,1CHO_EFG_I,1,split_2,1CHO_EFG_I_YI17A_766
5370,4RA0_A_C,"['GC61D', 'AC66V', 'RC101G']",0.6360629796981812,-1.1124458312988281,4RA0_A_C,3,split_2,"4RA0_A_C_GC61D,AC66V,RC101G_2065"
5371,3BN9_B_CD,['RB82A'],-0.1593041568994522,0.12933731079101562,3BN9_B_CD,1,split_2,3BN9_B_CD_RB82A_304
5372,1CHO_EFG_I,['KI10I'],1.5452135801315308,0.6222190856933594,1CHO_EFG_I,1,split_2,1CHO_EFG_I_KI10I_887
5373,1CHO_EFG_I,['YI17C'],2.5434629917144775,2.2437820434570312,1CHO_EFG_I,1,split_2,1CHO_EFG_I_YI17C_768
5374,1BRS_A_D,['NA56A'],3.115762233734131,1.0538711547851562,1BRS_A_D,1,split_2,1BRS_A_D_NA56A_112
5375,1BP3_A_B,"['EA56D', 'RA64M']",0.44551658630371094,2.415538787841797,1BP3_A_B,2,split_2,"1BP3_A_B_EA56D,RA64M_421"
5376,1N8Z_AB_C,['RB50A'],2.9276857376098633,-0.07623291015625,1N8Z_AB_C,1,split_2,1N8Z_AB_C_RB50A_1539
5377,1CT2_E_I,['TI13L'],-3.2047202587127686,-2.4903526306152344,1CT2_E_I,1,split_2,1CT2_E_I_TI13L_1081
5378,1JTG_A_B,"['KB74A', 'FB142A']",4.852370262145996,1.4768905639648438,1JTG_A_B,2,split_2,"1JTG_A_B_KB74A,FB142A_356"
5379,1JTG_A_B,['LA77A'],0.8707124590873718,1.3226966857910156,1JTG_A_B,1,split_2,1JTG_A_B_LA77A_1557
5380,3R9A_AC_B,['GA165R'],0.048722125589847565,0.27977752685546875,3R9A_AC_B,1,split_2,3R9A_AC_B_GA165R_1336
5381,1BP3_A_B,['DA167A'],0.06778264045715332,0.7584571838378906,1BP3_A_B,1,split_2,1BP3_A_B_DA167A_457
5382,1CHO_EFG_I,['LI15A'],4.7662200927734375,1.0218048095703125,1CHO_EFG_I,1,split_2,1CHO_EFG_I_LI15A_614
5383,2GOX_A_B,['NB38A'],1.3337823152542114,1.2482795715332031,2GOX_A_B,1,split_2,2GOX_A_B_NB38A_76
5384,4G0N_A_B,"['VB35A', 'IA21A']",0.29070067405700684,2.0822715759277344,4G0N_A_B,2,split_2,"4G0N_A_B_VB35A,IA21A_2292"
5385,4L3E_ABC_DE,['ND52A'],-0.45974576473236084,0.4573822021484375,4L3E_ABC_DE,1,split_2,4L3E_ABC_DE_ND52A_1028
5386,1DVF_AB_CD,['WA92A'],0.34087562561035156,1.7567062377929688,1DVF_AB_CD,1,split_2,1DVF_AB_CD_WA92A_148
5387,1BP3_A_B,['HA21A'],2.671875476837158,0.4577140808105469,1BP3_A_B,1,split_2,1BP3_A_B_HA21A_434
5388,1OGA_ABC_DE,['IE49A'],2.162247657775879,0.08559036254882812,1OGA_ABC_DE,1,split_2,1OGA_ABC_DE_IE49A_1268
5389,1YQV_HL_Y,"['RY68K', 'TY40S', 'IY55V', 'SY91T']",5.104349136352539,2.292022705078125,1YQV_HL_Y,4,split_2,"1YQV_HL_Y_RY68K,TY40S,IY55V,SY91T_2351"
5390,1CHO_EFG_I,"['PI11S', 'AI12R', 'TI14P', 'LI15R']",8.483975410461426,8.868579864501953,1CHO_EFG_I,4,split_2,"1CHO_EFG_I_PI11S,AI12R,TI14P,LI15R_998"
5391,1BP3_A_B,"['NA12R', 'MA14V', 'LA15V', 'RA16L', 'RA19Y']",0.38309553265571594,1.0358085632324219,1BP3_A_B,5,split_2,"1BP3_A_B_NA12R,MA14V,LA15V,RA16L,RA19Y_422"
5392,1CHO_EFG_I,"['EI7D', 'YI8H', 'TI14L', 'LI15Q', 'YI17Q', 'RI18K', 'LI20I', 'GI29D', 'NI33S', 'EI40D']",11.054069519042969,6.9876708984375,1CHO_EFG_I,10,split_2,"1CHO_EFG_I_EI7D,YI8H,TI14L,LI15Q,YI17Q,RI18K,LI20I,GI29D,NI33S,EI40D_1049"
5393,4G0N_A_B,"['QB13A', 'SA39A']",2.0329933166503906,0.9803848266601562,4G0N_A_B,2,split_2,"4G0N_A_B_QB13A,SA39A_2308"
5394,2KSO_A_B,"['RA43E', 'HB20E']",0.45456182956695557,0.17949676513671875,2KSO_A_B,2,split_2,"2KSO_A_B_RA43E,HB20E_1900"
5395,1JTG_A_B,"['YB143A', 'KA208A']",2.5566611289978027,1.1655731201171875,1JTG_A_B,2,split_2,"1JTG_A_B_YB143A,KA208A_397"
5396,1BRS_A_D,"['HA100A', 'WD38F']",7.6421685218811035,6.519329071044922,1BRS_A_D,2,split_2,"1BRS_A_D_HA100A,WD38F_61"
5397,1CHO_EFG_I,"['NI25S', 'GI29A']",-0.860901951789856,1.0412178039550781,1CHO_EFG_I,2,split_2,"1CHO_EFG_I_NI25S,GI29A_1053"
5398,1CHO_EFG_I,"['TI14R', 'LI15R']",7.2265849113464355,6.368434906005859,1CHO_EFG_I,2,split_2,"1CHO_EFG_I_TI14R,LI15R_994"
5399,1MLC_AB_E,['NA32Y'],0.0,0.438568115234375,1MLC_AB_E,1,split_2,1MLC_AB_E_NA32Y_1457
5400,1JTG_A_B,"['VA78A', 'FB142A']",4.516676902770996,2.873626708984375,1JTG_A_B,2,split_2,"1JTG_A_B_VA78A,FB142A_466"
5401,2VIR_AB_C,['TC89I'],4.913825988769531,-0.14384078979492188,2VIR_AB_C,1,split_2,2VIR_AB_C_TC89I_118
5402,1CHO_EFG_I,['YI17T'],3.3040621280670166,3.6284828186035156,1CHO_EFG_I,1,split_2,1CHO_EFG_I_YI17T_770
5403,2WPT_A_B,['NB65A'],0.4848095774650574,0.8061370849609375,2WPT_A_B,1,split_2,2WPT_A_B_NB65A_119
5404,4UYQ_A_B,"['SB51I', 'IB52N']",-0.04390541464090347,0.6438026428222656,4UYQ_A_B,2,split_2,"4UYQ_A_B_SB51I,IB52N_1410"
5405,2PCB_A_B,['EA290N'],0.871008574962616,1.4216995239257812,2PCB_A_B,1,split_2,2PCB_A_B_EA290N_201
5406,1CHO_EFG_I,"['EI7D', 'RI18M', 'KI26Q', 'GI29S', 'NI33S', 'EI40D']",1.304995059967041,0.39493560791015625,1CHO_EFG_I,6,split_2,"1CHO_EFG_I_EI7D,RI18M,KI26Q,GI29S,NI33S,EI40D_1033"
5407,1JTG_A_B,"['EA79A', 'EB73M', 'FB142A']",2.8455445766448975,0.9744758605957031,1JTG_A_B,3,split_2,"1JTG_A_B_EA79A,EB73M,FB142A_573"
5408,4P23_CD_AB,['RD79A'],2.0715129375457764,1.5114517211914062,4P23_CD_AB,1,split_2,4P23_CD_AB_RD79A_2027
5409,4JEU_A_B,['TB4A'],0.1809239685535431,0.6501388549804688,4JEU_A_B,1,split_2,4JEU_A_B_TB4A_1608
5410,3C60_CD_AB,['KC68A'],0.5622846484184265,0.4789848327636719,3C60_CD_AB,1,split_2,3C60_CD_AB_KC68A_1627
5411,1JTG_A_B,"['NA75A', 'DB49A']",1.5768485069274902,0.7001762390136719,1JTG_A_B,2,split_2,"1JTG_A_B_NA75A,DB49A_464"
5412,1CHO_EFG_I,['LI15K'],4.273555755615234,3.6408424377441406,1CHO_EFG_I,1,split_2,1CHO_EFG_I_LI15K_1104
5413,2O3B_A_B,['EB24Q'],5.3983635902404785,0.6577377319335938,2O3B_A_B,1,split_2,2O3B_A_B_EB24Q_218
5414,1XGT_AB_C,['LB33A'],2.199876308441162,2.0942535400390625,1XGT_AB_C,1,split_2,1XGT_AB_C_LB33A_1231
5415,4G0N_A_B,"['YA32C', 'CA116S', 'NB18R', 'AB32K']",-1.7309221029281616,1.1141815185546875,4G0N_A_B,4,split_2,"4G0N_A_B_YA32C,CA116S,NB18R,AB32K_2356"
5416,2WPT_A_B,"['FB79A', 'DA30A']",-0.13220183551311493,1.5805168151855469,2WPT_A_B,2,split_2,"2WPT_A_B_FB79A,DA30A_103"
5417,1DVF_AB_CD,['YA49A'],1.629451870918274,0.555267333984375,1DVF_AB_CD,1,split_2,1DVF_AB_CD_YA49A_146
5418,1N8Z_AB_C,['FC539A'],0.03511854633688927,2.7684707641601562,1N8Z_AB_C,1,split_2,1N8Z_AB_C_FC539A_1331
5419,1OGA_ABC_DE,['HA151A'],0.0,0.5531082153320312,1OGA_ABC_DE,1,split_2,1OGA_ABC_DE_HA151A_1489
5420,1CHO_EFG_I,['TI14M'],3.954936981201172,1.1344528198242188,1CHO_EFG_I,1,split_2,1CHO_EFG_I_TI14M_697
5421,1JTG_A_B,"['EB73A', 'YB50A']",-1.496372938156128,-0.7910079956054688,1JTG_A_B,2,split_2,"1JTG_A_B_EB73A,YB50A_1542"
5422,1JTG_A_B,['HB148A'],3.620028495788574,0.8118362426757812,1JTG_A_B,1,split_2,1JTG_A_B_HB148A_1765
5423,2O3B_A_B,['DB75N'],5.903257846832275,0.3049659729003906,2O3B_A_B,1,split_2,2O3B_A_B_DB75N_221
5424,3QDJ_ABC_DE,"['DD26W', 'LE95W']",-2.5309700965881348,-3.4414710998535156,3QDJ_ABC_DE,2,split_2,"3QDJ_ABC_DE_DD26W,LE95W_1016"
5425,1JTG_A_B,"['NA75A', 'HB148A']",2.102992057800293,1.1223869323730469,1JTG_A_B,2,split_2,"1JTG_A_B_NA75A,HB148A_437"
5426,1CZ8_HL_VW,"['LL4M', 'DH28T', 'HH31N', 'TH105S']",0.21131277084350586,0.8535690307617188,1CZ8_HL_VW,4,split_2,"1CZ8_HL_VW_LL4M,DH28T,HH31N,TH105S_1354"
5427,1OGA_ABC_DE,['NE51A'],1.129621982574463,0.4055900573730469,1OGA_ABC_DE,1,split_2,1OGA_ABC_DE_NE51A_1273
5428,1BP3_A_B,"['QA46H', 'NA47D', 'PA48S', 'QA49E', 'LA52F']",0.2461729496717453,0.9043769836425781,1BP3_A_B,5,split_2,"1BP3_A_B_QA46H,NA47D,PA48S,QA49E,LA52F_420"
5429,1CHO_EFG_I,['LI15C'],2.6424343585968018,-0.4108085632324219,1CHO_EFG_I,1,split_2,1CHO_EFG_I_LI15C_616
5430,1CHO_EFG_I,"['LI15M', 'HI49R', 'KI52E']",-0.44068965315818787,-0.370086669921875,1CHO_EFG_I,3,split_2,"1CHO_EFG_I_LI15M,HI49R,KI52E_1071"
5431,1CHO_EFG_I,"['VI3I', 'EI7D', 'AI12V', 'TI14S', 'RI18M', 'NI25S', 'GI29S', 'EI40D', 'TI46I']",5.4266510009765625,1.0846748352050781,1CHO_EFG_I,9,split_2,"1CHO_EFG_I_VI3I,EI7D,AI12V,TI14S,RI18M,NI25S,GI29S,EI40D,TI46I_1031"
5432,1CHO_EFG_I,['AI12Q'],0.44245147705078125,0.8734359741210938,1CHO_EFG_I,1,split_2,1CHO_EFG_I_AI12Q_663
5433,1JTG_A_B,"['KA208A', 'SA209A', 'SA105A', 'RA217A']",2.788503646850586,3.6687965393066406,1JTG_A_B,4,split_2,"1JTG_A_B_KA208A,SA209A,SA105A,RA217A_351"
5434,4RA0_A_C,"['SC6G', 'GC61D', 'AC66V', 'RC101G']",0.883733868598938,-1.0115966796875,4RA0_A_C,4,split_2,"4RA0_A_C_SC6G,GC61D,AC66V,RC101G_2062"
5435,1OGA_ABC_DE,['DE52A'],0.13220183551311493,0.8027153015136719,1OGA_ABC_DE,1,split_2,1OGA_ABC_DE_DE52A_1275
5436,1JTG_A_B,['WB112A'],1.9302657842636108,0.8864326477050781,1JTG_A_B,1,split_2,1JTG_A_B_WB112A_1532
5437,2WPT_A_B,"['FB79A', 'VA34A']",3.112752914428711,3.2638931274414062,2WPT_A_B,2,split_2,"2WPT_A_B_FB79A,VA34A_105"
5438,4G0N_A_B,"['RB6A', 'DA33A']",2.5166070461273193,1.6821250915527344,4G0N_A_B,2,split_2,"4G0N_A_B_RB6A,DA33A_2297"
5439,1AK4_A_D,"['LD83T', 'VD86P', 'HD87A', 'AD88M', 'ID91L', 'AD92P', 'MD96I']",0.7422019243240356,0.017486572265625,1AK4_A_D,7,split_2,"1AK4_A_D_LD83T,VD86P,HD87A,AD88M,ID91L,AD92P,MD96I_140"
5440,4G0N_A_B,"['KB31A', 'RB36G']",5.3586249351501465,1.177337646484375,4G0N_A_B,2,split_2,"4G0N_A_B_KB31A,RB36G_2372"
5441,1CHO_EFG_I,['NI33H'],-0.7354821562767029,0.06690216064453125,1CHO_EFG_I,1,split_2,1CHO_EFG_I_NI33H_969
5442,1CHO_EFG_I,"['LI15M', 'HI49R']",0.14070072770118713,0.182525634765625,1CHO_EFG_I,2,split_2,"1CHO_EFG_I_LI15M,HI49R_1070"
5443,1JTG_A_B,"['RA217A', 'SA105A']",1.8496946096420288,2.2879066467285156,1JTG_A_B,2,split_2,"1JTG_A_B_RA217A,SA105A_343"
5444,1CHO_EFG_I,['GI29F'],0.10216860473155975,0.5368804931640625,1CHO_EFG_I,1,split_2,1CHO_EFG_I_GI29F_932
5445,4YH7_A_B,['DB7A'],1.6426256895065308,0.8777656555175781,4YH7_A_B,1,split_2,4YH7_A_B_DB7A_2192
5446,1BRS_A_D,['TD42A'],1.8576297760009766,0.4539451599121094,1BRS_A_D,1,split_2,1BRS_A_D_TD42A_29
5447,1CHO_EFG_I,"['AI12D', 'GI29A', 'NI30S']",-0.030033236369490623,5.324951171875,1CHO_EFG_I,3,split_2,"1CHO_EFG_I_AI12D,GI29A,NI30S_1055"
5448,4FTV_ABC_DE,['DD93A'],0.7796263694763184,0.4797935485839844,4FTV_ABC_DE,1,split_2,4FTV_ABC_DE_DD93A_1037
5449,4UYQ_A_B,"['LB20Y', 'LB56Y', 'SB51I', 'IB52N']",0.45153138041496277,-0.4622001647949219,4UYQ_A_B,4,split_2,"4UYQ_A_B_LB20Y,LB56Y,SB51I,IB52N_1416"
5450,2WPT_A_B,['SB70A'],-0.3026396632194519,-0.218841552734375,2WPT_A_B,1,split_2,2WPT_A_B_SB70A_122
5451,4RA0_A_C,['AC66V'],0.9311553239822388,-0.7337226867675781,4RA0_A_C,1,split_2,4RA0_A_C_AC66V_2072
5452,1WQJ_I_B,['RI49A'],0.26824522018432617,1.5516891479492188,1WQJ_I_B,1,split_2,1WQJ_I_B_RI49A_1584
5453,2GOX_A_B,['NB38A'],1.5695295333862305,1.2482948303222656,2GOX_A_B,1,split_2,2GOX_A_B_NB38A_73
5454,2WPT_A_B,['FB79A'],2.6683247089385986,1.5056877136230469,2WPT_A_B,1,split_2,2WPT_A_B_FB79A_2407
5455,1JTG_A_B,"['FB142A', 'SA105A']",2.843151092529297,2.9007492065429688,1JTG_A_B,2,split_2,"1JTG_A_B_FB142A,SA105A_405"
5456,3EG5_A_B,"['TB73N', 'SB74N', 'HB75N']",1.0535789728164673,0.2196197509765625,3EG5_A_B,3,split_2,"3EG5_A_B_TB73N,SB74N,HB75N_2297"
5457,1CHO_EFG_I,['EI16K'],3.5946455001831055,1.539093017578125,1CHO_EFG_I,1,split_2,1CHO_EFG_I_EI16K_739
5458,3QHY_A_B,['EB228A'],3.0129363536834717,1.6212234497070312,3QHY_A_B,1,split_2,3QHY_A_B_EB228A_1855
5459,1JTG_A_B,"['EB73M', 'KB74A', 'FB142A']",4.556260585784912,1.3292198181152344,1JTG_A_B,3,split_2,"1JTG_A_B_EB73M,KB74A,FB142A_570"
5460,1OGA_ABC_DE,['DE28S'],2.162247657775879,0.8841819763183594,1OGA_ABC_DE,1,split_2,1OGA_ABC_DE_DE28S_1265
5461,1CHO_EFG_I,"['TI14P', 'LI15K', 'GI29D']",9.929821014404297,7.9964141845703125,1CHO_EFG_I,3,split_2,"1CHO_EFG_I_TI14P,LI15K,GI29D_1092"
5462,4FTV_ABC_DE,"['KD66A', 'TA163A']",-2.1304590702056885,1.389923095703125,4FTV_ABC_DE,2,split_2,"4FTV_ABC_DE_KD66A,TA163A_1033"
5463,1CHO_EFG_I,"['LI15M', 'GI29D']",3.419841766357422,1.7071304321289062,1CHO_EFG_I,2,split_2,"1CHO_EFG_I_LI15M,GI29D_1076"
5464,5TAR_A_B,['EB86A'],1.1265227794647217,0.3447837829589844,5TAR_A_B,1,split_2,5TAR_A_B_EB86A_2339
5465,1BRS_A_D,['EA71A'],2.813122510910034,1.3185043334960938,1BRS_A_D,1,split_2,1BRS_A_D_EA71A_115
5466,4B0M_A_BM,['AB127G'],0.29772302508354187,-0.1417083740234375,4B0M_A_BM,1,split_2,4B0M_A_BM_AB127G_1823
5467,1JTG_A_B,['GB141A'],0.7588918209075928,-0.27100372314453125,1JTG_A_B,1,split_2,1JTG_A_B_GB141A_1534
5468,2NZ9_DC_A,['KA875A'],0.5445982217788696,0.5211257934570312,2NZ9_DC_A,1,split_2,2NZ9_DC_A_KA875A_1967
5469,1JTG_A_B,['EA79A'],2.7824625968933105,-0.24949264526367188,1JTG_A_B,1,split_2,1JTG_A_B_EA79A_1558
5470,1AK4_A_D,['PD90V'],3.0309817790985107,-0.41786956787109375,1AK4_A_D,1,split_2,1AK4_A_D_PD90V_134
5471,4G0N_A_B,"['TB15A', 'IA21A']",2.1297554969787598,2.380413055419922,4G0N_A_B,2,split_2,"4G0N_A_B_TB15A,IA21A_2290"
5472,2PCB_A_B,['EA291Q'],-0.056525953114032745,1.3342247009277344,2PCB_A_B,1,split_2,2PCB_A_B_EA291Q_196
5473,4YH7_A_B,"['EA207Q', 'RA209E', 'EA210Q']",0.038235973566770554,0.3393592834472656,4YH7_A_B,3,split_2,"4YH7_A_B_EA207Q,RA209E,EA210Q_2191"
5474,1TM3_E_I,['KI40M'],-1.0935636758804321,-1.1615982055664062,1TM3_E_I,1,split_2,1TM3_E_I_KI40M_2
5475,2QJ9_AB_C,"['RC57K', 'TC59S', 'IC61K', 'PC62A', 'HC63Q', 'QC64L', 'SC67T']",-0.7299859523773193,-0.5326728820800781,2QJ9_AB_C,7,split_2,"2QJ9_AB_C_RC57K,TC59S,IC61K,PC62A,HC63Q,QC64L,SC67T_306"
5476,1CHO_EFG_I,"['TI14P', 'LI15K', 'EI16D', 'LI20V', 'SI48N']",7.144952774047852,7.2764129638671875,1CHO_EFG_I,5,split_2,"1CHO_EFG_I_TI14P,LI15K,EI16D,LI20V,SI48N_1025"
5477,1BRS_A_D,['EA71F'],2.2351796627044678,0.3547019958496094,1BRS_A_D,1,split_2,1BRS_A_D_EA71F_75
5478,1CHO_EFG_I,['KI10P'],2.0763397216796875,1.6538810729980469,1CHO_EFG_I,1,split_2,1CHO_EFG_I_KI10P_885
5479,4B0M_A_BM,['YM37A'],1.652940034866333,1.6644515991210938,4B0M_A_BM,1,split_2,4B0M_A_BM_YM37A_1830
5480,1BP3_A_B,['KA168A'],2.022315502166748,2.369831085205078,1BP3_A_B,1,split_2,1BP3_A_B_KA168A_477
5481,1JTG_A_B,['FB142A'],2.508270740509033,1.6968727111816406,1JTG_A_B,1,split_2,1JTG_A_B_FB142A_429
5482,4G0N_A_B,"['QB13A', 'RA41A']",1.2585135698318481,2.32489013671875,4G0N_A_B,2,split_2,"4G0N_A_B_QB13A,RA41A_2312"
5483,3QDJ_ABC_DE,['GD28Y'],0.5564784407615662,1.0818023681640625,3QDJ_ABC_DE,1,split_2,3QDJ_ABC_DE_GD28Y_1010
5484,2WPT_A_B,['EA36H'],0.038235973566770554,-0.43459320068359375,2WPT_A_B,1,split_2,2WPT_A_B_EA36H_85
5485,1OGA_ABC_DE,['SE95A'],-0.035205524414777756,-0.037715911865234375,1OGA_ABC_DE,1,split_2,1OGA_ABC_DE_SE95A_1280
5486,1K8R_A_B,['SA39A'],0.7152742147445679,0.17220306396484375,1K8R_A_B,1,split_2,1K8R_A_B_SA39A_2332
5487,1CHO_EFG_I,['TI14E'],6.425761699676514,2.908061981201172,1CHO_EFG_I,1,split_2,1CHO_EFG_I_TI14E_702
5488,4RA0_A_C,"['GC61D', 'AC66V']",1.5179190635681152,-0.9151802062988281,4RA0_A_C,2,split_2,"4RA0_A_C_GC61D,AC66V_2066"
5489,1CZ8_HL_VW,"['LL4M', 'DH28T', 'HH31N']",0.45153138041496277,0.43434906005859375,1CZ8_HL_VW,3,split_2,"1CZ8_HL_VW_LL4M,DH28T,HH31N_1342"
5490,4FTV_ABC_DE,"['DD93A', 'RA65A']",0.9260520935058594,1.4554977416992188,4FTV_ABC_DE,2,split_2,"4FTV_ABC_DE_DD93A,RA65A_1039"
5491,2NY7_HL_G,"['WG13M', 'MG231A', 'CG14W', 'CG110V', 'KG66C', 'EG102C']",0.5512619614601135,-0.5057220458984375,2NY7_HL_G,6,split_2,"2NY7_HL_G_WG13M,MG231A,CG14W,CG110V,KG66C,EG102C_1952"
5492,2VN5_A_B,"['SB42A', 'TB43F', 'IA83A']",0.9193722009658813,-0.19926834106445312,2VN5_A_B,3,split_2,"2VN5_A_B_SB42A,TB43F,IA83A_1906"
5493,4FTV_ABC_DE,['RA65A'],3.8267173767089844,3.0003738403320312,4FTV_ABC_DE,1,split_2,4FTV_ABC_DE_RA65A_1035
5494,1YY9_CD_A,['SC28P'],-0.22239916026592255,0.5689201354980469,1YY9_CD_A,1,split_2,1YY9_CD_A_SC28P_1155
5495,3BN9_B_CD,['YB52A'],0.018960081040859222,0.24721908569335938,3BN9_B_CD,1,split_2,3BN9_B_CD_YB52A_303
5496,4P23_CD_AB,['ED93A'],0.09132687747478485,0.055896759033203125,4P23_CD_AB,1,split_2,4P23_CD_AB_ED93A_2033
5497,1BRS_A_D,"['RA81Q', 'ED78A']",5.764044761657715,1.2713661193847656,1BRS_A_D,2,split_2,"1BRS_A_D_RA81Q,ED78A_52"
5498,1BRS_A_D,"['HA100A', 'TD42A']",8.135626792907715,5.484958648681641,1BRS_A_D,2,split_2,"1BRS_A_D_HA100A,TD42A_63"
5499,1CHO_EFG_I,['LI15E'],6.658620357513428,3.3704681396484375,1CHO_EFG_I,1,split_2,1CHO_EFG_I_LI15E_626
5500,4FZA_A_B,['FA168E'],0.5428582429885864,0.15926742553710938,4FZA_A_B,1,split_2,4FZA_A_B_FA168E_1335
5501,1CHO_EFG_I,['TI14A'],4.158527851104736,1.9197731018066406,1CHO_EFG_I,1,split_2,1CHO_EFG_I_TI14A_690
5502,4G0N_A_B,['KB12E'],1.9169868230819702,0.9036140441894531,4G0N_A_B,1,split_2,4G0N_A_B_KB12E_2364
5503,1CHO_EFG_I,['EI16F'],3.622680902481079,1.6228561401367188,1CHO_EFG_I,1,split_2,1CHO_EFG_I_EI16F_742
5504,2WPT_A_B,"['KA17T', 'KA18T', 'RA21N', 'EA23D', 'GA24T', 'AA25S', 'TA26S', 'DA29E', 'DA30L', 'NA31V', 'RA35T', 'EA36H', 'RA39E', 'LA40M']",-8.267023086547852,-4.989143371582031,2WPT_A_B,14,split_2,"2WPT_A_B_KA17T,KA18T,RA21N,EA23D,GA24T,AA25S,TA26S,DA29E,DA30L,NA31V,RA35T,EA36H,RA39E,LA40M_142"
5505,2KSO_A_B,['KA49E'],1.3409347534179688,1.2378768920898438,2KSO_A_B,1,split_2,2KSO_A_B_KA49E_1894
5506,1JTG_A_B,"['EA85A', 'SB71A']",5.019353866577148,0.13422012329101562,1JTG_A_B,2,split_2,"1JTG_A_B_EA85A,SB71A_451"
5507,1JTG_A_B,"['EA143A', 'KB74A']",4.0619282722473145,1.1112213134765625,1JTG_A_B,2,split_2,"1JTG_A_B_EA143A,KB74A_470"
5508,1Y4A_E_I,"['SI40E', 'RI39M']",-3.549654960632324,-3.212078094482422,1Y4A_E_I,2,split_2,"1Y4A_E_I_SI40E,RI39M_14"
5509,1JTG_A_B,"['KA208A', 'SA209A', 'SA105A', 'RA217A', 'DB49A']",1.726972222328186,4.482196807861328,1JTG_A_B,5,split_2,"1JTG_A_B_KA208A,SA209A,SA105A,RA217A,DB49A_336"
5510,3BN9_B_CD,['HB138A'],0.0851014032959938,0.6503448486328125,3BN9_B_CD,1,split_2,3BN9_B_CD_HB138A_310
5511,1CHO_EFG_I,"['AI12R', 'LI15R']",4.907029151916504,6.553199768066406,1CHO_EFG_I,2,split_2,"1CHO_EFG_I_AI12R,LI15R_1110"
5512,4G0N_A_B,['KB12A'],1.83220636844635,0.801025390625,4G0N_A_B,1,split_2,4G0N_A_B_KB12A_2363
5513,1JTG_A_B,['WB112A'],3.2093722820281982,0.8864173889160156,1JTG_A_B,1,split_2,1JTG_A_B_WB112A_1759
5514,1JTG_A_B,"['DB49A', 'SA105A']",0.35808926820755005,2.2904510498046875,1JTG_A_B,2,split_2,"1JTG_A_B_DB49A,SA105A_403"
5515,1CHO_EFG_I,"['EI7D', 'TI14R', 'LI15M', 'RI18M', 'EI40D']",6.531947135925293,2.545429229736328,1CHO_EFG_I,5,split_2,"1CHO_EFG_I_EI7D,TI14R,LI15M,RI18M,EI40D_1042"
5516,1CHO_EFG_I,"['TI14P', 'LI15K']",8.366068840026855,7.133220672607422,1CHO_EFG_I,2,split_2,"1CHO_EFG_I_TI14P,LI15K_1093"
5517,4FZA_A_B,['RA217A'],1.0278971195220947,1.26263427734375,4FZA_A_B,1,split_2,4FZA_A_B_RA217A_1337
5518,1JTG_A_B,['VB93K'],-0.4757164716720581,0.2831459045410156,1JTG_A_B,1,split_2,1JTG_A_B_VB93K_478
5519,5C6T_HL_A,['IA201A'],0.8860082030296326,1.627838134765625,5C6T_HL_A,1,split_2,5C6T_HL_A_IA201A_2095
5520,3QDJ_ABC_DE,"['DD26Y', 'LE95W']",-1.9139586687088013,-3.874134063720703,3QDJ_ABC_DE,2,split_2,"3QDJ_ABC_DE_DD26Y,LE95W_1017"
5521,1JTG_A_B,['YB50A'],-2.077467203140259,-1.2344436645507812,1JTG_A_B,1,split_2,1JTG_A_B_YB50A_1776
5522,1CHO_EFG_I,['AI12F'],-0.7354821562767029,-1.1200141906738281,1CHO_EFG_I,1,split_2,1CHO_EFG_I_AI12F_666
5523,2NZ9_DC_A,['SA874A'],-0.12034162133932114,-0.14066314697265625,2NZ9_DC_A,1,split_2,2NZ9_DC_A_SA874A_1966
5524,1BP3_A_B,"['DA11A', 'MA14V', 'HA18Q', 'RA19H', 'FA25A', 'QA29K', 'EA33R']",3.6053051948547363,1.2086029052734375,1BP3_A_B,7,split_2,"1BP3_A_B_DA11A,MA14V,HA18Q,RA19H,FA25A,QA29K,EA33R_417"
5525,2O3B_A_B,['DB75E'],5.437874794006348,0.25307464599609375,2O3B_A_B,1,split_2,2O3B_A_B_DB75E_220
5526,1CHO_EFG_I,['NI33V'],0.032861582934856415,0.20392227172851562,1CHO_EFG_I,1,split_2,1CHO_EFG_I_NI33V_959
5527,1AHW_AB_C,['VC187A'],-0.3143717646598816,0.24758529663085938,1AHW_AB_C,1,split_2,1AHW_AB_C_VC187A_61
5528,1YY9_CD_A,['LD29P'],0.03084089420735836,0.9630165100097656,1YY9_CD_A,1,split_2,1YY9_CD_A_LD29P_1147
5529,1SIB_E_I,['KI46R'],-0.731526792049408,-1.6375656127929688,1SIB_E_I,1,split_2,1SIB_E_I_KI46R_1
5530,1DVF_AB_CD,['ND55A'],1.8614336252212524,-0.029727935791015625,1DVF_AB_CD,1,split_2,1DVF_AB_CD_ND55A_171
5531,1Z7X_W_X,['YW437F'],2.166057586669922,0.29937744140625,1Z7X_W_X,1,split_2,1Z7X_W_X_YW437F_316
5532,4O27_A_B,['YA215A'],1.1953110694885254,1.2973442077636719,4O27_A_B,1,split_2,4O27_A_B_YA215A_2121
5533,1BP3_A_B,['FA172A'],1.9106091260910034,1.4122123718261719,1BP3_A_B,1,split_2,1BP3_A_B_FA172A_461
5534,1CHO_EFG_I,"['AI12G', 'LI15M', 'LI20V', 'KI26I', 'EI40K']",1.1143004894256592,1.3941001892089844,1CHO_EFG_I,5,split_2,"1CHO_EFG_I_AI12G,LI15M,LI20V,KI26I,EI40K_1062"
5535,2WPT_A_B,"['NA31V', 'RA35T']",-2.5882933139801025,-0.5387916564941406,2WPT_A_B,2,split_2,"2WPT_A_B_NA31V,RA35T_87"
5536,1YY9_CD_A,['TC96P'],4.004943370819092,0.4332695007324219,1YY9_CD_A,1,split_2,1YY9_CD_A_TC96P_1157
5537,4G0N_A_B,"['FB8W', 'RB14L', 'VB16E', 'NB18R', 'KB31R', 'VB35I']",3.604046583175659,2.4706039428710938,4G0N_A_B,6,split_2,"4G0N_A_B_FB8W,RB14L,VB16E,NB18R,KB31R,VB35I_2346"
5538,1N8Z_AB_C,['HA91F'],0.032922469079494476,-0.6032600402832031,1N8Z_AB_C,1,split_2,1N8Z_AB_C_HA91F_1521
5539,3BN9_B_CD,['PD104H'],2.4283416271209717,-0.30425262451171875,3BN9_B_CD,1,split_2,3BN9_B_CD_PD104H_328
5540,1DVF_AB_CD,"['NB56A', 'QD104A']",1.48753023147583,0.6306419372558594,1DVF_AB_CD,2,split_2,"1DVF_AB_CD_NB56A,QD104A_182"
5541,4G0N_A_B,['AB32K'],-1.1089528799057007,-0.29663848876953125,4G0N_A_B,1,split_2,4G0N_A_B_AB32K_2347
5542,1MLC_AB_E,"['NA92A', 'TB28D', 'SB57V', 'TB58D', 'YB32R', 'RB98S']",1.8505626916885376,1.1684799194335938,1MLC_AB_E,6,split_2,"1MLC_AB_E_NA92A,TB28D,SB57V,TB58D,YB32R,RB98S_1472"
5543,1OGA_ABC_DE,['VA67A'],-0.13922981917858124,0.039379119873046875,1OGA_ABC_DE,1,split_2,1OGA_ABC_DE_VA67A_1476
5544,1UUZ_A_D,['HA62A'],1.774827480316162,1.5738487243652344,1UUZ_A_D,1,split_2,1UUZ_A_D_HA62A_67
5545,1CHO_EFG_I,['YI17P'],8.56564998626709,5.8491058349609375,1CHO_EFG_I,1,split_2,1CHO_EFG_I_YI17P_771
5546,1CHO_EFG_I,"['DI4N', 'EI7G', 'LI15M', 'RI18M', 'EI40D', 'KI52E']",1.913749098777771,-1.5576210021972656,1CHO_EFG_I,6,split_2,"1CHO_EFG_I_DI4N,EI7G,LI15M,RI18M,EI40D,KI52E_1044"
5547,1CZ8_HL_VW,"['LL4M', 'DH28T', 'HH31N', 'YH101H', 'TH105S']",1.7956174612045288,1.8078689575195312,1CZ8_HL_VW,5,split_2,"1CZ8_HL_VW_LL4M,DH28T,HH31N,YH101H,TH105S_1339"
5548,4JEU_A_B,['RA37C'],0.9096092581748962,0.917724609375,4JEU_A_B,1,split_2,4JEU_A_B_RA37C_1603
5549,1CHO_EFG_I,['NI33W'],2.17868709564209,0.37329864501953125,1CHO_EFG_I,1,split_2,1CHO_EFG_I_NI33W_973
5550,1JTG_A_B,"['KB74A', 'YB143A', 'EA79A']",1.0506681203842163,-0.880126953125,1JTG_A_B,3,split_2,"1JTG_A_B_KB74A,YB143A,EA79A_365"
5551,1GCQ_AB_C,['AC42G'],1.3534959554672241,-0.009685516357421875,1GCQ_AB_C,1,split_2,1GCQ_AB_C_AC42G_35
5552,1QAB_ABCD_E,"['YA114H', 'YB105H', 'YC105H', 'YD105H']",0.6891109943389893,3.2965850830078125,1QAB_ABCD_E,4,split_2,"1QAB_ABCD_E_YA114H,YB105H,YC105H,YD105H_1165"
5553,1JTG_A_B,['RB160A'],3.2549679279327393,0.5752105712890625,1JTG_A_B,1,split_2,1JTG_A_B_RB160A_1771
5554,1MLC_AB_E,"['NA92A', 'TB28D', 'SB57V', 'TB58D']",-1.6668107509613037,0.827606201171875,1MLC_AB_E,4,split_2,"1MLC_AB_E_NA92A,TB28D,SB57V,TB58D_1465"
5555,1DVF_AB_CD,['YD102A'],4.7415571212768555,1.3953208923339844,1DVF_AB_CD,1,split_2,1DVF_AB_CD_YD102A_168
5556,4G0N_A_B,['VB35A'],0.09720733761787415,0.403594970703125,4G0N_A_B,1,split_2,4G0N_A_B_VB35A_2268
5557,1BRS_A_D,['WA33F'],1.408076524734497,0.18709945678710938,1BRS_A_D,1,split_2,1BRS_A_D_WA33F_101
5558,4P23_CD_AB,['ED75A'],0.17043781280517578,0.24970626831054688,4P23_CD_AB,1,split_2,4P23_CD_AB_ED75A_2024
5559,1JTG_A_B,"['FB142A', 'EA79A', 'YA80A']",1.5050040483474731,3.4855499267578125,1JTG_A_B,3,split_2,"1JTG_A_B_FB142A,EA79A,YA80A_378"
5560,1XGT_AB_C,['LB33F'],-1.8626039028167725,-1.8592453002929688,1XGT_AB_C,1,split_2,1XGT_AB_C_LB33F_1228
5561,3KUD_A_B,"['KB30A', 'TA35A', 'NB16R']",1.5169224739074707,2.009929656982422,3KUD_A_B,3,split_2,"3KUD_A_B_KB30A,TA35A,NB16R_2183"
5562,1DVF_AB_CD,['EB98A'],4.188523769378662,1.3017158508300781,1DVF_AB_CD,1,split_2,1DVF_AB_CD_EB98A_156
5563,3EQS_A_B,['LB9A'],-0.17043781280517578,1.3252029418945312,3EQS_A_B,1,split_2,3EQS_A_B_LB9A_2199
5564,4G0N_A_B,['HA27A'],-0.2906951308250427,0.3761024475097656,4G0N_A_B,1,split_2,4G0N_A_B_HA27A_2270
5565,3QDJ_ABC_DE,['GD28L'],0.6554499864578247,1.0034751892089844,3QDJ_ABC_DE,1,split_2,3QDJ_ABC_DE_GD28L_1009
5566,1CHO_EFG_I,['AI12R'],0.46855491399765015,3.094482421875,1CHO_EFG_I,1,split_2,1CHO_EFG_I_AI12R_667
5567,1CHO_EFG_I,['EI16M'],2.6983089447021484,0.4942474365234375,1CHO_EFG_I,1,split_2,1CHO_EFG_I_EI16M_736
5568,1CHO_EFG_I,['GI29A'],-0.7716429829597473,0.7382545471191406,1CHO_EFG_I,1,split_2,1CHO_EFG_I_GI29A_1056
5569,1CHO_EFG_I,['LI15H'],3.000711679458618,2.3134765625,1CHO_EFG_I,1,split_2,1CHO_EFG_I_LI15H_627
5570,1JTG_A_B,['SB39A'],0.35178300738334656,-0.7623291015625,1JTG_A_B,1,split_2,1JTG_A_B_SB39A_1773
5571,1JTG_A_B,"['EA85A', 'SB113A', 'SB71A']",5.042290210723877,-0.5290756225585938,1JTG_A_B,3,split_2,"1JTG_A_B_EA85A,SB113A,SB71A_449"
5572,1CHO_EFG_I,['EI16G'],3.622680902481079,1.92218017578125,1CHO_EFG_I,1,split_2,1CHO_EFG_I_EI16G_727
5573,3EQS_A_B,['FB3A'],5.558497428894043,1.734954833984375,3EQS_A_B,1,split_2,3EQS_A_B_FB3A_2194
5574,1JTG_A_B,"['NA75A', 'KB74A']",3.5118329524993896,0.3374176025390625,1JTG_A_B,2,split_2,"1JTG_A_B_NA75A,KB74A_462"
5575,1JTG_A_B,['RB144A'],0.10801676660776138,-0.044971466064453125,1JTG_A_B,1,split_2,1JTG_A_B_RB144A_1537
5576,3KUD_A_B,"['KB30A', 'FB6W', 'VB14E', 'NB16R', 'VB33I']",3.9646518230438232,1.4738960266113281,3KUD_A_B,5,split_2,"3KUD_A_B_KB30A,FB6W,VB14E,NB16R,VB33I_2179"
5577,1DVF_AB_CD,['WB52A'],4.134849548339844,1.2434844970703125,1DVF_AB_CD,1,split_2,1DVF_AB_CD_WB52A_166
5578,4FTV_ABC_DE,['TA163A'],0.3611190617084503,0.5597305297851562,4FTV_ABC_DE,1,split_2,4FTV_ABC_DE_TA163A_1032
5579,1AHW_AB_C,"['KC138A', 'DC139A']",1.1820012331008911,0.6116485595703125,1AHW_AB_C,2,split_2,"1AHW_AB_C_KC138A,DC139A_49"
5580,4RA0_A_C,"['SC6G', 'AC66V']",0.6131264567375183,-0.7673301696777344,4RA0_A_C,2,split_2,"4RA0_A_C_SC6G,AC66V_2070"
5581,3QHY_A_B,['FB34A'],3.984496593475342,2.8639373779296875,3QHY_A_B,1,split_2,3QHY_A_B_FB34A_1839
5582,1JTG_A_B,"['KB74A', 'SA105A']",3.1786303520202637,1.2106285095214844,1JTG_A_B,2,split_2,"1JTG_A_B_KB74A,SA105A_404"
5583,1JTG_A_B,['WB112A'],3.420447826385498,0.8864326477050781,1JTG_A_B,1,split_2,1JTG_A_B_WB112A_1758
5584,3EQY_A_C,['YC6A'],2.5873632431030273,1.9873237609863281,3EQY_A_C,1,split_2,3EQY_A_C_YC6A_2390
5585,1DVF_AB_CD,"['DB54A', 'YC49A']",4.4948835372924805,1.3676643371582031,1DVF_AB_CD,2,split_2,"1DVF_AB_CD_DB54A,YC49A_178"
5586,3EQY_A_C,['SC11A'],0.1527513712644577,0.9795112609863281,3EQY_A_C,1,split_2,3EQY_A_C_SC11A_2395
5587,1MLC_AB_E,['NA92A'],-1.253914475440979,0.2970619201660156,1MLC_AB_E,1,split_2,1MLC_AB_E_NA92A_1449
5588,4G0N_A_B,"['YA32C', 'CA116S', 'AB32K']",-0.641829788684845,0.9355430603027344,4G0N_A_B,3,split_2,"4G0N_A_B_YA32C,CA116S,AB32K_2355"
5589,4G0N_A_B,['NB18R'],-0.6982964873313904,0.3341560363769531,4G0N_A_B,1,split_2,4G0N_A_B_NB18R_2341
5590,1JTG_A_B,"['GA212S', 'DB49A']",2.6352171897888184,0.8518257141113281,1JTG_A_B,2,split_2,"1JTG_A_B_GA212S,DB49A_317"
5591,1BRS_A_D,['RA81Q'],5.4200263023376465,0.9871330261230469,1BRS_A_D,1,split_2,1BRS_A_D_RA81Q_21
5592,3KUD_A_B,"['KB30A', 'FB6W', 'RB12L', 'NB16R', 'VB33I']",1.9666558504104614,0.5950202941894531,3KUD_A_B,5,split_2,"3KUD_A_B_KB30A,FB6W,RB12L,NB16R,VB33I_2178"
5593,1JTG_A_B,['YB143A'],0.3820299804210663,-0.4225120544433594,1JTG_A_B,1,split_2,1JTG_A_B_YB143A_355
5594,1DVF_AB_CD,"['EB98A', 'YD102A']",4.635371685028076,2.3805160522460938,1DVF_AB_CD,2,split_2,"1DVF_AB_CD_EB98A,YD102A_177"
5595,4G0N_A_B,['NB11A'],0.4360252022743225,0.09864044189453125,4G0N_A_B,1,split_2,4G0N_A_B_NB11A_2378
5596,1JTG_A_B,['GB48A'],1.9412486553192139,-0.01145172119140625,1JTG_A_B,1,split_2,1JTG_A_B_GB48A_1775
5597,1CHO_EFG_I,['KI10C'],0.5032691359519958,-0.05889129638671875,1CHO_EFG_I,1,split_2,1CHO_EFG_I_KI10C_882
5598,4G0N_A_B,"['RB14A', 'SA39A']",2.226851224899292,1.1877975463867188,4G0N_A_B,2,split_2,"4G0N_A_B_RB14A,SA39A_2309"
5599,1JTG_A_B,['FB142A'],3.239405393600464,1.6968536376953125,1JTG_A_B,1,split_2,1JTG_A_B_FB142A_1761
5600,1JTG_A_B,['GB48A'],0.19934363663196564,-0.0114593505859375,1JTG_A_B,1,split_2,1JTG_A_B_GB48A_1524
5601,1AK4_A_D,['GD89A'],2.077467203140259,0.8664169311523438,1AK4_A_D,1,split_2,1AK4_A_D_GD89A_131
5602,4P23_CD_AB,['ED2A'],1.1667990684509277,0.5524482727050781,4P23_CD_AB,1,split_2,4P23_CD_AB_ED2A_2011
5603,1BP3_A_B,['EA170A'],0.17043781280517578,-0.33722686767578125,1BP3_A_B,1,split_2,1BP3_A_B_EA170A_478
5604,1BP3_A_B,['PA59A'],0.15681762993335724,0.12412261962890625,1BP3_A_B,1,split_2,1BP3_A_B_PA59A_442
5605,1CHO_EFG_I,['YI17N'],3.000711679458618,3.2591781616210938,1CHO_EFG_I,1,split_2,1CHO_EFG_I_YI17N_775
5606,1JTG_A_B,"['RA217A', 'SA209A', 'KA208A', 'DB49A']",2.032426357269287,3.4462432861328125,1JTG_A_B,4,split_2,"1JTG_A_B_RA217A,SA209A,KA208A,DB49A_334"
5607,2B42_A_B,['HA357Q'],1.076115608215332,0.34676361083984375,2B42_A_B,1,split_2,2B42_A_B_HA357Q_142
5608,1BP3_A_B,['EA56A'],-0.1188877522945404,0.5821723937988281,1BP3_A_B,1,split_2,1BP3_A_B_EA56A_439
5609,1JTG_A_B,['WB150A'],4.984199523925781,1.5344314575195312,1JTG_A_B,1,split_2,1JTG_A_B_WB150A_1769
5610,5TAR_A_B,['WB30A'],0.659399688243866,0.9131851196289062,5TAR_A_B,1,split_2,5TAR_A_B_WB30A_2338
5611,1CHO_EFG_I,['LI15T'],4.48486852645874,0.8443374633789062,1CHO_EFG_I,1,split_2,1CHO_EFG_I_LI15T_618
5612,1BRS_A_D,['ED78A'],0.4106564223766327,0.5318031311035156,1BRS_A_D,1,split_2,1BRS_A_D_ED78A_98
5613,2NY7_HL_G,"['WG13M', 'MG231A', 'CG14W', 'CG110V']",1.1579517126083374,-0.8018302917480469,2NY7_HL_G,4,split_2,"2NY7_HL_G_WG13M,MG231A,CG14W,CG110V_1947"
5614,1QAB_ABCD_E,"['YA114F', 'YB105F', 'YC105F', 'YD105F']",-0.39396652579307556,1.6015434265136719,1QAB_ABCD_E,4,split_2,"1QAB_ABCD_E_YA114F,YB105F,YC105F,YD105F_1166"
5615,1YCS_A_B,"['MA37L', 'VA107A', 'NA143Y', 'NA172D', 'RA153S', 'HA72R']",0.5096279382705688,-0.18711471557617188,1YCS_A_B,6,split_2,"1YCS_A_B_MA37L,VA107A,NA143Y,NA172D,RA153S,HA72R_2293"
5616,1BP3_A_B,['YA160A'],0.44551658630371094,0.5594520568847656,1BP3_A_B,1,split_2,1BP3_A_B_YA160A_454
5617,1Z7X_W_X,['WW261A'],1.3359538316726685,0.009685516357421875,1Z7X_W_X,1,split_2,1Z7X_W_X_WW261A_306
5618,1JTG_A_B,['FB142A'],2.102992057800293,1.6968765258789062,1JTG_A_B,1,split_2,1JTG_A_B_FB142A_354
5619,1OGA_ABC_DE,['TA64A'],0.18642865121364594,0.3939399719238281,1OGA_ABC_DE,1,split_2,1OGA_ABC_DE_TA64A_1473
5620,1CHO_EFG_I,['LI15Q'],2.9533493518829346,1.0724143981933594,1CHO_EFG_I,1,split_2,1CHO_EFG_I_LI15Q_625
5621,1CHO_EFG_I,"['TI14M', 'LI15S', 'GI29V']",8.988038063049316,4.437374114990234,1CHO_EFG_I,3,split_2,"1CHO_EFG_I_TI14M,LI15S,GI29V_1057"
5622,3EQS_A_B,['EB5A'],1.1146223545074463,1.3798866271972656,3EQS_A_B,1,split_2,3EQS_A_B_EB5A_2195
5623,1U7F_B_AC,['DB140A'],2.6738131046295166,0.4570655822753906,1U7F_B_AC,1,split_2,1U7F_B_AC_DB140A_1740
5624,1JTG_A_B,"['EA79A', 'EB73M', 'KB74A', 'FB142A']",2.582089424133301,0.7647743225097656,1JTG_A_B,4,split_2,"1JTG_A_B_EA79A,EB73M,KB74A,FB142A_574"
5625,4E6K_AB_G,"['EA81A', 'EB81A']",2.5848121643066406,1.2790069580078125,4E6K_AB_G,2,split_2,"4E6K_AB_G_EA81A,EB81A_1576"
5626,1BRS_A_D,['KA25A'],5.3809494972229,4.635669708251953,1BRS_A_D,1,split_2,1BRS_A_D_KA25A_19
5627,3QHY_A_B,['YB151A'],3.4235925674438477,2.4928855895996094,3QHY_A_B,1,split_2,3QHY_A_B_YB151A_1848
5628,1BRS_A_D,['WA33F'],1.1124482154846191,0.18708419799804688,1BRS_A_D,1,split_2,1BRS_A_D_WA33F_110
5629,4CVW_A_C,"['LC34G', 'VC35D']",7.745464324951172,-0.3746185302734375,4CVW_A_C,2,split_2,"4CVW_A_C_LC34G,VC35D_1287"
5630,2NZ9_DC_A,['LA891A'],2.2963976860046387,2.895233154296875,2NZ9_DC_A,1,split_2,2NZ9_DC_A_LA891A_1971
5631,1K8R_A_B,['DA33A'],1.5351040363311768,1.20660400390625,1K8R_A_B,1,split_2,1K8R_A_B_DA33A_2327
5632,1Z7X_W_X,['RW457A'],0.8482471108436584,-0.144683837890625,1Z7X_W_X,1,split_2,1Z7X_W_X_RW457A_303
5633,2NY7_HL_G,"['WG13M', 'MG231A', 'CG14W', 'CG110V', 'CG27I', 'CG226Q']",0.449248343706131,-1.8949775695800781,2NY7_HL_G,6,split_2,"2NY7_HL_G_WG13M,MG231A,CG14W,CG110V,CG27I,CG226Q_1945"
5634,1DVF_AB_CD,['HA30A'],1.6501208543777466,0.5317764282226562,1DVF_AB_CD,1,split_2,1DVF_AB_CD_HA30A_144
5635,1CHO_EFG_I,['TI14Q'],3.681856870651245,1.9983673095703125,1CHO_EFG_I,1,split_2,1CHO_EFG_I_TI14Q_701
5636,2KSO_A_B,"['KA10E', 'EB27K']",0.6432303786277771,0.9690895080566406,2KSO_A_B,2,split_2,"2KSO_A_B_KA10E,EB27K_1896"
5637,1BRS_A_D,"['RA57A', 'DD35A']",6.334464073181152,4.989570617675781,1BRS_A_D,2,split_2,"1BRS_A_D_RA57A,DD35A_41"
5638,1CHO_EFG_I,['AI12C'],-0.32677778601646423,-0.3196144104003906,1CHO_EFG_I,1,split_2,1CHO_EFG_I_AI12C_653
5639,1JTG_A_B,['RA217A'],1.3393713235855103,0.7860565185546875,1JTG_A_B,1,split_2,1JTG_A_B_RA217A_340
5640,1JTG_A_B,['PA82Q'],0.46132421493530273,1.0552597045898438,1JTG_A_B,1,split_2,1JTG_A_B_PA82Q_489
5641,1X1W_A_D,['AD81E'],-0.4106564223766327,-0.577484130859375,1X1W_A_D,1,split_2,1X1W_A_D_AD81E_70
5642,1SGY_E_I,['YI13L'],-1.6760064363479614,-1.9976425170898438,1SGY_E_I,1,split_2,1SGY_E_I_YI13L_1018
5643,4G0N_A_B,['TA35A'],2.62937068939209,1.7886314392089844,4G0N_A_B,1,split_2,4G0N_A_B_TA35A_2349
5644,1BP3_A_B,['LA73A'],0.3541897237300873,0.1541900634765625,1BP3_A_B,1,split_2,1BP3_A_B_LA73A_452
5645,2WPT_A_B,['FB79A'],1.1701807975769043,1.5056877136230469,2WPT_A_B,1,split_2,2WPT_A_B_FB79A_113
5646,1BP3_A_B,['FA25A'],1.1502879858016968,-0.18663406372070312,1BP3_A_B,1,split_2,1BP3_A_B_FA25A_435
5647,2DSQ_I_G,['RI40A'],-0.08776002377271652,-0.22887802124023438,2DSQ_I_G,1,split_2,2DSQ_I_G_RI40A_1957
5648,1K8R_A_B,['EA37A'],0.30580151081085205,0.7188301086425781,1K8R_A_B,1,split_2,1K8R_A_B_EA37A_2328
5649,1CHO_EFG_I,['EI16D'],0.881759524345398,0.7024879455566406,1CHO_EFG_I,1,split_2,1CHO_EFG_I_EI16D_738
5650,1JTG_A_B,['EA85V'],-0.6724210977554321,0.6064949035644531,1JTG_A_B,1,split_2,1JTG_A_B_EA85V_491
5651,2WPT_A_B,['VB91A'],0.11930190771818161,0.9140701293945312,2WPT_A_B,1,split_2,2WPT_A_B_VB91A_117
5652,2WPT_A_B,['KB90A'],0.8012278079986572,0.8590469360351562,2WPT_A_B,1,split_2,2WPT_A_B_KB90A_128
5653,1AHW_AB_C,['LC165A'],0.9873782992362976,0.27071380615234375,1AHW_AB_C,1,split_2,1AHW_AB_C_LC165A_57
5654,1AK4_A_D,['VD86A'],0.9917506575584412,0.8625869750976562,1AK4_A_D,1,split_2,1AK4_A_D_VD86A_125
5655,1JTG_A_B,['HB41A'],3.650061845779419,1.7348709106445312,1JTG_A_B,1,split_2,1JTG_A_B_HB41A_1747
5656,2PYE_ABC_DE,"['YD32D', 'TE53I', 'LD96T', 'LD97S', 'DD98G', 'TD100S', 'LE95V']",3.368211507797241,0.19822311401367188,2PYE_ABC_DE,7,split_2,"2PYE_ABC_DE_YD32D,TE53I,LD96T,LD97S,DD98G,TD100S,LE95V_1210"
5657,1JTG_A_B,['WB162A'],2.3408265113830566,1.1670188903808594,1JTG_A_B,1,split_2,1JTG_A_B_WB162A_433
5658,1BRS_A_D,['EA71Q'],1.452102780342102,0.9277725219726562,1BRS_A_D,1,split_2,1BRS_A_D_EA71Q_67
5659,1N8Z_AB_C,['DB102W'],-0.6857352256774902,-0.7268524169921875,1N8Z_AB_C,1,split_2,1N8Z_AB_C_DB102W_1524
5660,1CHO_EFG_I,['GI29A'],-1.0918017625808716,0.7382469177246094,1CHO_EFG_I,1,split_2,1CHO_EFG_I_GI29A_917
5661,2O3B_A_B,['QB74A'],3.232964515686035,1.19140625,2O3B_A_B,1,split_2,2O3B_A_B_QB74A_219
5662,1GCQ_AB_C,['PC67A'],1.3164557218551636,0.35455322265625,1GCQ_AB_C,1,split_2,1GCQ_AB_C_PC67A_37
5663,1XGP_AB_C,['AB33I'],-2.261219024658203,-2.2043800354003906,1XGP_AB_C,1,split_2,1XGP_AB_C_AB33I_1339
5664,4FTV_ABC_DE,"['SE99G', 'AE100G', 'QE101R']",3.65146803855896,1.5749893188476562,4FTV_ABC_DE,3,split_2,"4FTV_ABC_DE_SE99G,AE100G,QE101R_1060"
5665,1CHO_EFG_I,['TI14I'],3.6518237590789795,0.6590080261230469,1CHO_EFG_I,1,split_2,1CHO_EFG_I_TI14I_696
5666,1CHO_EFG_I,['NI33L'],0.616878867149353,1.353759765625,1CHO_EFG_I,1,split_2,1CHO_EFG_I_NI33L_962
5667,1YCS_A_B,"['MA37L', 'VA107A', 'NA143Y', 'NA172D', 'FA174L']",-0.18866854906082153,0.5254058837890625,1YCS_A_B,5,split_2,"1YCS_A_B_MA37L,VA107A,NA143Y,NA172D,FA174L_2294"
5668,4G0N_A_B,"['VB16A', 'IA36A']",2.6137888431549072,2.63214111328125,4G0N_A_B,2,split_2,"4G0N_A_B_VB16A,IA36A_2301"
5669,1JTG_A_B,['RA214Y'],-0.14287693798542023,-1.7135009765625,1JTG_A_B,1,split_2,1JTG_A_B_RA214Y_488
5670,1BP3_A_B,"['QA22N', 'FA25S', 'DA26E', 'QA29S', 'EA30Q', 'EA33K']",1.6103440523147583,0.3661079406738281,1BP3_A_B,6,split_2,"1BP3_A_B_QA22N,FA25S,DA26E,QA29S,EA30Q,EA33K_423"
5671,1CHO_EFG_I,['EI16A'],2.3332483768463135,1.0017318725585938,1CHO_EFG_I,1,split_2,1CHO_EFG_I_EI16A_728
5672,3C60_CD_AB,['HC69A'],0.3591063618659973,0.8645858764648438,3C60_CD_AB,1,split_2,3C60_CD_AB_HC69A_1628
5673,1BP3_A_B,['VA181A'],0.28069448471069336,0.3841896057128906,1BP3_A_B,1,split_2,1BP3_A_B_VA181A_469
5674,4E6K_AB_G,['KG40A'],0.5019832849502563,0.5915451049804688,4E6K_AB_G,1,split_2,4E6K_AB_G_KG40A_1580
5675,4RA0_A_C,"['GC61D', 'AC66V', 'RC101G']",1.5820304155349731,-1.1124458312988281,4RA0_A_C,3,split_2,"4RA0_A_C_GC61D,AC66V,RC101G_2060"
5676,1OGA_ABC_DE,['SD29A'],0.6276386380195618,0.2882804870605469,1OGA_ABC_DE,1,split_2,1OGA_ABC_DE_SD29A_1283
5677,4G0N_A_B,"['TB15A', 'EA31A']",1.5513603687286377,1.9399528503417969,4G0N_A_B,2,split_2,"4G0N_A_B_TB15A,EA31A_2295"
5678,4G0N_A_B,['VB16A'],0.9681078195571899,1.3010025024414062,4G0N_A_B,1,split_2,4G0N_A_B_VB16A_2266
5679,1CHO_EFG_I,['AI12P'],3.1089653968811035,2.5594558715820312,1CHO_EFG_I,1,split_2,1CHO_EFG_I_AI12P_656
5680,1CHO_EFG_I,['GI29E'],2.6158030033111572,1.4697227478027344,1CHO_EFG_I,1,split_2,1CHO_EFG_I_GI29E_930
5681,1CHO_EFG_I,['GI29P'],0.32409724593162537,0.9073104858398438,1CHO_EFG_I,1,split_2,1CHO_EFG_I_GI29P_922
5682,1JTG_A_B,"['EA85A', 'SB113A']",4.565590858459473,-0.3945732116699219,1JTG_A_B,2,split_2,"1JTG_A_B_EA85A,SB113A_450"
5683,1JTG_A_B,"['RA217A', 'SA209A', 'SA105A']",1.6881089210510254,2.9330596923828125,1JTG_A_B,3,split_2,"1JTG_A_B_RA217A,SA209A,SA105A_346"
5684,3BN9_B_CD,['TB93A'],1.1325596570968628,0.16397857666015625,3BN9_B_CD,1,split_2,3BN9_B_CD_TB93A_309
5685,1BP3_A_B,"['KA164A', 'EA170A']",5.407962322235107,-0.4613037109375,1BP3_A_B,2,split_2,"1BP3_A_B_KA164A,EA170A_480"
5686,1K8R_A_B,['EA63A'],0.4096648693084717,0.6235427856445312,1K8R_A_B,1,split_2,1K8R_A_B_EA63A_2338
5687,4G0N_A_B,"['NB11A', 'VA45A']",0.0,0.114990234375,4G0N_A_B,2,split_2,"4G0N_A_B_NB11A,VA45A_2313"
5688,1CHO_EFG_I,['LI15Y'],-2.2250730991363525,2.3276634216308594,1CHO_EFG_I,1,split_2,1CHO_EFG_I_LI15Y_630
5689,1CT0_E_I,['SI13L'],-4.1582350730896,-3.964008331298828,1CT0_E_I,1,split_2,1CT0_E_I_SI13L_1080
5690,3QHY_A_B,['YB33A'],2.9032068252563477,2.267505645751953,3QHY_A_B,1,split_2,3QHY_A_B_YB33A_1838
5691,4G0N_A_B,['VB35I'],0.551903486251831,-0.4611625671386719,4G0N_A_B,1,split_2,4G0N_A_B_VB35I_2340
5692,1BRS_A_D,['EA71C'],2.528761625289917,-0.057621002197265625,1BRS_A_D,1,split_2,1BRS_A_D_EA71C_78
5693,1BRS_A_D,['HA100Q'],4.550590991973877,1.0676803588867188,1BRS_A_D,1,split_2,1BRS_A_D_HA100Q_85
5694,4UYQ_A_B,"['AB18F', 'AB54F', 'SB51I', 'IB52N']",4.892280101776123,3.260143280029297,4UYQ_A_B,4,split_2,"4UYQ_A_B_AB18F,AB54F,SB51I,IB52N_1415"
5695,1CHO_EFG_I,['YI17G'],3.176107168197632,4.040035247802734,1CHO_EFG_I,1,split_2,1CHO_EFG_I_YI17G_765
5696,1CZ8_HL_VW,"['LL4M', 'DH28T', 'HH31N', 'YH103R']",0.6219692230224609,1.3958053588867188,1CZ8_HL_VW,4,split_2,"1CZ8_HL_VW_LL4M,DH28T,HH31N,YH103R_1341"
5697,1CHO_EFG_I,"['EI7G', 'LI15M', 'RI18M', 'EI40D', 'KI52E']",1.8910470008850098,-1.0199851989746094,1CHO_EFG_I,5,split_2,"1CHO_EFG_I_EI7G,LI15M,RI18M,EI40D,KI52E_1043"
5698,1CHO_EFG_I,['YI17D'],6.1120476722717285,4.486610412597656,1CHO_EFG_I,1,split_2,1CHO_EFG_I_YI17D_1096
5699,1CZ8_HL_VW,"['LL4M', 'YH101H', 'TH105S']",1.10240638256073,2.0158309936523438,1CZ8_HL_VW,3,split_2,"1CZ8_HL_VW_LL4M,YH101H,TH105S_1347"
5700,1CHO_EFG_I,['AI12N'],-0.28890854120254517,2.2030906677246094,1CHO_EFG_I,1,split_2,1CHO_EFG_I_AI12N_660
5701,4FTV_ABC_DE,"['DD93A', 'RA65A']",1.4018852710723877,1.4555130004882812,4FTV_ABC_DE,2,split_2,"4FTV_ABC_DE_DD93A,RA65A_1036"
5702,1MLC_AB_E,"['NA92A', 'TB28D', 'SB57V', 'TB58D', 'NA32L']",-2.5854651927948,1.7828254699707031,1MLC_AB_E,5,split_2,"1MLC_AB_E_NA92A,TB28D,SB57V,TB58D,NA32L_1466"
5703,4RA0_A_C,"['SC6G', 'GC61D', 'AC66V']",1.4648281335830688,-1.1326484680175781,4RA0_A_C,3,split_2,"4RA0_A_C_SC6G,GC61D,AC66V_2063"
5704,1CHO_EFG_I,['RI18E'],3.5196218490600586,0.4787101745605469,1CHO_EFG_I,1,split_2,1CHO_EFG_I_RI18E_817
5705,2NZ9_DC_A,['DA1030A'],-0.03130663186311722,0.3368034362792969,2NZ9_DC_A,1,split_2,2NZ9_DC_A_DA1030A_1979
5706,1BP3_A_B,['FA54A'],0.20951473712921143,1.0649948120117188,1BP3_A_B,1,split_2,1BP3_A_B_FA54A_437
5707,1JTG_A_B,['YB143A'],1.5581531524658203,-0.422515869140625,1JTG_A_B,1,split_2,1JTG_A_B_YB143A_1786
5708,2WPT_A_B,"['EA14Q', 'FA15L', 'KA17T', 'KA18T', 'RA21N', 'EA23D', 'GA24T', 'AA25S', 'TA26S', 'DA29E', 'DA30L', 'NA31V', 'RA35T', 'EA36H', 'RA39E', 'LA40M', 'DA45S', 'RA54K', 'DA55E', 'DA56G', 'RA57D', 'EA58D']",-7.97938346862793,-3.7921600341796875,2WPT_A_B,22,split_2,"2WPT_A_B_EA14Q,FA15L,KA17T,KA18T,RA21N,EA23D,GA24T,AA25S,TA26S,DA29E,DA30L,NA31V,RA35T,EA36H,RA39E,LA40M,DA45S,RA54K,DA55E,DA56G,RA57D,EA58D_146"
5709,4YH7_A_B,['DB258A'],1.5910756587982178,0.3083381652832031,4YH7_A_B,1,split_2,4YH7_A_B_DB258A_2194
5710,4L3E_ABC_DE,['YD26A'],2.784808874130249,2.141387939453125,4L3E_ABC_DE,1,split_2,4L3E_ABC_DE_YD26A_1023
5711,3KUD_A_B,['NB16R'],-0.7980764508247375,0.48691558837890625,3KUD_A_B,1,split_2,3KUD_A_B_NB16R_2181
5712,4HFK_A_BD,['RB22A'],1.39213228225708,1.2019271850585938,4HFK_A_BD,1,split_2,4HFK_A_BD_RB22A_1370
5713,1CHO_EFG_I,['TI14W'],4.158527851104736,1.9077720642089844,1CHO_EFG_I,1,split_2,1CHO_EFG_I_TI14W_707
5714,2DSQ_I_G,['RI20A'],0.06113170459866524,0.3743171691894531,2DSQ_I_G,1,split_2,2DSQ_I_G_RI20A_1955
5715,1CZ8_HL_VW,"['LL4M', 'HH31N', 'YH101H', 'TH105S']",1.5754839181900024,1.5587577819824219,1CZ8_HL_VW,4,split_2,"1CZ8_HL_VW_LL4M,HH31N,YH101H,TH105S_1352"
5716,1FCC_A_C,['EC27A'],4.938011169433594,-0.5820503234863281,1FCC_A_C,1,split_2,1FCC_A_C_EC27A_571
5717,1K8R_A_B,['EA31K'],0.17093296349048615,1.5044212341308594,1K8R_A_B,1,split_2,1K8R_A_B_EA31K_2325
5718,1JTG_A_B,['RB160A'],1.8312941789627075,0.5752029418945312,1JTG_A_B,1,split_2,1JTG_A_B_RB160A_1540
5719,1CHO_EFG_I,['PI11F'],-0.3075406551361084,-0.18748855590820312,1CHO_EFG_I,1,split_2,1CHO_EFG_I_PI11F_856
5720,1ACB_E_I,['LI38S'],5.020848274230957,1.2477951049804688,1ACB_E_I,1,split_2,1ACB_E_I_LI38S_7
5721,1CHO_EFG_I,['GI29N'],0.9535146951675415,1.1307868957519531,1CHO_EFG_I,1,split_2,1CHO_EFG_I_GI29N_926
5722,2C5D_A_C,"['VC66A', 'GC101R']",-0.6562855839729309,0.7806320190429688,2C5D_A_C,2,split_2,"2C5D_A_C_VC66A,GC101R_1663"
5723,2C5D_A_C,"['GC6S', 'DC61G']",-0.5295441746711731,0.2263946533203125,2C5D_A_C,2,split_2,"2C5D_A_C_GC6S,DC61G_1659"
5724,3KUD_A_B,"['YA32C', 'CA118S', 'NB16R']",-0.03591717779636383,1.6524848937988281,3KUD_A_B,3,split_2,"3KUD_A_B_YA32C,CA118S,NB16R_2189"
5725,1K8R_A_B,['DA38E'],3.437662124633789,1.3836326599121094,1K8R_A_B,1,split_2,1K8R_A_B_DA38E_2330
5726,4G0N_A_B,['QB13A'],2.7857210636138916,1.1488037109375,4G0N_A_B,1,split_2,4G0N_A_B_QB13A_2368
5727,1BP3_A_B,"['FA54H', 'SA55T', 'EA56S', 'IA58L', 'PA59A', 'SA62E', 'NA63D', 'RA64K', 'EA66Q', 'TA67A', 'KA70M', 'SA71N', 'NA72Q', 'LA73K', 'EA74D']",0.3541897237300873,1.4349212646484375,1BP3_A_B,15,split_2,"1BP3_A_B_FA54H,SA55T,EA56S,IA58L,PA59A,SA62E,NA63D,RA64K,EA66Q,TA67A,KA70M,SA71N,NA72Q,LA73K,EA74D_424"
5728,2WPT_A_B,['SB67A'],-0.8493078947067261,-0.061931610107421875,2WPT_A_B,1,split_2,2WPT_A_B_SB67A_108
5729,1CHO_EFG_I,['LI15G'],6.085373401641846,3.212879180908203,1CHO_EFG_I,1,split_2,1CHO_EFG_I_LI15G_613
5730,1JTG_A_B,"['DB49A', 'KA208A']",1.6006518602371216,1.6680564880371094,1JTG_A_B,2,split_2,"1JTG_A_B_DB49A,KA208A_394"
5731,1BP3_A_B,['GA183A'],0.0,0.06764984130859375,1BP3_A_B,1,split_2,1BP3_A_B_GA183A_471
5732,2VLP_A_B,['AB54R'],-1.6664471626281738,-1.202667236328125,2VLP_A_B,1,split_2,2VLP_A_B_AB54R_192
5733,4O27_A_B,['EB122A'],0.3016909658908844,-0.06534576416015625,4O27_A_B,1,split_2,4O27_A_B_EB122A_2124
5734,4B0M_A_BM,"['PM98S', 'PM99A']",2.0725505352020264,0.8016319274902344,4B0M_A_BM,2,split_2,"4B0M_A_BM_PM98S,PM99A_1828"
5735,2QJ9_AB_C,"['AC43T', 'MC47L', 'KC48G', 'YC49L']",-0.46220648288726807,-0.13241958618164062,2QJ9_AB_C,4,split_2,"2QJ9_AB_C_AC43T,MC47L,KC48G,YC49L_307"
5736,1YY9_CD_A,['AC25P'],0.07228799909353256,0.5189971923828125,1YY9_CD_A,1,split_2,1YY9_CD_A_AC25P_1153
5737,1JTG_A_B,"['MA104A', 'YB53A']",3.6092748641967773,3.9944534301757812,1JTG_A_B,2,split_2,"1JTG_A_B_MA104A,YB53A_442"
5738,4L3E_ABC_DE,['EA166A'],1.2175184488296509,1.8941574096679688,4L3E_ABC_DE,1,split_2,4L3E_ABC_DE_EA166A_1029
5739,1OGA_ABC_DE,['AA150G'],0.448542982339859,0.5105247497558594,1OGA_ABC_DE,1,split_2,1OGA_ABC_DE_AA150G_1488
5740,1CHO_EFG_I,['NI33Q'],-0.18487930297851562,0.049983978271484375,1CHO_EFG_I,1,split_2,1CHO_EFG_I_NI33Q_967
5741,1DVF_AB_CD,"['WB52A', 'QD104A']",4.164727210998535,1.5316276550292969,1DVF_AB_CD,2,split_2,"1DVF_AB_CD_WB52A,QD104A_183"
5742,1JTG_A_B,['KB74A'],4.092513084411621,-0.14116287231445312,1JTG_A_B,1,split_2,1JTG_A_B_KB74A_1756
5743,1BRS_A_D,"['KA25A', 'YD29A']",8.624588966369629,6.156017303466797,1BRS_A_D,2,split_2,"1BRS_A_D_KA25A,YD29A_33"
5744,1OGA_ABC_DE,['TA163A'],0.3215610086917877,-0.134490966796875,1OGA_ABC_DE,1,split_2,1OGA_ABC_DE_TA163A_1494
5745,1BRS_A_D,"['RA85A', 'ED74A']",6.866451263427734,3.2743148803710938,1BRS_A_D,2,split_2,"1BRS_A_D_RA85A,ED74A_57"
5746,1CZ8_HL_VW,"['LL4M', 'DH28T', 'HH31N', 'TH105N', 'YH103R', 'GH104D']",0.7997667789459229,1.4882011413574219,1CZ8_HL_VW,6,split_2,"1CZ8_HL_VW_LL4M,DH28T,HH31N,TH105N,YH103R,GH104D_1356"
5747,1BP3_A_B,['EA66A'],0.06778264045715332,0.2929344177246094,1BP3_A_B,1,split_2,1BP3_A_B_EA66A_447
5748,1Z7X_W_X,['KW320A'],1.3213245868682861,-0.38300323486328125,1Z7X_W_X,1,split_2,1Z7X_W_X_KW320A_311
5749,1CHO_EFG_I,['RI18L'],2.8305108547210693,-0.26758575439453125,1CHO_EFG_I,1,split_2,1CHO_EFG_I_RI18L_810
5750,1CHO_EFG_I,['RI18S'],3.1865932941436768,-0.062397003173828125,1CHO_EFG_I,1,split_2,1CHO_EFG_I_RI18S_805
5751,4JFD_ABC_DE,"['AC4G', 'TC9A']",0.016232576221227646,0.8356895446777344,4JFD_ABC_DE,2,split_2,"4JFD_ABC_DE_AC4G,TC9A_1070"
5752,5TAR_A_B,['IB127A'],-0.02633553557097912,0.8390235900878906,5TAR_A_B,1,split_2,5TAR_A_B_IB127A_2342
5753,1JTG_A_B,['SB113A'],-0.16837136447429657,-0.3740386962890625,1JTG_A_B,1,split_2,1JTG_A_B_SB113A_428
5754,2WPT_A_B,"['DA29E', 'DA30L', 'NA31V', 'RA35T', 'EA36H', 'RA39E', 'LA40M', 'DA45S', 'RA54K', 'DA55E', 'DA56G', 'RA57D', 'EA58D']",-5.201869487762451,-4.806861877441406,2WPT_A_B,13,split_2,"2WPT_A_B_DA29E,DA30L,NA31V,RA35T,EA36H,RA39E,LA40M,DA45S,RA54K,DA55E,DA56G,RA57D,EA58D_136"
5755,3QHY_A_B,['WB13A'],2.8636953830718994,0.8676834106445312,3QHY_A_B,1,split_2,3QHY_A_B_WB13A_1836
5756,1CHO_EFG_I,['PI11N'],-0.7799875140190125,-0.9012069702148438,1CHO_EFG_I,1,split_2,1CHO_EFG_I_PI11N_850
5757,1BRS_A_D,['EA71A'],1.897843837738037,1.3185043334960938,1BRS_A_D,1,split_2,1BRS_A_D_EA71A_106
5758,1CZ8_HL_VW,['LL4M'],0.04087496176362038,0.7105293273925781,1CZ8_HL_VW,1,split_2,1CZ8_HL_VW_LL4M_1351
5759,1JTG_A_B,['EA143A'],-0.07258199155330658,1.3421440124511719,1JTG_A_B,1,split_2,1JTG_A_B_EA143A_418
5760,1MLC_AB_E,['TB31W'],0.13220183551311493,-0.18529129028320312,1MLC_AB_E,1,split_2,1MLC_AB_E_TB31W_1458
5761,1AHW_AB_C,['YC146A'],-1.8898556232452393,0.6606063842773438,1AHW_AB_C,1,split_2,1AHW_AB_C_YC146A_52
5762,2C5D_A_C,"['DC61G', 'VC66A']",-1.040370225906372,1.118194580078125,2C5D_A_C,2,split_2,"2C5D_A_C_DC61G,VC66A_1664"
5763,3QHY_A_B,['YB168A'],1.7433984279632568,2.2722511291503906,3QHY_A_B,1,split_2,3QHY_A_B_YB168A_1850
5764,1BRS_A_D,"['EA71F', 'DD35A']",6.410199165344238,5.096279144287109,1BRS_A_D,2,split_2,"1BRS_A_D_EA71F,DD35A_77"
5765,4G0N_A_B,['IA36A'],1.7429593801498413,1.5417098999023438,4G0N_A_B,1,split_2,4G0N_A_B_IA36A_2273
5766,1OGA_ABC_DE,['YE97F'],0.5006897449493408,0.3153877258300781,1OGA_ABC_DE,1,split_2,1OGA_ABC_DE_YE97F_1294
5767,1JTG_A_B,['YB143A'],0.8916863799095154,-0.4225044250488281,1JTG_A_B,1,split_2,1JTG_A_B_YB143A_1785
5768,1QAB_ABCD_E,"['LA55P', 'LB46P', 'LC46P', 'LD46P']",0.37579625844955444,1.7460136413574219,1QAB_ABCD_E,4,split_2,"1QAB_ABCD_E_LA55P,LB46P,LC46P,LD46P_1159"
5769,2WPT_A_B,['RA35A'],-1.1109310388565063,0.4118919372558594,2WPT_A_B,1,split_2,2WPT_A_B_RA35A_95
5770,4GU0_A_E,"['LE20A', 'TE22A', 'RE26A']",0.916396975517273,1.1575431823730469,4GU0_A_E,3,split_2,"4GU0_A_E_LE20A,TE22A,RE26A_2107"
5771,1JTG_A_B,"['NA75A', 'RB160A']",1.5768485069274902,0.8643646240234375,1JTG_A_B,2,split_2,"1JTG_A_B_NA75A,RB160A_461"
5772,1JTG_A_B,"['EA143A', 'RB160A']",2.3189265727996826,1.6438636779785156,1JTG_A_B,2,split_2,"1JTG_A_B_EA143A,RB160A_469"
5773,3BN9_B_CD,['QB218A'],0.7060266137123108,0.2243804931640625,3BN9_B_CD,1,split_2,3BN9_B_CD_QB218A_319
5774,1JTG_A_B,['FB36A'],2.5961403846740723,1.895416259765625,1JTG_A_B,1,split_2,1JTG_A_B_FB36A_1521
5775,1JTG_A_B,['YB50A'],-2.1198689937591553,-1.2344512939453125,1JTG_A_B,1,split_2,1JTG_A_B_YB50A_1777
5776,1BRS_A_D,['ED74A'],0.8235527276992798,0.7538337707519531,1BRS_A_D,1,split_2,1BRS_A_D_ED74A_97
5777,1CHO_EFG_I,"['KI10T', 'PI11E', 'AI12Y']",-0.9422295689582825,-1.5239830017089844,1CHO_EFG_I,3,split_2,"1CHO_EFG_I_KI10T,PI11E,AI12Y_1418"
5778,2G2W_A_B,['KA79D'],0.4528871178627014,-0.7673568725585938,2G2W_A_B,1,split_2,2G2W_A_B_KA79D_265
5779,2NY7_HL_G,"['KG66C', 'EG102C', 'WG13M', 'MG231A', 'CG14W', 'CG110V', 'CG27I', 'CG226Q']",0.3999813199043274,-1.6631355285644531,2NY7_HL_G,8,split_2,"2NY7_HL_G_KG66C,EG102C,WG13M,MG231A,CG14W,CG110V,CG27I,CG226Q_1948"
5780,4G0N_A_B,"['VB16A', 'EA37A']",2.7103421688079834,1.6274490356445312,4G0N_A_B,2,split_2,"4G0N_A_B_VB16A,EA37A_2304"
5781,1CHO_EFG_I,['TI14L'],4.4166107177734375,1.1436653137207031,1CHO_EFG_I,1,split_2,1CHO_EFG_I_TI14L_695
5782,1N8Z_AB_C,['SC535A'],0.03084089420735836,0.3890838623046875,1N8Z_AB_C,1,split_2,1N8Z_AB_C_SC535A_1329
5783,1JTG_A_B,['YB53A'],3.2093722820281982,2.3480911254882812,1JTG_A_B,1,split_2,1JTG_A_B_YB53A_1752
5784,1JTG_A_B,"['KB74A', 'FB142A', 'YB143A', 'KA208A']",5.472614765167236,2.325847625732422,1JTG_A_B,4,split_2,"1JTG_A_B_KB74A,FB142A,YB143A,KA208A_401"
5785,1K8R_A_B,['YA40F'],1.4919975996017456,1.7205314636230469,1K8R_A_B,1,split_2,1K8R_A_B_YA40F_2334
5786,5C6T_HL_A,['YH98A'],1.7174487113952637,1.4029579162597656,5C6T_HL_A,1,split_2,5C6T_HL_A_YH98A_2099
5787,1Z7X_W_X,"['WW438A', 'SW439A', 'EW440A']",1.972199559211731,2.316242218017578,1Z7X_W_X,3,split_2,"1Z7X_W_X_WW438A,SW439A,EW440A_302"
5788,4E6K_AB_G,['YG2F'],0.6969138979911804,0.3392143249511719,4E6K_AB_G,1,split_2,4E6K_AB_G_YG2F_1579
5789,4RA0_A_C,"['SC6G', 'GC61D', 'AC66V']",0.8267732858657837,-1.1326522827148438,4RA0_A_C,3,split_2,"4RA0_A_C_SC6G,GC61D,AC66V_2068"
5790,2WPT_A_B,['SB77A'],-0.09360992908477783,0.7805099487304688,2WPT_A_B,1,split_2,2WPT_A_B_SB77A_112
5791,2NZ9_DC_A,['FA925A'],3.364515542984009,3.674022674560547,2NZ9_DC_A,1,split_2,2NZ9_DC_A_FA925A_1974
5792,1JTG_A_B,"['RA217A', 'SA209A', 'SA105A', 'DB49A']",0.8942657113075256,3.2272720336914062,1JTG_A_B,4,split_2,"1JTG_A_B_RA217A,SA209A,SA105A,DB49A_331"
5793,1OGA_ABC_DE,['AA69G'],0.4271910488605499,0.8683738708496094,1OGA_ABC_DE,1,split_2,1OGA_ABC_DE_AA69G_1478
5794,1CHO_EFG_I,['AI12Y'],-0.8755311369895935,-0.20441436767578125,1CHO_EFG_I,1,split_2,1CHO_EFG_I_AI12Y_668
5795,1JTG_A_B,['RA217A'],1.2657638788223267,0.7860603332519531,1JTG_A_B,1,split_2,1JTG_A_B_RA217A_384
5796,1CHO_EFG_I,['PI11Y'],-0.3950939476490021,-0.5777320861816406,1CHO_EFG_I,1,split_2,1CHO_EFG_I_PI11Y_858
5797,1DVF_AB_CD,['DB100A'],2.7907631397247314,2.9726715087890625,1DVF_AB_CD,1,split_2,1DVF_AB_CD_DB100A_167
5798,1CHO_EFG_I,['KI10S'],-0.42663875222206116,-0.01255035400390625,1CHO_EFG_I,1,split_2,1CHO_EFG_I_KI10S_881
5799,2C5D_A_C,['GC101R'],-0.018230730667710304,0.030765533447265625,2C5D_A_C,1,split_2,2C5D_A_C_GC101R_1658
5800,1JTG_A_B,"['NA75A', 'WB162A']",2.102992057800293,1.1916580200195312,1JTG_A_B,2,split_2,"1JTG_A_B_NA75A,WB162A_460"
5801,1CHO_EFG_I,['GI29V'],0.5925281047821045,1.4146995544433594,1CHO_EFG_I,1,split_2,1CHO_EFG_I_GI29V_1095
5802,3BN9_B_CD,['DB47A'],0.3112468421459198,1.0489692687988281,3BN9_B_CD,1,split_2,3BN9_B_CD_DB47A_299
5803,1BRS_A_D,"['EA71F', 'DD39A']",7.471730709075928,2.2208213806152344,1BRS_A_D,2,split_2,"1BRS_A_D_EA71F,DD39A_76"
5804,3KUD_A_B,"['KB30A', 'FB6W']",2.167797565460205,0.2265625,3KUD_A_B,2,split_2,"3KUD_A_B_KB30A,FB6W_2173"
5805,2NY7_HL_G,"['CG27I', 'CG226Q']",0.1998084932565689,-1.4818115234375,2NY7_HL_G,2,split_2,"2NY7_HL_G_CG27I,CG226Q_1951"
5806,1BRS_A_D,['RA57A'],4.635371685028076,-0.10327529907226562,1BRS_A_D,1,split_2,1BRS_A_D_RA57A_84
5807,1OGA_ABC_DE,['NE51D'],0.49543678760528564,-0.18175506591796875,1OGA_ABC_DE,1,split_2,1OGA_ABC_DE_NE51D_1274
5808,2C5D_A_C,"['EC33R', 'TC51R']",6.113513946533203,1.8382949829101562,2C5D_A_C,2,split_2,"2C5D_A_C_EC33R,TC51R_1670"
5809,3D5S_A_C,['AC31R'],-2.2467401027679443,-0.06328964233398438,3D5S_A_C,1,split_2,3D5S_A_C_AC31R_74
5810,3PWP_ABC_DE,"['GC2L', 'IC9V']",-0.38579463958740234,1.27703857421875,3PWP_ABC_DE,2,split_2,"3PWP_ABC_DE_GC2L,IC9V_1079"
5811,1JTG_A_B,"['GA212S', 'FB142A']",3.681856870651245,1.9499168395996094,1JTG_A_B,2,split_2,"1JTG_A_B_GA212S,FB142A_318"
5812,1KAC_A_B,['SA87Y'],-1.2527592182159424,-1.1228790283203125,1KAC_A_B,1,split_2,1KAC_A_B_SA87Y_1021
5813,3C60_CD_AB,['RD90A'],0.04742145910859108,-0.007915496826171875,3C60_CD_AB,1,split_2,3C60_CD_AB_RD90A_1652
5814,1OGA_ABC_DE,['QD32A'],1.001283884048462,0.4144096374511719,1OGA_ABC_DE,1,split_2,1OGA_ABC_DE_QD32A_1296
5815,1OGA_ABC_DE,['YE97A'],0.2325739562511444,0.9585952758789062,1OGA_ABC_DE,1,split_2,1OGA_ABC_DE_YE97A_1281
5816,1DVF_AB_CD,['YA32A'],2.031278610229492,1.3711585998535156,1DVF_AB_CD,1,split_2,1DVF_AB_CD_YA32A_145
5817,1JTG_A_B,['WB150A'],4.573543071746826,1.5344352722167969,1JTG_A_B,1,split_2,1JTG_A_B_WB150A_1768
5818,1CHO_EFG_I,['KI10L'],0.3806231915950775,-0.44879913330078125,1CHO_EFG_I,1,split_2,1CHO_EFG_I_KI10L_886
5819,1CHO_EFG_I,['GI29V'],0.7019242644309998,1.4147109985351562,1CHO_EFG_I,1,split_2,1CHO_EFG_I_GI29V_920
5820,4FTV_ABC_DE,['QE101E'],0.05646670609712601,-0.009311676025390625,4FTV_ABC_DE,1,split_2,4FTV_ABC_DE_QE101E_1063
5821,4N8V_G_ABC,['PG10A'],-0.21667437255382538,0.5366325378417969,4N8V_G_ABC,1,split_2,4N8V_G_ABC_PG10A_1275
5822,4YH7_A_B,"['MB45A', 'YB47A', 'PB58A', 'FB61A']",1.733952522277832,2.5803184509277344,4YH7_A_B,4,split_2,"4YH7_A_B_MB45A,YB47A,PB58A,FB61A_2193"
5823,1CHO_EFG_I,"['EI7D', 'LI15M', 'RI18M', 'EI40D']",2.728342294692993,-0.3023681640625,1CHO_EFG_I,4,split_2,"1CHO_EFG_I_EI7D,LI15M,RI18M,EI40D_1039"
5824,1JTG_A_B,['YA80A'],-0.0947713777422905,2.3584327697753906,1JTG_A_B,1,split_2,1JTG_A_B_YA80A_1559
5825,1BRS_A_D,"['RA81Q', 'DD39A']",6.439105033874512,2.613262176513672,1BRS_A_D,2,split_2,"1BRS_A_D_RA81Q,DD39A_49"
5826,1YY9_CD_A,['WD52P'],1.4789330959320068,1.06353759765625,1YY9_CD_A,1,split_2,1YY9_CD_A_WD52P_1148
5827,3BN9_B_CD,['RB219A'],-0.09374012798070908,0.0009002685546875,3BN9_B_CD,1,split_2,3BN9_B_CD_RB219A_320
5828,1CHO_EFG_I,['NI33S'],-1.4767104387283325,-0.4096221923828125,1CHO_EFG_I,1,split_2,1CHO_EFG_I_NI33S_957
5829,4G0N_A_B,"['TB15A', 'IA36A']",3.000670909881592,2.086505889892578,4G0N_A_B,2,split_2,"4G0N_A_B_TB15A,IA36A_2300"
5830,4FTV_ABC_DE,"['EA63Q', 'KA66A']",1.3316361904144287,1.2117805480957031,4FTV_ABC_DE,2,split_2,"4FTV_ABC_DE_EA63Q,KA66A_1041"
5831,3C60_CD_AB,['NC63A'],0.9535146951675415,1.657684326171875,3C60_CD_AB,1,split_2,3C60_CD_AB_NC63A_1625
5832,1JTG_A_B,"['NA75A', 'FB142A']",2.2936041355133057,1.9084243774414062,1JTG_A_B,2,split_2,"1JTG_A_B_NA75A,FB142A_463"
5833,1JTG_A_B,['YB50A'],-0.4069419801235199,-1.2344474792480469,1JTG_A_B,1,split_2,1JTG_A_B_YB50A_423
5834,1MLC_AB_E,"['NA92A', 'TB28D', 'SB57V', 'TB58D', 'SA91N']",1.8505626916885376,0.7659530639648438,1MLC_AB_E,5,split_2,"1MLC_AB_E_NA92A,TB28D,SB57V,TB58D,SA91N_1469"
5835,2WPT_A_B,['SA47A'],2.4257025718688965,1.7553138732910156,2WPT_A_B,1,split_2,2WPT_A_B_SA47A_98
5836,2B12_A_B,['YB87F'],-1.5754839181900024,-0.44586181640625,2B12_A_B,1,split_2,2B12_A_B_YB87F_195
5837,3C60_CD_AB,['PD75A'],0.0,-0.011737823486328125,3C60_CD_AB,1,split_2,3C60_CD_AB_PD75A_1644
5838,1JTG_A_B,"['KB74A', 'YB143A', 'RA217A']",4.373137474060059,0.1066436767578125,1JTG_A_B,3,split_2,"1JTG_A_B_KB74A,YB143A,RA217A_390"
5839,1N8Z_AB_C,['NA30S'],0.06411135196685791,0.2904243469238281,1N8Z_AB_C,1,split_2,1N8Z_AB_C_NA30S_1520
5840,4G0N_A_B,['KB31E'],5.0657782554626465,1.5636444091796875,4G0N_A_B,1,split_2,4G0N_A_B_KB31E_2371
5841,1JTG_A_B,['HB148A'],3.8750691413879395,0.81182861328125,1JTG_A_B,1,split_2,1JTG_A_B_HB148A_1766
5842,2WPT_A_B,['DA48A'],5.216465950012207,3.9112777709960938,2WPT_A_B,1,split_2,2WPT_A_B_DA48A_99
5843,3C60_CD_AB,['FD1A'],0.0,-0.39386749267578125,3C60_CD_AB,1,split_2,3C60_CD_AB_FD1A_1631
5844,1BP3_A_B,['SA71A'],0.6138347387313843,0.4572105407714844,1BP3_A_B,1,split_2,1BP3_A_B_SA71A_451
5845,1CHO_EFG_I,['TI14E'],4.895524978637695,2.9080429077148438,1CHO_EFG_I,1,split_2,1CHO_EFG_I_TI14E_1097
5846,1GCQ_AB_C,['PC19A'],0.08525039255619049,0.5051803588867188,1GCQ_AB_C,1,split_2,1GCQ_AB_C_PC19A_39
5847,1DVF_AB_CD,['WB52A'],4.134849548339844,1.24346923828125,1DVF_AB_CD,1,split_2,1DVF_AB_CD_WB52A_152
5848,4B0M_A_BM,['PM98S'],0.7580751776695251,0.2704963684082031,4B0M_A_BM,1,split_2,4B0M_A_BM_PM98S_1825
5849,4G0N_A_B,['RB14A'],2.3276431560516357,1.50762939453125,4G0N_A_B,1,split_2,4G0N_A_B_RB14A_2366
5850,2WPT_A_B,['RA35T'],-1.038295030593872,-0.2747650146484375,2WPT_A_B,1,split_2,2WPT_A_B_RA35T_84
5851,4KRL_A_B,['DB112A'],0.6499726176261902,1.5726776123046875,4KRL_A_B,1,split_2,4KRL_A_B_DB112A_2110
5852,1JTG_A_B,['WB112A'],3.0105111598968506,0.8864364624023438,1JTG_A_B,1,split_2,1JTG_A_B_WB112A_427
5853,3M63_A_B,['VA106A'],1.83893883228302,1.1223487854003906,3M63_A_B,1,split_2,3M63_A_B_VA106A_1314
5854,3C60_CD_AB,['VC66A'],1.2502000331878662,0.7559738159179688,3C60_CD_AB,1,split_2,3C60_CD_AB_VC66A_1626
5855,4RA0_A_C,"['SC6G', 'AC66V', 'RC101G']",0.44268864393234253,-0.8268699645996094,4RA0_A_C,3,split_2,"4RA0_A_C_SC6G,AC66V,RC101G_2069"
5856,3EQS_A_B,['TB1A'],0.39184683561325073,1.5007057189941406,3EQS_A_B,1,split_2,3EQS_A_B_TB1A_2192
5857,2P5E_ABC_DE,"['TD52Q', 'PD53S', 'WD54S', 'AE49G', 'IE50A', 'QE51G', 'TE52I', 'LD96T', 'LD97S', 'DD98G', 'TD100S', 'LE94V']",7.9558820724487305,0.7667579650878906,2P5E_ABC_DE,12,split_2,"2P5E_ABC_DE_TD52Q,PD53S,WD54S,AE49G,IE50A,QE51G,TE52I,LD96T,LD97S,DD98G,TD100S,LE94V_1204"
5858,1BRS_A_D,['RA57A'],4.890589714050293,-0.10327911376953125,1BRS_A_D,1,split_2,1BRS_A_D_RA57A_113
5859,1DVF_AB_CD,['YA50A'],0.6880815625190735,0.4639320373535156,1DVF_AB_CD,1,split_2,1DVF_AB_CD_YA50A_147
5860,2WPT_A_B,['NB65A'],0.9178253412246704,0.8061447143554688,2WPT_A_B,1,split_2,2WPT_A_B_NB65A_107
5861,1JTG_A_B,"['KB74A', 'FB142A', 'YB143A', 'SA105A']",5.066775321960449,2.287525177001953,1JTG_A_B,4,split_2,"1JTG_A_B_KB74A,FB142A,YB143A,SA105A_410"
5862,1MLC_AB_E,"['NA92A', 'TB28D', 'SB57V', 'TB58D', 'RB98M', 'DB100Q']",-0.4106564223766327,1.5068130493164062,1MLC_AB_E,6,split_2,"1MLC_AB_E_NA92A,TB28D,SB57V,TB58D,RB98M,DB100Q_1471"
5863,3QHY_A_B,['NB72A'],1.6057047843933105,0.6173095703125,3QHY_A_B,1,split_2,3QHY_A_B_NB72A_1841
5864,1JTG_A_B,['SB71A'],0.5910182595252991,-0.3017082214355469,1JTG_A_B,1,split_2,1JTG_A_B_SB71A_1781
5865,3EQY_A_C,['EC5A'],1.2231920957565308,1.5076789855957031,3EQY_A_C,1,split_2,3EQY_A_C_EC5A_2389
5866,2NY7_HL_G,"['WG13M', 'SG92T', 'WG181S', 'MG231A', 'CG14W', 'CG110V', 'CG27I', 'CG226Q']",-0.3037257194519043,-1.9113960266113281,2NY7_HL_G,8,split_2,"2NY7_HL_G_WG13M,SG92T,WG181S,MG231A,CG14W,CG110V,CG27I,CG226Q_1944"
5867,1CHO_EFG_I,['PI11I'],-0.5110632181167603,0.3614654541015625,1CHO_EFG_I,1,split_2,1CHO_EFG_I_PI11I_848
5868,1JTG_A_B,['DB49A'],2.185483932495117,0.474151611328125,1JTG_A_B,1,split_2,1JTG_A_B_DB49A_1525
5869,1YY9_CD_A,"['TC31E', 'NC93A']",-0.8188995718955994,2.56500244140625,1YY9_CD_A,2,split_2,"1YY9_CD_A_TC31E,NC93A_1482"
5870,1JTG_A_B,"['KA208A', 'DB49A']",1.5540213584899902,1.6684417724609375,1JTG_A_B,2,split_2,"1JTG_A_B_KA208A,DB49A_326"
5871,1JTG_A_B,"['SA209A', 'KA208A', 'DB49A']",1.5348256826400757,2.3873367309570312,1JTG_A_B,3,split_2,"1JTG_A_B_SA209A,KA208A,DB49A_329"
5872,1CHO_EFG_I,['AI12D'],0.0,4.320621490478516,1CHO_EFG_I,1,split_2,1CHO_EFG_I_AI12D_661
5873,1OGA_ABC_DE,['SD30A'],1.001283884048462,0.24235916137695312,1OGA_ABC_DE,1,split_2,1OGA_ABC_DE_SD30A_1295
5874,4G0N_A_B,['RB6A'],2.039231300354004,1.2316513061523438,4G0N_A_B,1,split_2,4G0N_A_B_RB6A_2377
5875,1BP3_A_B,"['FA97R', 'AA98G', 'NA99M', 'SA100Q', 'LA101D', 'VA102A', 'YA103P', 'GA104E']",0.38309553265571594,0.8428268432617188,1BP3_A_B,8,split_2,"1BP3_A_B_FA97R,AA98G,NA99M,SA100Q,LA101D,VA102A,YA103P,GA104E_426"
5876,1CHO_EFG_I,['LI15S'],4.986851692199707,1.7636566162109375,1CHO_EFG_I,1,split_2,1CHO_EFG_I_LI15S_615
5877,1JTG_A_B,['RB144A'],1.1825987100601196,-0.044979095458984375,1JTG_A_B,1,split_2,1JTG_A_B_RB144A_1787
5878,4L3E_ABC_DE,['YE48A'],2.228330373764038,0.9606895446777344,4L3E_ABC_DE,1,split_2,4L3E_ABC_DE_YE48A_1020
5879,2WPT_A_B,['SB71A'],-0.04087496176362038,-0.3262290954589844,2WPT_A_B,1,split_2,2WPT_A_B_SB71A_123
5880,1JTG_A_B,['KA208A'],1.0270099639892578,1.4032020568847656,1JTG_A_B,1,split_2,1JTG_A_B_KA208A_393
5881,3C60_CD_AB,['ED94A'],0.0,-0.05335235595703125,3C60_CD_AB,1,split_2,3C60_CD_AB_ED94A_1654
5882,3BN9_B_CD,['QB140A'],0.1331643909215927,0.23347091674804688,3BN9_B_CD,1,split_2,3BN9_B_CD_QB140A_311
5883,1CHO_EFG_I,['RI18P'],7.289410591125488,6.8550567626953125,1CHO_EFG_I,1,split_2,1CHO_EFG_I_RI18P_809
5884,1JTG_A_B,['EA79A'],1.7679566144943237,-0.24949264526367188,1JTG_A_B,1,split_2,1JTG_A_B_EA79A_414
5885,1FCC_A_C,['KC31A'],3.477555513381958,0.6817855834960938,1FCC_A_C,1,split_2,1FCC_A_C_KC31A_573
5886,1JTG_A_B,['TB140K'],-0.014392253942787647,0.10445404052734375,1JTG_A_B,1,split_2,1JTG_A_B_TB140K_479
5887,1JTG_A_B,['YA80A'],-0.16837136447429657,2.3584327697753906,1JTG_A_B,1,split_2,1JTG_A_B_YA80A_368
5888,1CHO_EFG_I,['KI10Y'],1.0752625465393066,-0.5244598388671875,1CHO_EFG_I,1,split_2,1CHO_EFG_I_KI10Y_896
5889,2KSO_A_B,"['KA49D', 'DB36K']",0.176107257604599,2.5527610778808594,2KSO_A_B,2,split_2,"2KSO_A_B_KA49D,DB36K_1897"
5890,1JTG_A_B,['FB142A'],3.4651825428009033,1.6968765258789062,1JTG_A_B,1,split_2,1JTG_A_B_FB142A_1762
5891,1CHO_EFG_I,['GI29L'],1.7506893873214722,1.7689132690429688,1CHO_EFG_I,1,split_2,1CHO_EFG_I_GI29L_923
5892,1KAC_A_B,['PA15S'],-0.793380618095398,-0.7794151306152344,1KAC_A_B,1,split_2,1KAC_A_B_PA15S_1020
5893,1YQV_HL_Y,"['RY68K', 'TY40S', 'IY55V', 'SY91T']",5.097285270690918,2.2920265197753906,1YQV_HL_Y,4,split_2,"1YQV_HL_Y_RY68K,TY40S,IY55V,SY91T_2352"
5894,1CHO_EFG_I,['AI12W'],-1.9253305196762085,0.037811279296875,1CHO_EFG_I,1,split_2,1CHO_EFG_I_AI12W_669
5895,1OGA_ABC_DE,['RA65A'],-0.3654748499393463,2.5158004760742188,1OGA_ABC_DE,1,split_2,1OGA_ABC_DE_RA65A_1474
5896,4KRL_A_B,['RB30A'],1.7210599184036255,0.4234580993652344,4KRL_A_B,1,split_2,4KRL_A_B_RB30A_2109
5897,1JTG_A_B,['EA79A'],1.8279184103012085,-0.24951171875,1JTG_A_B,1,split_2,1JTG_A_B_EA79A_564
5898,1JTG_A_B,"['DB49A', 'RA217A']",1.0992237329483032,1.0211029052734375,1JTG_A_B,2,split_2,"1JTG_A_B_DB49A,RA217A_385"
5899,3C60_CD_AB,['KD7A'],2.151184558868408,0.2570953369140625,3C60_CD_AB,1,split_2,3C60_CD_AB_KD7A_1635
5900,1Z7X_W_X,['WW318A'],0.9934704303741455,0.8714485168457031,1Z7X_W_X,1,split_2,1Z7X_W_X_WW318A_310
5901,2NZ9_DC_A,['EA892A'],2.790327548980713,3.516887664794922,2NZ9_DC_A,1,split_2,2NZ9_DC_A_EA892A_1972
5902,4G0N_A_B,['TB15A'],1.4525357484817505,1.0628395080566406,4G0N_A_B,1,split_2,4G0N_A_B_TB15A_2265
5903,1BRS_A_D,['RA85A'],5.564701080322266,2.8190574645996094,1BRS_A_D,1,split_2,1BRS_A_D_RA85A_22
5904,1JTG_A_B,"['QA74A', 'WB162A']",2.8912806510925293,1.5733871459960938,1JTG_A_B,2,split_2,"1JTG_A_B_QA74A,WB162A_455"
5905,1XGP_AB_C,['AB33V'],-1.1530953645706177,-1.1809158325195312,1XGP_AB_C,1,split_2,1XGP_AB_C_AB33V_1340
5906,3KUD_A_B,"['YA32C', 'CA118S']",0.9101451635360718,2.0974578857421875,3KUD_A_B,2,split_2,"3KUD_A_B_YA32C,CA118S_2188"
5907,1DVF_AB_CD,['YB101F'],2.0132148265838623,1.347381591796875,1DVF_AB_CD,1,split_2,1DVF_AB_CD_YB101F_159
5908,1AK4_A_D,['HD87A'],1.009981393814087,0.9794578552246094,1AK4_A_D,1,split_2,1AK4_A_D_HD87A_126
5909,1JTG_A_B,"['VA190A', 'YB50A']",-0.8855306506156921,-1.0286102294921875,1JTG_A_B,2,split_2,"1JTG_A_B_VA190A,YB50A_448"
5910,1JTG_A_B,['KB74A'],3.974159002304077,-0.14117431640625,1JTG_A_B,1,split_2,1JTG_A_B_KB74A_1755
5911,1CHO_EFG_I,"['RI18V', 'LI20I']",2.1671829223632812,0.13590240478515625,1CHO_EFG_I,2,split_2,"1CHO_EFG_I_RI18V,LI20I_1058"
5912,1JTG_A_B,"['EA79K', 'FB142A']",4.554719924926758,2.3748703002929688,1JTG_A_B,2,split_2,"1JTG_A_B_EA79K,FB142A_320"
5913,1CHO_EFG_I,"['AI12R', 'TI14P', 'LI15R']",8.920000076293945,9.78293228149414,1CHO_EFG_I,3,split_2,"1CHO_EFG_I_AI12R,TI14P,LI15R_997"
5914,1JTG_A_B,"['KB74A', 'EA79A']",1.5768485069274902,-0.10116958618164062,1JTG_A_B,2,split_2,"1JTG_A_B_KB74A,EA79A_361"
5915,1JTG_A_B,['WB150A'],4.984199523925781,1.5344390869140625,1JTG_A_B,1,split_2,1JTG_A_B_WB150A_1767
5916,1CHO_EFG_I,"['YI8H', 'YI17D', 'TI27I', 'GI29S', 'NI33D', 'VI39L']",6.88686990737915,5.490116119384766,1CHO_EFG_I,6,split_2,"1CHO_EFG_I_YI8H,YI17D,TI27I,GI29S,NI33D,VI39L_1073"
5917,1FCC_A_C,['KC28A'],1.2561542987823486,0.29637908935546875,1FCC_A_C,1,split_2,1FCC_A_C_KC28A_572
5918,3QDJ_ABC_DE,['FE97W'],0.38962042331695557,1.0149307250976562,3QDJ_ABC_DE,1,split_2,3QDJ_ABC_DE_FE97W_1006
5919,1JTG_A_B,"['KB74A', 'YB143A', 'SA105A']",3.7284178733825684,0.4263267517089844,1JTG_A_B,3,split_2,"1JTG_A_B_KB74A,YB143A,SA105A_408"
5920,2J12_A_B,['SA116A'],0.9535146951675415,0.6844558715820312,2J12_A_B,1,split_2,2J12_A_B_SA116A_1086
5921,1BRS_A_D,"['EA71W', 'DD39A']",6.665239334106445,1.7930717468261719,1BRS_A_D,2,split_2,"1BRS_A_D_EA71W,DD39A_71"
5922,1BRS_A_D,['WD38F'],1.6426256895065308,1.0141258239746094,1BRS_A_D,1,split_2,1BRS_A_D_WD38F_27
5923,1BRS_A_D,['RA57A'],5.18367338180542,-0.103271484375,1BRS_A_D,1,split_2,1BRS_A_D_RA57A_104
5924,1BRS_A_D,['HA100G'],6.820855617523193,4.330131530761719,1BRS_A_D,1,split_2,1BRS_A_D_HA100G_87
5925,1CHO_EFG_I,['AI12H'],-0.32677778601646423,1.5175666809082031,1CHO_EFG_I,1,split_2,1CHO_EFG_I_AI12H_665
5926,1UUZ_A_D,['HA62Q'],1.5196093320846558,0.7203254699707031,1UUZ_A_D,1,split_2,1UUZ_A_D_HA62Q_64
5927,3C60_CD_AB,['KC40A'],1.5944323539733887,0.7737236022949219,3C60_CD_AB,1,split_2,3C60_CD_AB_KC40A_1620
5928,1YY9_CD_A,"['SC26D', 'TC31E', 'NC93A']",-1.3335405588150024,2.2751235961914062,1YY9_CD_A,3,split_2,"1YY9_CD_A_SC26D,TC31E,NC93A_1483"
5929,1CHO_EFG_I,['EI16L'],2.8690428733825684,0.9212875366210938,1CHO_EFG_I,1,split_2,1CHO_EFG_I_EI16L_734
5930,1JTG_A_B,"['KB74A', 'FB142A', 'YB143A', 'RA217A']",5.257837295532227,1.7511405944824219,1JTG_A_B,4,split_2,"1JTG_A_B_KB74A,FB142A,YB143A,RA217A_392"
5931,1Z7X_W_X,['SW289A'],0.8143835067749023,-0.12058258056640625,1Z7X_W_X,1,split_2,1Z7X_W_X_SW289A_309
5932,1JTG_A_B,"['FB142A', 'YA80A']",0.6943662762641907,3.525806427001953,1JTG_A_B,2,split_2,"1JTG_A_B_FB142A,YA80A_370"
5933,1MLC_AB_E,"['SB57V', 'TB58D']",-0.988170862197876,0.30611419677734375,1MLC_AB_E,2,split_2,"1MLC_AB_E_SB57V,TB58D_1460"
5934,1DVF_AB_CD,"['DB100A', 'ND55A']",4.092513084411621,2.961944580078125,1DVF_AB_CD,2,split_2,"1DVF_AB_CD_DB100A,ND55A_187"
5935,2WPT_A_B,['SB67A'],0.5810942649841309,-0.061923980712890625,2WPT_A_B,1,split_2,2WPT_A_B_SB67A_120
5936,1JTG_A_B,['KA208A'],1.4172372817993164,1.4031906127929688,1JTG_A_B,1,split_2,1JTG_A_B_KA208A_341
5937,4JEU_A_B,"['LB147A', 'EB148A']",1.1937333345413208,0.9043006896972656,4JEU_A_B,2,split_2,"4JEU_A_B_LB147A,EB148A_1604"
5938,1AK4_A_D,['ID91A'],0.2402186095714569,0.6216621398925781,1AK4_A_D,1,split_2,1AK4_A_D_ID91A_135
5939,2VN5_A_B,"['SB42A', 'TB43F', 'FB17A', 'LB45A']",4.963521957397461,0.28585052490234375,2VN5_A_B,4,split_2,"2VN5_A_B_SB42A,TB43F,FB17A,LB45A_1920"
5940,1BP3_A_B,['SA57A'],0.034860171377658844,0.11266326904296875,1BP3_A_B,1,split_2,1BP3_A_B_SA57A_440
5941,1CHO_EFG_I,['KI10G'],1.8224222660064697,-0.44004058837890625,1CHO_EFG_I,1,split_2,1CHO_EFG_I_KI10G_879
5942,1CHO_EFG_I,"['EI7D', 'AI12V', 'EI16D', 'RI18M', 'KI26T', 'GI29S', 'EI40D', 'LI45I']",5.681691646575928,0.39247894287109375,1CHO_EFG_I,8,split_2,"1CHO_EFG_I_EI7D,AI12V,EI16D,RI18M,KI26T,GI29S,EI40D,LI45I_1087"
5943,1BRS_A_D,"['RA57A', 'ED74A']",4.970293045043945,1.1555633544921875,1BRS_A_D,2,split_2,"1BRS_A_D_RA57A,ED74A_44"
5944,1AK4_A_D,['PD93A'],0.6829072833061218,-0.2951240539550781,1AK4_A_D,1,split_2,1AK4_A_D_PD93A_139
5945,1CHO_EFG_I,['YI17E'],5.015994548797607,3.833141326904297,1CHO_EFG_I,1,split_2,1CHO_EFG_I_YI17E_779
5946,1JTG_A_B,"['PA82A', 'YB53A']",2.3889827728271484,3.2170791625976562,1JTG_A_B,2,split_2,"1JTG_A_B_PA82A,YB53A_447"
5947,2KSO_A_B,"['KA10D', 'DB25K']",0.38742002844810486,1.338897705078125,2KSO_A_B,2,split_2,"2KSO_A_B_KA10D,DB25K_1895"
5948,3M63_A_B,"['GB8F', 'QB9K', 'SB65Q', 'HB67V', 'VB69M']",0.1871277093887329,0.7074737548828125,3M63_A_B,5,split_2,"3M63_A_B_GB8F,QB9K,SB65Q,HB67V,VB69M_1317"
5949,4L3E_ABC_DE,"['ND52A', 'EA166A']",1.0916823148727417,2.4524269104003906,4L3E_ABC_DE,2,split_2,"4L3E_ABC_DE_ND52A,EA166A_1030"
5950,2C5D_A_C,"['GC6S', 'VC66A', 'GC101R']",-0.7966970801353455,0.6738357543945312,2C5D_A_C,3,split_2,"2C5D_A_C_GC6S,VC66A,GC101R_1666"
5951,1OGA_ABC_DE,['QE48A'],2.162247657775879,0.6767654418945312,1OGA_ABC_DE,1,split_2,1OGA_ABC_DE_QE48A_1266
5952,1OGA_ABC_DE,['EA63A'],-0.018160870298743248,0.025836944580078125,1OGA_ABC_DE,1,split_2,1OGA_ABC_DE_EA63A_1472
5953,1OGA_ABC_DE,['YE97F'],0.49543678760528564,0.315399169921875,1OGA_ABC_DE,1,split_2,1OGA_ABC_DE_YE97F_1282
5954,1JTG_A_B,"['QA74A', 'HB148A']",3.2014195919036865,1.0466346740722656,1JTG_A_B,2,split_2,"1JTG_A_B_QA74A,HB148A_434"
5955,1CHO_EFG_I,['KI10E'],0.18104250729084015,0.10676956176757812,1CHO_EFG_I,1,split_2,1CHO_EFG_I_KI10E_892
5956,1BRS_A_D,"['EA71Q', 'DD39A']",7.207326889038086,3.0110626220703125,1BRS_A_D,2,split_2,"1BRS_A_D_EA71Q,DD39A_68"
5957,2C5D_A_C,"['GC6S', 'VC66A']",-0.8469958901405334,0.5176162719726562,2C5D_A_C,2,split_2,"2C5D_A_C_GC6S,VC66A_1660"
5958,1N8Z_AB_C,['YB109V'],0.22304488718509674,0.5121650695800781,1N8Z_AB_C,1,split_2,1N8Z_AB_C_YB109V_1526
5959,1CHO_EFG_I,['TI14G'],5.294449329376221,3.2401161193847656,1CHO_EFG_I,1,split_2,1CHO_EFG_I_TI14G_689
5960,1N8Z_AB_C,['RB59A'],1.774827480316162,-0.3654670715332031,1N8Z_AB_C,1,split_2,1N8Z_AB_C_RB59A_1540
5961,1CHO_EFG_I,"['TI14P', 'LI15K', 'EI16D', 'LI20V', 'GI29S', 'SI48N']",7.522779941558838,7.540943145751953,1CHO_EFG_I,6,split_2,"1CHO_EFG_I_TI14P,LI15K,EI16D,LI20V,GI29S,SI48N_1026"
5962,3BN9_B_CD,['FB89A'],0.6395281553268433,0.8238754272460938,3BN9_B_CD,1,split_2,3BN9_B_CD_FB89A_305
5963,1YY9_CD_A,['GD54P'],0.2681904733181,0.0470123291015625,1YY9_CD_A,1,split_2,1YY9_CD_A_GD54P_1150
5964,4CVW_A_C,['RC27A'],1.8287239074707031,0.030994415283203125,4CVW_A_C,1,split_2,4CVW_A_C_RC27A_1281
5965,3QHY_A_B,['IB189A'],3.067734956741333,2.5934104919433594,3QHY_A_B,1,split_2,3QHY_A_B_IB189A_1852
5966,4G0N_A_B,"['QB13A', 'VA45A']",1.5513603687286377,1.4511489868164062,4G0N_A_B,2,split_2,"4G0N_A_B_QB13A,VA45A_2314"
5967,1JTG_A_B,"['VA190A', 'FB142A']",2.1983838081359863,1.5440559387207031,1JTG_A_B,2,split_2,"1JTG_A_B_VA190A,FB142A_475"
5968,1BP3_A_B,['HA21A'],-0.17779755592346191,0.4577140808105469,1BP3_A_B,1,split_2,1BP3_A_B_HA21A_474
5969,2WPT_A_B,"['SB77A', 'NA31A']",-0.43725475668907166,1.0077247619628906,2WPT_A_B,2,split_2,"2WPT_A_B_SB77A,NA31A_2411"
5970,1CHO_EFG_I,"['EI7G', 'LI15M', 'YI17S', 'LI20I', 'KI26T', 'GI29S', 'HI49Y', 'FI50P', 'KI52V']",2.79435658454895,3.6977462768554688,1CHO_EFG_I,9,split_2,"1CHO_EFG_I_EI7G,LI15M,YI17S,LI20I,KI26T,GI29S,HI49Y,FI50P,KI52V_1065"
5971,1JTG_A_B,"['KB74A', 'YB143A', 'YA80A']",3.3951475620269775,0.4492149353027344,1JTG_A_B,3,split_2,"1JTG_A_B_KB74A,YB143A,YA80A_373"
5972,1JTG_A_B,"['KB74A', 'FB142A', 'YB143A', 'EA79A']",2.3889827728271484,0.69964599609375,1JTG_A_B,4,split_2,"1JTG_A_B_KB74A,FB142A,YB143A,EA79A_367"
5973,1BP3_A_B,['NA12A'],-0.2966853082180023,0.004009246826171875,1BP3_A_B,1,split_2,1BP3_A_B_NA12A_429
5974,3UIH_A_P,"['KA58Y', 'HA76W']",-1.0724024772644043,-0.027130126953125,3UIH_A_P,2,split_2,"3UIH_A_P_KA58Y,HA76W_1822"
5975,1CHO_EFG_I,"['LI15S', 'RI18V', 'LI20I']",7.224715232849121,1.5628852844238281,1CHO_EFG_I,3,split_2,"1CHO_EFG_I_LI15S,RI18V,LI20I_1059"
5976,1JTG_A_B,"['RA217A', 'SA209A', 'KA208A']",2.7169570922851562,2.641307830810547,1JTG_A_B,3,split_2,"1JTG_A_B_RA217A,SA209A,KA208A_349"
5977,2O3B_A_B,['EB24D'],0.5993249416351318,-0.0034942626953125,2O3B_A_B,1,split_2,2O3B_A_B_EB24D_217
5978,2NZ9_DC_A,['FA889A'],-0.04996808245778084,0.6863746643066406,2NZ9_DC_A,1,split_2,2NZ9_DC_A_FA889A_1969
5979,1BP3_A_B,['FA172A'],1.945265293121338,1.4121971130371094,1BP3_A_B,1,split_2,1BP3_A_B_FA172A_479
5980,1DVF_AB_CD,['NB56A'],1.162959337234497,0.051448822021484375,1DVF_AB_CD,1,split_2,1DVF_AB_CD_NB56A_154
5981,4L3E_ABC_DE,['RA65A'],1.3017500638961792,2.942005157470703,4L3E_ABC_DE,1,split_2,4L3E_ABC_DE_RA65A_1019
5982,1BRS_A_D,['DA52A'],-0.16740736365318298,0.82843017578125,1BRS_A_D,1,split_2,1BRS_A_D_DA52A_111
5983,1JTG_A_B,['SB39A'],-0.3026396632194519,-0.7623329162597656,1JTG_A_B,1,split_2,1JTG_A_B_SB39A_1522
5984,1BRS_A_D,"['RA85A', 'DD39A']",7.185323715209961,4.587005615234375,1BRS_A_D,2,split_2,"1BRS_A_D_RA85A,DD39A_55"
5985,4P23_CD_AB,['QD4A'],0.6829072833061218,0.61138916015625,4P23_CD_AB,1,split_2,4P23_CD_AB_QD4A_2012
5986,2NZ9_DC_A,['SA927A'],-0.07911093533039093,-0.0552825927734375,2NZ9_DC_A,1,split_2,2NZ9_DC_A_SA927A_1976
5987,1CHO_EFG_I,['KI10N'],-0.3609865605831146,-0.2722892761230469,1CHO_EFG_I,1,split_2,1CHO_EFG_I_KI10N_889
5988,1BRS_A_D,"['RA57A', 'TD42A']",6.820855617523193,0.8909454345703125,1BRS_A_D,2,split_2,"1BRS_A_D_RA57A,TD42A_43"
5989,4P23_CD_AB,['KC40A'],1.1937333345413208,0.8935890197753906,4P23_CD_AB,1,split_2,4P23_CD_AB_KC40A_1999
5990,2KSO_A_B,['KA49D'],1.3409347534179688,1.0523033142089844,2KSO_A_B,1,split_2,2KSO_A_B_KA49D_1893
5991,3KUD_A_B,['TA35A'],1.991344928741455,2.212688446044922,3KUD_A_B,1,split_2,3KUD_A_B_TA35A_2184
5992,2O3B_A_B,"['QB74A', 'WB76A']",5.755609512329102,3.003936767578125,2O3B_A_B,2,split_2,"2O3B_A_B_QB74A,WB76A_223"
5993,1BP3_A_B,['NA63A'],0.856173038482666,0.4748954772949219,1BP3_A_B,1,split_2,1BP3_A_B_NA63A_444
5994,1CHO_EFG_I,['NI33E'],2.3332483768463135,-0.18834304809570312,1CHO_EFG_I,1,split_2,1CHO_EFG_I_NI33E_968
5995,2WPT_A_B,['TB80A'],0.22690452635288239,0.9766464233398438,2WPT_A_B,1,split_2,2WPT_A_B_TB80A_126
5996,1OGA_ABC_DE,['YE97A'],0.20047320425510406,0.9586219787597656,1OGA_ABC_DE,1,split_2,1OGA_ABC_DE_YE97A_1293
5997,3QDJ_ABC_DE,['AC2L'],2.299999237060547,-2.689655303955078,3QDJ_ABC_DE,1,split_2,3QDJ_ABC_DE_AC2L_1077
5998,1CHO_EFG_I,['GI29W'],1.0566304922103882,1.3708038330078125,1CHO_EFG_I,1,split_2,1CHO_EFG_I_GI29W_935
5999,1QAB_ABCD_E,"['DA99A', 'DB90A', 'DC90A', 'DD90A']",1.7057868242263794,0.5388031005859375,1QAB_ABCD_E,4,split_2,"1QAB_ABCD_E_DA99A,DB90A,DC90A,DD90A_1163"
6000,1CHO_EFG_I,['KI10Q'],-0.5728914737701416,-0.31241607666015625,1CHO_EFG_I,1,split_2,1CHO_EFG_I_KI10Q_891
6001,1CHO_EFG_I,['KI10M'],0.4262188971042633,-0.6835479736328125,1CHO_EFG_I,1,split_2,1CHO_EFG_I_KI10M_888
6002,1BP3_A_B,['FA10A'],0.0,1.0855941772460938,1BP3_A_B,1,split_2,1BP3_A_B_FA10A_428
6003,1BP3_A_B,"['YA111V', 'LA113I', 'KA115E', 'DA116Q', 'EA118K', 'EA119R', 'RA120L', 'QA122E', 'TA123G', 'GA126L', 'RA127I', 'EA129S']",-0.3929699659347534,0.07757568359375,1BP3_A_B,12,split_2,"1BP3_A_B_YA111V,LA113I,KA115E,DA116Q,EA118K,EA119R,RA120L,QA122E,TA123G,GA126L,RA127I,EA129S_427"
6004,4G0N_A_B,['KB31A'],2.039231300354004,1.1173858642578125,4G0N_A_B,1,split_2,4G0N_A_B_KB31A_2381
6005,3EQY_A_C,['LC10A'],2.324615240097046,1.5315361022949219,3EQY_A_C,1,split_2,3EQY_A_C_LC10A_2394
6006,1K8R_A_B,['QB11A'],1.7981401681900024,-0.07580947875976562,1K8R_A_B,1,split_2,1K8R_A_B_QB11A_2319
6007,1CHO_EFG_I,"['KI10R', 'PI11F', 'AI12R', 'TI14K', 'LI15R']",8.097977638244629,7.226696014404297,1CHO_EFG_I,5,split_2,"1CHO_EFG_I_KI10R,PI11F,AI12R,TI14K,LI15R_1000"
6008,4FTV_ABC_DE,"['ME98A', 'AE100G', 'QE101R']",3.6194357872009277,1.5295639038085938,4FTV_ABC_DE,3,split_2,"4FTV_ABC_DE_ME98A,AE100G,QE101R_1061"
6009,1CHO_EFG_I,['RI18C'],3.5196218490600586,0.021656036376953125,1CHO_EFG_I,1,split_2,1CHO_EFG_I_RI18C_806
6010,1OGA_ABC_DE,['QA155A'],0.48906829953193665,0.3796844482421875,1OGA_ABC_DE,1,split_2,1OGA_ABC_DE_QA155A_1492
6011,1CHO_EFG_I,"['LI15M', 'YI17H', 'KI26Q', 'GI29D']",4.233213901519775,3.9973793029785156,1CHO_EFG_I,4,split_2,"1CHO_EFG_I_LI15M,YI17H,KI26Q,GI29D_1077"
6012,1CHO_EFG_I,['YI17V'],3.463747262954712,2.8574295043945312,1CHO_EFG_I,1,split_2,1CHO_EFG_I_YI17V_769
6013,2KSO_A_B,['RA43E'],-0.6623793244361877,0.3816986083984375,2KSO_A_B,1,split_2,2KSO_A_B_RA43E_1898
6014,2PYE_ABC_DE,"['TE53I', 'LD96T', 'LD97S', 'DD98G', 'TD100S', 'LE95V']",3.5460093021392822,0.00420379638671875,2PYE_ABC_DE,6,split_2,"2PYE_ABC_DE_TE53I,LD96T,LD97S,DD98G,TD100S,LE95V_1209"
6015,3QDJ_ABC_DE,['RD27W'],0.21679848432540894,0.4956626892089844,3QDJ_ABC_DE,1,split_2,3QDJ_ABC_DE_RD27W_1004
6016,1JTG_A_B,"['YB143A', 'SA105A']",1.7919657230377197,1.1422233581542969,1JTG_A_B,2,split_2,"1JTG_A_B_YB143A,SA105A_406"
6017,1CHO_EFG_I,['TI14V'],3.5814502239227295,1.1468162536621094,1CHO_EFG_I,1,split_2,1CHO_EFG_I_TI14V_693
6018,2VN5_A_B,"['SB42A', 'TB43F', 'TA35A']",0.3038233816623688,-0.31244659423828125,2VN5_A_B,3,split_2,"2VN5_A_B_SB42A,TB43F,TA35A_1898"
6019,1DVF_AB_CD,['DB54A'],4.283173084259033,0.17747879028320312,1DVF_AB_CD,1,split_2,1DVF_AB_CD_DB54A_153
6020,1JTG_A_B,['FB36A'],3.590885639190674,1.8954200744628906,1JTG_A_B,1,split_2,1JTG_A_B_FB36A_1744
6021,1JTG_A_B,['HB41A'],3.2497003078460693,1.7348785400390625,1JTG_A_B,1,split_2,1JTG_A_B_HB41A_421
6022,1DVF_AB_CD,['SA93A'],1.162959337234497,0.239715576171875,1DVF_AB_CD,1,split_2,1DVF_AB_CD_SA93A_149
6023,1N8Z_AB_C,"['NA30S', 'HA91F', 'YA92W']",-0.07190047949552536,-0.6761436462402344,1N8Z_AB_C,3,split_2,"1N8Z_AB_C_NA30S,HA91F,YA92W_1522"
6024,4G0N_A_B,['VA45A'],-0.2906951308250427,0.22475814819335938,4G0N_A_B,1,split_2,4G0N_A_B_VA45A_2278
6025,1CHO_EFG_I,"['TI14P', 'LI15K', 'EI16D', 'LI20V', 'SI48N', 'HI49R']",7.001897811889648,7.488563537597656,1CHO_EFG_I,6,split_2,"1CHO_EFG_I_TI14P,LI15K,EI16D,LI20V,SI48N,HI49R_1024"
6026,4G0N_A_B,['TA35A'],2.94437575340271,1.7886314392089844,4G0N_A_B,1,split_2,4G0N_A_B_TA35A_2384
6027,3EQY_A_C,['LC9A'],0.033863615244627,2.390125274658203,3EQY_A_C,1,split_2,3EQY_A_C_LC9A_2393
6028,1JTG_A_B,['FB36A'],3.831104278564453,1.8954277038574219,1JTG_A_B,1,split_2,1JTG_A_B_FB36A_1743
6029,3BN9_B_CD,['IB26A'],0.0,0.3750572204589844,3BN9_B_CD,1,split_2,3BN9_B_CD_IB26A_296
6030,1CHO_EFG_I,"['AI12R', 'LI15R']",4.977166652679443,6.553192138671875,1CHO_EFG_I,2,split_2,"1CHO_EFG_I_AI12R,LI15R_995"
6031,1BRS_A_D,"['RA57A', 'DD39A']",11.361334800720215,1.9357185363769531,1BRS_A_D,2,split_2,"1BRS_A_D_RA57A,DD39A_66"
6032,4G0N_A_B,['RB6A'],2.738299608230591,1.231658935546875,4G0N_A_B,1,split_2,4G0N_A_B_RB6A_2367
6033,1DVF_AB_CD,['YB32A'],1.832290768623352,0.87445068359375,1DVF_AB_CD,1,split_2,1DVF_AB_CD_YB32A_151
6034,2NZ9_DC_A,['KA1028A'],-0.008777227252721786,0.07968902587890625,2NZ9_DC_A,1,split_2,2NZ9_DC_A_KA1028A_1978
6035,1JTG_A_B,['EA85A'],-1.3147715330123901,0.36243438720703125,1JTG_A_B,1,split_2,1JTG_A_B_EA85A_1561
6036,1CHO_EFG_I,"['EI7D', 'KI10M', 'LI15M', 'LI20V']",0.526875913143158,-1.0924873352050781,1CHO_EFG_I,4,split_2,"1CHO_EFG_I_EI7D,KI10M,LI15M,LI20V_1064"
6037,5C6T_HL_A,['FA200A'],0.4106564223766327,0.91912841796875,5C6T_HL_A,1,split_2,5C6T_HL_A_FA200A_2094
6038,1AHW_AB_C,"['RC189A', 'KC190A']",4.018360137939453,0.2937812805175781,1AHW_AB_C,2,split_2,"1AHW_AB_C_RC189A,KC190A_63"
6039,1CHO_EFG_I,['GI29K'],1.5891783237457275,2.442729949951172,1CHO_EFG_I,1,split_2,1CHO_EFG_I_GI29K_928
6040,1JTG_A_B,"['NA75A', 'WB150A']",4.349467754364014,1.7375221252441406,1JTG_A_B,2,split_2,"1JTG_A_B_NA75A,WB150A_438"
6041,1K8R_A_B,['KB31A'],2.728342294692993,1.0987701416015625,1K8R_A_B,1,split_2,1K8R_A_B_KB31A_2322
6042,1JTG_A_B,"['SA209A', 'SA105A', 'DB49A']",1.0941568613052368,2.7206954956054688,1JTG_A_B,3,split_2,"1JTG_A_B_SA209A,SA105A,DB49A_324"
6043,3BN9_B_CD,['TD28R'],0.33305492997169495,0.5174446105957031,3BN9_B_CD,1,split_2,3BN9_B_CD_TD28R_322
6044,4G0N_A_B,"['TB15A', 'EA37A']",2.8070836067199707,1.5481834411621094,4G0N_A_B,2,split_2,"4G0N_A_B_TB15A,EA37A_2303"
6045,4P23_CD_AB,['HD90A'],0.17043781280517578,0.5855140686035156,4P23_CD_AB,1,split_2,4P23_CD_AB_HD90A_2032
6046,2B42_A_B,['HA357K'],2.5677878856658936,0.07431411743164062,2B42_A_B,1,split_2,2B42_A_B_HA357K_143
6047,4HFK_A_BD,['LB50A'],0.0300583578646183,1.0438117980957031,4HFK_A_BD,1,split_2,4HFK_A_BD_LB50A_1375
6048,1CHO_EFG_I,['EI16H'],2.089729070663452,0.8695335388183594,1CHO_EFG_I,1,split_2,1CHO_EFG_I_EI16H_741
6049,1BRS_A_D,"['EA71W', 'ED74A']",3.549654960632324,0.9230995178222656,1BRS_A_D,2,split_2,"1BRS_A_D_EA71W,ED74A_73"
6050,1JTG_A_B,['SB71A'],0.35808926820755005,-0.30169677734375,1JTG_A_B,1,split_2,1JTG_A_B_SB71A_425
6051,1DVF_AB_CD,"['DB58A', 'QD104A']",1.4648281335830688,0.08411407470703125,1DVF_AB_CD,2,split_2,"1DVF_AB_CD_DB58A,QD104A_179"
6052,1BRS_A_D,"['EA71Q', 'ED74A']",3.527010917663574,1.6392860412597656,1BRS_A_D,2,split_2,"1BRS_A_D_EA71Q,ED74A_69"
6053,1CZ8_HL_VW,"['LL4M', 'DH28T', 'HH31N', 'YH101H', 'TH105S', 'YH54W']",1.6582860946655273,1.8661842346191406,1CZ8_HL_VW,6,split_2,"1CZ8_HL_VW_LL4M,DH28T,HH31N,YH101H,TH105S,YH54W_1346"
6054,1Y33_E_I,['PI39T'],-3.756010055541992,-3.731292724609375,1Y33_E_I,1,split_2,1Y33_E_I_PI39T_13
6055,5C6T_HL_A,['NA183A'],0.2841240167617798,0.8767852783203125,5C6T_HL_A,1,split_2,5C6T_HL_A_NA183A_2085
6056,4JFD_ABC_DE,"['AC4G', 'IC7A']",-0.08859037607908249,0.416748046875,4JFD_ABC_DE,2,split_2,"4JFD_ABC_DE_AC4G,IC7A_1068"
6057,1KIR_AB_C,['SA50Y'],-1.3877153396606445,-0.7184524536132812,1KIR_AB_C,1,split_2,1KIR_AB_C_SA50Y_201
6058,3EQS_A_B,['SB11A'],0.11720225214958191,0.112640380859375,3EQS_A_B,1,split_2,3EQS_A_B_SB11A_2201
6059,4FTV_ABC_DE,['RA65A'],3.188480854034424,3.0003738403320312,4FTV_ABC_DE,1,split_2,4FTV_ABC_DE_RA65A_1038
6060,1OGA_ABC_DE,['HA74A'],0.6043843626976013,1.25128173828125,1OGA_ABC_DE,1,split_2,1OGA_ABC_DE_HA74A_1482
6061,3QHY_A_B,['SB129A'],-0.08478038012981415,0.3640937805175781,3QHY_A_B,1,split_2,3QHY_A_B_SB129A_1846
6062,1BRS_A_D,['DD39A'],7.650989055633545,2.0788650512695312,1BRS_A_D,1,split_2,1BRS_A_D_DD39A_28
6063,1CHO_EFG_I,['KI10D'],-0.5110632181167603,-0.09972000122070312,1CHO_EFG_I,1,split_2,1CHO_EFG_I_KI10D_890
6064,1CHO_EFG_I,['PI11E'],-0.7200929522514343,-1.7341346740722656,1CHO_EFG_I,1,split_2,1CHO_EFG_I_PI11E_854
6065,1AK4_A_D,['HD87Q'],0.9729411005973816,0.12750244140625,1AK4_A_D,1,split_2,1AK4_A_D_HD87Q_127
6066,3KUD_A_B,"['KB30A', 'FB6W', 'RB12L', 'VB14E', 'NB16R', 'KB29R', 'VB33I']",4.206310272216797,1.8416938781738281,3KUD_A_B,7,split_2,"3KUD_A_B_KB30A,FB6W,RB12L,VB14E,NB16R,KB29R,VB33I_2180"
6067,1YCS_A_B,"['MA37L', 'VA107A', 'NA143Y', 'NA172D']",-0.13897278904914856,-0.2158355712890625,1YCS_A_B,4,split_2,"1YCS_A_B_MA37L,VA107A,NA143Y,NA172D_2291"
6068,1AHW_AB_C,"['KC154A', 'KC155A']",-1.3303074836730957,1.04302978515625,1AHW_AB_C,2,split_2,"1AHW_AB_C_KC154A,KC155A_53"
6069,1N8Z_AB_C,['LC509A'],-0.023055516183376312,1.2238121032714844,1N8Z_AB_C,1,split_2,1N8Z_AB_C_LC509A_1328
6070,2WPT_A_B,['RA39E'],-0.37242045998573303,-0.7745323181152344,2WPT_A_B,1,split_2,2WPT_A_B_RA39E_86
6071,1DVF_AB_CD,['RD106A'],4.092513084411621,0.13359451293945312,1DVF_AB_CD,1,split_2,1DVF_AB_CD_RD106A_172
6072,1GCQ_AB_C,['WC47Y'],2.1472480297088623,0.07276535034179688,1GCQ_AB_C,1,split_2,1GCQ_AB_C_WC47Y_36
6073,1AK4_A_D,['AD88G'],2.6548469066619873,-0.5780754089355469,1AK4_A_D,1,split_2,1AK4_A_D_AD88G_130
6074,2VN5_A_B,"['SB42A', 'TB43F', 'NA37A']",1.1865808963775635,-0.11177444458007812,2VN5_A_B,3,split_2,"2VN5_A_B_SB42A,TB43F,NA37A_1899"
6075,1Y3D_E_I,['AI48R'],-3.098123788833618,-3.047260284423828,1Y3D_E_I,1,split_2,1Y3D_E_I_AI48R_16
6076,1CHO_EFG_I,['KI10F'],1.0933265686035156,-0.5948600769042969,1CHO_EFG_I,1,split_2,1CHO_EFG_I_KI10F_894
6077,1Z7X_W_X,"['QW430A', 'VW432A']",0.9395740032196045,0.18462753295898438,1Z7X_W_X,2,split_2,"1Z7X_W_X_QW430A,VW432A_301"
6078,1CHO_EFG_I,['EI16W'],3.1600215435028076,1.3711051940917969,1CHO_EFG_I,1,split_2,1CHO_EFG_I_EI16W_745
6079,1CHO_EFG_I,"['KI10S', 'PI11D', 'AI12Y']",-1.0332770347595215,-1.8466072082519531,1CHO_EFG_I,3,split_2,"1CHO_EFG_I_KI10S,PI11D,AI12Y_1420"
6080,1BRS_A_D,"['KA25A', 'TD42A']",5.7239251136779785,5.508628845214844,1BRS_A_D,2,split_2,"1BRS_A_D_KA25A,TD42A_37"
6081,4G0N_A_B,"['RB6A', 'NB11D']",3.4212069511413574,2.2206573486328125,4G0N_A_B,2,split_2,"4G0N_A_B_RB6A,NB11D_2369"
6082,1JTG_A_B,['YB51A'],1.0388641357421875,-0.10342025756835938,1JTG_A_B,1,split_2,1JTG_A_B_YB51A_1780
6083,1JTG_A_B,['HB41A'],2.4998557567596436,1.7348861694335938,1JTG_A_B,1,split_2,1JTG_A_B_HB41A_1523
6084,1YCS_A_B,['RA177H'],-0.1188877522945404,0.5863800048828125,1YCS_A_B,1,split_2,1YCS_A_B_RA177H_2290
6085,1JTG_A_B,"['FB142A', 'YB143A', 'SA105A']",4.158278465270996,2.8836708068847656,1JTG_A_B,3,split_2,"1JTG_A_B_FB142A,YB143A,SA105A_409"
6086,1CHO_EFG_I,['YI17M'],1.2265949249267578,1.7895660400390625,1CHO_EFG_I,1,split_2,1CHO_EFG_I_YI17M_774
6087,1BRS_A_D,['HA100A'],6.912182331085205,5.960727691650391,1BRS_A_D,1,split_2,1BRS_A_D_HA100A_88
6088,3G6D_LH_A,"['EL3V', 'GL76R', 'TL77V', 'QL78E', 'EL80G', 'DH54N']",0.11122789978981018,-0.3925666809082031,3G6D_LH_A,6,split_2,"3G6D_LH_A_EL3V,GL76R,TL77V,QL78E,EL80G,DH54N_1223"
6089,1UUZ_A_D,['HA62D'],3.3792171478271484,1.7265281677246094,1UUZ_A_D,1,split_2,1UUZ_A_D_HA62D_66
6090,1CHO_EFG_I,['GI29Q'],2.383700132369995,1.7852821350097656,1CHO_EFG_I,1,split_2,1CHO_EFG_I_GI29Q_929
6091,4G0N_A_B,"['TB15A', 'DA38A']",3.000670909881592,3.3953323364257812,4G0N_A_B,2,split_2,"4G0N_A_B_TB15A,DA38A_2307"
6092,1FCC_A_C,['EC42A'],0.3854418992996216,0.20270919799804688,1FCC_A_C,1,split_2,1FCC_A_C_EC42A_576
6093,1JTG_A_B,['DB49A'],3.0652012825012207,0.47415924072265625,1JTG_A_B,1,split_2,1JTG_A_B_DB49A_1750
6094,4G0N_A_B,"['TA35A', 'NB18R', 'AB32K']",1.9676246643066406,1.729400634765625,4G0N_A_B,3,split_2,"4G0N_A_B_TA35A,NB18R,AB32K_2352"
6095,1BP3_A_B,"['EA88G', 'QA91Y', 'FA92H', 'RA94T', 'SA95E']",0.20951473712921143,-0.3244438171386719,1BP3_A_B,5,split_2,"1BP3_A_B_EA88G,QA91Y,FA92H,RA94T,SA95E_425"
6096,4B0M_A_BM,['PM98A'],0.40573978424072266,0.5759429931640625,4B0M_A_BM,1,split_2,4B0M_A_BM_PM98A_1824
6097,1JTG_A_B,"['MA104A', 'SB113A', 'SB71A']",1.6727427244186401,1.9563102722167969,1JTG_A_B,3,split_2,"1JTG_A_B_MA104A,SB113A,SB71A_474"
6098,1JTG_A_B,['YB143A'],0.10801676660776138,-0.4225120544433594,1JTG_A_B,1,split_2,1JTG_A_B_YB143A_1536
6099,1BRS_A_D,"['EA71A', 'DD39A']",7.185323715209961,3.588756561279297,1BRS_A_D,2,split_2,"1BRS_A_D_EA71A,DD39A_81"
6100,1BRS_A_D,"['KA25A', 'ED74A']",6.696013450622559,5.432765960693359,1BRS_A_D,2,split_2,"1BRS_A_D_KA25A,ED74A_38"
6101,4JFD_ABC_DE,"['AC4G', 'EC1A']",0.8046229481697083,0.45363616943359375,4JFD_ABC_DE,2,split_2,"4JFD_ABC_DE_AC4G,EC1A_1066"
6102,4RA0_A_C,"['GC61D', 'AC66V']",0.6863617897033691,-0.9151687622070312,4RA0_A_C,2,split_2,"4RA0_A_C_GC61D,AC66V_2071"
6103,1MLC_AB_E,"['NA92A', 'TB28D', 'SB57V', 'TB58D', 'YB32W', 'RB98V', 'DB100Q']",0.3615494668483734,2.187122344970703,1MLC_AB_E,7,split_2,"1MLC_AB_E_NA92A,TB28D,SB57V,TB58D,YB32W,RB98V,DB100Q_1474"
6104,1BRS_A_D,"['KA25A', 'DD35A']",9.549198150634766,9.401039123535156,1BRS_A_D,2,split_2,"1BRS_A_D_KA25A,DD35A_34"
6105,3M63_A_B,['GA102A'],0.12470666319131851,1.2980880737304688,3M63_A_B,1,split_2,3M63_A_B_GA102A_1312
6106,1XGT_AB_C,['LB33V'],1.0467808246612549,1.042938232421875,1XGT_AB_C,1,split_2,1XGT_AB_C_LB33V_1230
6107,1CHO_EFG_I,['EI16P'],2.590765953063965,3.2429847717285156,1CHO_EFG_I,1,split_2,1CHO_EFG_I_EI16P_733
6108,3M63_A_B,['EA33A'],0.6463438272476196,0.18979644775390625,3M63_A_B,1,split_2,3M63_A_B_EA33A_1306
6109,3QHY_A_B,['NB264A'],2.695870876312256,2.53350830078125,3QHY_A_B,1,split_2,3QHY_A_B_NB264A_1858
6110,4G0N_A_B,['DA33A'],0.6891109943389893,0.989898681640625,4G0N_A_B,1,split_2,4G0N_A_B_DA33A_2375
6111,1CHO_EFG_I,['YI17I'],2.109262228012085,2.5946922302246094,1CHO_EFG_I,1,split_2,1CHO_EFG_I_YI17I_773
6112,1JTG_A_B,"['QA74A', 'DB49A']",2.1983838081359863,0.7122154235839844,1JTG_A_B,2,split_2,"1JTG_A_B_QA74A,DB49A_458"
6113,4G0N_A_B,"['KB31A', 'EA37A']",3.38753080368042,1.1964454650878906,4G0N_A_B,2,split_2,"4G0N_A_B_KB31A,EA37A_2305"
6114,4E6K_AB_G,['LG5A'],1.9034278392791748,2.494434356689453,4E6K_AB_G,1,split_2,4E6K_AB_G_LG5A_1581
6115,1K8R_A_B,['EA62A'],0.4096648693084717,0.4405670166015625,1K8R_A_B,1,split_2,1K8R_A_B_EA62A_2337
6116,1DVF_AB_CD,['RB99A'],1.875484585762024,0.03069305419921875,1DVF_AB_CD,1,split_2,1DVF_AB_CD_RB99A_157
6117,3G6D_LH_A,"['KH210T', 'KH215T']",-0.13300734758377075,0.13236236572265625,3G6D_LH_A,2,split_2,"3G6D_LH_A_KH210T,KH215T_1218"
6118,3C60_CD_AB,['HD91A'],1.0857164859771729,0.6347885131835938,3C60_CD_AB,1,split_2,3C60_CD_AB_HD91A_1653
6119,2PCB_A_B,['EA32Q'],0.6057530641555786,0.4614219665527344,2PCB_A_B,1,split_2,2PCB_A_B_EA32Q_197
6120,3G6D_LH_A,"['TL89S', 'ML92I', 'VL93D', 'TL94K']",0.798334002494812,0.36411285400390625,3G6D_LH_A,4,split_2,"3G6D_LH_A_TL89S,ML92I,VL93D,TL94K_1220"
6121,3BTD_E_I,['DI13K'],-11.502717971801758,-11.125724792480469,3BTD_E_I,1,split_2,3BTD_E_I_DI13K_1076
6122,1CZ8_HL_VW,"['LL4M', 'DH28T', 'HH31N', 'YH103R', 'GH104N']",1.032625675201416,1.5777320861816406,1CZ8_HL_VW,5,split_2,"1CZ8_HL_VW_LL4M,DH28T,HH31N,YH103R,GH104N_1345"
6123,4G0N_A_B,['KB31A'],2.1297554969787598,1.1173973083496094,4G0N_A_B,1,split_2,4G0N_A_B_KB31A_2267
6124,2WPT_A_B,['SB77A'],-0.04087496176362038,0.7805290222167969,2WPT_A_B,1,split_2,2WPT_A_B_SB77A_124
6125,4FTV_ABC_DE,"['ME98A', 'QE101E']",0.5062000751495361,0.22262191772460938,4FTV_ABC_DE,2,split_2,"4FTV_ABC_DE_ME98A,QE101E_1062"
6126,1BRS_A_D,"['RA81Q', 'DD35A']",9.605664253234863,5.641845703125,1BRS_A_D,2,split_2,"1BRS_A_D_RA81Q,DD35A_47"
6127,1BP3_A_B,"['KA168A', 'FA172A']",5.3548712730407715,3.836322784423828,1BP3_A_B,2,split_2,"1BP3_A_B_KA168A,FA172A_482"
6128,1K8R_A_B,['DA38A'],1.712186336517334,2.983001708984375,1K8R_A_B,1,split_2,1K8R_A_B_DA38A_2329
6129,1CHO_EFG_I,['YI17H'],1.5891783237457275,2.2125205993652344,1CHO_EFG_I,1,split_2,1CHO_EFG_I_YI17H_780
6130,1JTG_A_B,"['NA75A', 'RB160A']",1.5768485069274902,0.864349365234375,1JTG_A_B,2,split_2,"1JTG_A_B_NA75A,RB160A_439"
6131,3KUD_A_B,"['KB30A', 'TA35A']",3.0406603813171387,1.8467559814453125,3KUD_A_B,2,split_2,"3KUD_A_B_KB30A,TA35A_2182"
6132,1CHO_EFG_I,['TI14D'],6.820855617523193,3.1018142700195312,1CHO_EFG_I,1,split_2,1CHO_EFG_I_TI14D_699
6133,3G6D_LH_A,['HH104A'],-0.9535146951675415,0.3698844909667969,3G6D_LH_A,1,split_2,3G6D_LH_A_HH104A_1216
6134,3EQS_A_B,['WB7A'],6.410199165344238,2.1420669555664062,3EQS_A_B,1,split_2,3EQS_A_B_WB7A_2197
6135,5TAR_A_B,"['TA183A', 'KA184E']",2.730912446975708,1.0791397094726562,5TAR_A_B,2,split_2,"5TAR_A_B_TA183A,KA184E_2335"
6136,4FTV_ABC_DE,['KD66A'],-1.5795713663101196,1.3045539855957031,4FTV_ABC_DE,1,split_2,4FTV_ABC_DE_KD66A_1031
6137,4P23_CD_AB,['QC62A'],1.910965919494629,-0.038364410400390625,4P23_CD_AB,1,split_2,4P23_CD_AB_QC62A_2003
6138,3QHY_A_B,['FB169A'],2.062467575073242,1.686920166015625,3QHY_A_B,1,split_2,3QHY_A_B_FB169A_1851
6139,1CHO_EFG_I,['KI10T'],0.3806231915950775,0.5269622802734375,1CHO_EFG_I,1,split_2,1CHO_EFG_I_KI10T_884
6140,1CHO_EFG_I,['NI33G'],-1.3942043781280518,-0.14734649658203125,1CHO_EFG_I,1,split_2,1CHO_EFG_I_NI33G_955
6141,4HFK_A_BD,['LB45A'],2.5254640579223633,1.3044929504394531,4HFK_A_BD,1,split_2,4HFK_A_BD_LB45A_1371
6142,1OGA_ABC_DE,['HA70A'],0.5177409052848816,1.6007461547851562,1OGA_ABC_DE,1,split_2,1OGA_ABC_DE_HA70A_1479
6143,1JTG_A_B,"['RA217A', 'KA208A', 'DB49A']",1.904421329498291,2.949504852294922,1JTG_A_B,3,split_2,"1JTG_A_B_RA217A,KA208A,DB49A_333"
6144,1OGA_ABC_DE,['RE94H'],2.162247657775879,0.09547042846679688,1OGA_ABC_DE,1,split_2,1OGA_ABC_DE_RE94H_1279
6145,1CHO_EFG_I,['EI16R'],3.681856870651245,1.9348564147949219,1CHO_EFG_I,1,split_2,1CHO_EFG_I_EI16R_743
6146,2C5D_A_C,"['GC6S', 'DC61G', 'GC101R']",-0.551903486251831,0.33467864990234375,2C5D_A_C,3,split_2,"2C5D_A_C_GC6S,DC61G,GC101R_1667"
6147,2VN5_A_B,"['SB42A', 'TB43F', 'TA35A', 'NA37A', 'YA39A']",3.647714376449585,1.1000595092773438,2VN5_A_B,5,split_2,"2VN5_A_B_SB42A,TB43F,TA35A,NA37A,YA39A_1910"
6148,4P23_CD_AB,['ED68A'],0.09132687747478485,0.13733673095703125,4P23_CD_AB,1,split_2,4P23_CD_AB_ED68A_2019
6149,4YH7_A_B,"['EA207G', 'LA208S', 'RA209S', 'EA210G']",-0.04087496176362038,1.2487640380859375,4YH7_A_B,4,split_2,"4YH7_A_B_EA207G,LA208S,RA209S,EA210G_2190"
6150,1BP3_A_B,['QA68A'],0.11397110670804977,0.6091156005859375,1BP3_A_B,1,split_2,1BP3_A_B_QA68A_448
6151,1CHO_EFG_I,"['AI12D', 'LI15A']",4.827918529510498,4.769687652587891,1CHO_EFG_I,2,split_2,"1CHO_EFG_I_AI12D,LI15A_1091"
6152,3C60_CD_AB,['ID77A'],0.04742145910859108,0.0960235595703125,3C60_CD_AB,1,split_2,3C60_CD_AB_ID77A_1646
6153,1YY9_CD_A,['AD98P'],1.0376917123794556,-0.6562156677246094,1YY9_CD_A,1,split_2,1YY9_CD_A_AD98P_1151
6154,1JTG_A_B,"['EA143A', 'FB142A']",2.581045150756836,2.914508819580078,1JTG_A_B,2,split_2,"1JTG_A_B_EA143A,FB142A_471"
6155,1JTG_A_B,['PA82A'],-0.38275691866874695,1.4735488891601562,1JTG_A_B,1,split_2,1JTG_A_B_PA82A_415
6156,3C60_CD_AB,['ED69A'],0.04742145910859108,-0.004352569580078125,3C60_CD_AB,1,split_2,3C60_CD_AB_ED69A_1640
6157,2NY7_HL_G,"['GG229C', 'WG13M', 'MG231A', 'CG14W', 'CG110V', 'CG27I', 'CG226Q']",0.2147209495306015,-1.6793212890625,2NY7_HL_G,7,split_2,"2NY7_HL_G_GG229C,WG13M,MG231A,CG14W,CG110V,CG27I,CG226Q_1949"
6158,1JTG_A_B,"['KB74A', 'YB143A', 'EA79A', 'YA80A']",1.7679566144943237,0.6486625671386719,1JTG_A_B,4,split_2,"1JTG_A_B_KB74A,YB143A,EA79A,YA80A_381"
6159,1BRS_A_D,['DD35A'],4.06963586807251,4.43438720703125,1BRS_A_D,1,split_2,1BRS_A_D_DD35A_95
6160,1JTG_A_B,"['KA208A', 'SA105A', 'RA217A']",2.5094218254089355,3.219493865966797,1JTG_A_B,3,split_2,"1JTG_A_B_KA208A,SA105A,RA217A_350"
6161,1CHO_EFG_I,['PI11A'],0.3806231915950775,-0.5140533447265625,1CHO_EFG_I,1,split_2,1CHO_EFG_I_PI11A_842
6162,1OGA_ABC_DE,['AA158G'],0.13264881074428558,0.2884368896484375,1OGA_ABC_DE,1,split_2,1OGA_ABC_DE_AA158G_1493
6163,1BRS_A_D,['RA57A'],5.2453718185424805,-0.10326766967773438,1BRS_A_D,1,split_2,1BRS_A_D_RA57A_20
6164,1JTG_A_B,"['FB142A', 'YB143A', 'KA208A']",4.68193244934082,2.482555389404297,1JTG_A_B,3,split_2,"1JTG_A_B_FB142A,YB143A,KA208A_400"
6165,3KUD_A_B,"['KB30A', 'FB6W', 'NB16R', 'VB33I']",1.9539144039154053,0.3364982604980469,3KUD_A_B,4,split_2,"3KUD_A_B_KB30A,FB6W,NB16R,VB33I_2177"
6166,1BP3_A_B,['RA16A'],0.0,0.17895889282226562,1BP3_A_B,1,split_2,1BP3_A_B_RA16A_431
6167,2WPT_A_B,['EA38A'],4.503169536590576,1.4322471618652344,2WPT_A_B,1,split_2,2WPT_A_B_EA38A_96
6168,1CHO_EFG_I,"['TI14K', 'LI15R']",7.472139358520508,5.916416168212891,1CHO_EFG_I,2,split_2,"1CHO_EFG_I_TI14K,LI15R_993"
6169,1BRS_A_D,['ED74A'],1.3641711473464966,0.7538299560546875,1BRS_A_D,1,split_2,1BRS_A_D_ED74A_31
6170,1JTG_A_B,['FB142A'],3.239405393600464,1.6968612670898438,1JTG_A_B,1,split_2,1JTG_A_B_FB142A_1763
6171,3G6D_LH_A,['WH105A'],-1.4971784353256226,1.5429344177246094,3G6D_LH_A,1,split_2,3G6D_LH_A_WH105A_1217
6172,3QHY_A_B,['DB127A'],0.3802676200866699,0.7379226684570312,3QHY_A_B,1,split_2,3QHY_A_B_DB127A_1845
6173,1CHO_EFG_I,"['TI14R', 'LI15R']",7.201478481292725,6.368442535400391,1CHO_EFG_I,2,split_2,"1CHO_EFG_I_TI14R,LI15R_1109"
6174,1CZ8_HL_VW,"['LL4M', 'DH28T', 'HH31N', 'YH103W']",0.7541710138320923,0.9159011840820312,1CZ8_HL_VW,4,split_2,"1CZ8_HL_VW_LL4M,DH28T,HH31N,YH103W_1344"
6175,1XGP_AB_C,['AB33F'],-4.0624799728393555,-3.4643783569335938,1XGP_AB_C,1,split_2,1XGP_AB_C_AB33F_1337
6176,2WPT_A_B,['NA31A'],-0.13855770230293274,0.382659912109375,2WPT_A_B,1,split_2,2WPT_A_B_NA31A_2409
6177,4G0N_A_B,"['KB31A', 'EA31A']",2.0329933166503906,1.786865234375,4G0N_A_B,2,split_2,"4G0N_A_B_KB31A,EA31A_2296"
6178,1CHO_EFG_I,['GI29T'],2.0763397216796875,1.47021484375,1CHO_EFG_I,1,split_2,1CHO_EFG_I_GI29T_921
6179,1JTG_A_B,['SA105A'],0.33384764194488525,1.6199150085449219,1JTG_A_B,1,split_2,1JTG_A_B_SA105A_402
6180,1JTG_A_B,['GB48A'],1.3023427724838257,-0.011455535888671875,1JTG_A_B,1,split_2,1JTG_A_B_GB48A_1774
6181,1CHO_EFG_I,['YI17F'],0.18104250729084015,0.24440765380859375,1CHO_EFG_I,1,split_2,1CHO_EFG_I_YI17F_781
6182,1JTG_A_B,['KB74A'],3.559509038925171,-0.14117813110351562,1JTG_A_B,1,split_2,1JTG_A_B_KB74A_353
6183,1CHO_EFG_I,"['EI7G', 'LI15M', 'RI18M', 'EI40D']",2.6983089447021484,0.27596282958984375,1CHO_EFG_I,4,split_2,"1CHO_EFG_I_EI7G,LI15M,RI18M,EI40D_1038"
6184,1CHO_EFG_I,['PI11G'],0.6364335417747498,-0.6231880187988281,1CHO_EFG_I,1,split_2,1CHO_EFG_I_PI11G_841
6185,3KUD_A_B,"['KB30A', 'YA32C', 'CA118S', 'NB16R']",1.6597994565963745,2.6907958984375,3KUD_A_B,4,split_2,"3KUD_A_B_KB30A,YA32C,CA118S,NB16R_2187"
6186,1JTG_A_B,"['NA75A', 'WB112A']",2.795217752456665,1.0268287658691406,1JTG_A_B,2,split_2,"1JTG_A_B_NA75A,WB112A_459"
6187,1JTG_A_B,"['QA74A', 'RB160A']",3.7509472370147705,0.8217201232910156,1JTG_A_B,2,split_2,"1JTG_A_B_QA74A,RB160A_436"
6188,1K8R_A_B,['RA41A'],1.1796982288360596,0.9942474365234375,1K8R_A_B,1,split_2,1K8R_A_B_RA41A_2335
6189,4UYQ_A_B,"['IB15S', 'IB52N']",2.185483932495117,1.6038322448730469,4UYQ_A_B,2,split_2,"4UYQ_A_B_IB15S,IB52N_1413"
6190,1CHO_EFG_I,['EI16Y'],2.669166088104248,1.0894775390625,1CHO_EFG_I,1,split_2,1CHO_EFG_I_EI16Y_744
6191,1BP3_A_B,['YA156A'],0.20951473712921143,0.8374671936035156,1BP3_A_B,1,split_2,1BP3_A_B_YA156A_453
6192,1AK4_A_D,['PD90A'],2.17301082611084,0.3055267333984375,1AK4_A_D,1,split_2,1AK4_A_D_PD90A_133
6193,1JTG_A_B,"['PA82A', 'YB50A']",-0.6471605896949768,0.7930107116699219,1JTG_A_B,2,split_2,"1JTG_A_B_PA82A,YB50A_446"
6194,1JTG_A_B,"['FB142A', 'YB143A', 'EA79A', 'YA80A']",2.843151092529297,2.5689468383789062,1JTG_A_B,4,split_2,"1JTG_A_B_FB142A,YB143A,EA79A,YA80A_382"
6195,1OGA_ABC_DE,['QE54E'],0.0,-0.20378875732421875,1OGA_ABC_DE,1,split_2,1OGA_ABC_DE_QE54E_1291
6196,1BRS_A_D,['HA100A'],6.2547607421875,5.9607391357421875,1BRS_A_D,1,split_2,1BRS_A_D_HA100A_108
6197,1JTG_A_B,['DB49A'],2.5614840984344482,0.4741783142089844,1JTG_A_B,1,split_2,1JTG_A_B_DB49A_315
6198,2WPT_A_B,['NB68A'],1.2376387119293213,0.9841423034667969,2WPT_A_B,1,split_2,2WPT_A_B_NB68A_109
6199,1OGA_ABC_DE,['DE52A'],0.10062168538570404,0.8027191162109375,1OGA_ABC_DE,1,split_2,1OGA_ABC_DE_DE52A_1289
6200,1BP3_A_B,['VA176A'],-0.2966853082180023,0.2481231689453125,1BP3_A_B,1,split_2,1BP3_A_B_VA176A_465
6201,1N8O_ABC_E,['ME80R'],1.34917151927948,1.8395576477050781,1N8O_ABC_E,1,split_2,1N8O_ABC_E_ME80R_232
6202,1CHO_EFG_I,['GI29Y'],-0.9835479259490967,0.8220558166503906,1CHO_EFG_I,1,split_2,1CHO_EFG_I_GI29Y_934
6203,1JTG_A_B,"['VB165K', 'DB163K', 'NB89K']",-2.393420934677124,-0.3938179016113281,1JTG_A_B,3,split_2,"1JTG_A_B_VB165K,DB163K,NB89K_484"
6204,4G0N_A_B,"['RB14A', 'VA45A']",1.7429593801498413,1.52764892578125,4G0N_A_B,2,split_2,"4G0N_A_B_RB14A,VA45A_2315"
6205,5C6T_HL_A,['EA194A'],1.0911601781845093,0.5717658996582031,5C6T_HL_A,1,split_2,5C6T_HL_A_EA194A_2090
6206,1CHO_EFG_I,['AI12V'],0.9535146951675415,-0.5903778076171875,1CHO_EFG_I,1,split_2,1CHO_EFG_I_AI12V_654
6207,1Z7X_W_X,['YW434A'],5.955931186676025,3.138031005859375,1Z7X_W_X,1,split_2,1Z7X_W_X_YW434A_298
6208,1BP3_A_B,['KA70A'],0.2461729496717453,0.20507049560546875,1BP3_A_B,1,split_2,1BP3_A_B_KA70A_450
6209,5TAR_A_B,['MB18A'],-0.2150040864944458,0.4013633728027344,5TAR_A_B,1,split_2,5TAR_A_B_MB18A_2337
6210,1BRS_A_D,['HA100A'],6.076370716094971,5.960735321044922,1BRS_A_D,1,split_2,1BRS_A_D_HA100A_116
6211,1JTG_A_B,['YB53A'],2.077467203140259,2.3480873107910156,1JTG_A_B,1,split_2,1JTG_A_B_YB53A_424
6212,4G0N_A_B,['EA37A'],1.7429593801498413,0.7237472534179688,4G0N_A_B,1,split_2,4G0N_A_B_EA37A_2274
6213,3BN9_B_CD,['TD102R'],-0.058321017771959305,0.1071014404296875,3BN9_B_CD,1,split_2,3BN9_B_CD_TD102R_326
6214,1CZ8_HL_VW,"['LL4M', 'DH28T', 'HH31N', 'YH101H', 'TH105S', 'LH72I', 'TH74K']",1.8721692562103271,1.743316650390625,1CZ8_HL_VW,7,split_2,"1CZ8_HL_VW_LL4M,DH28T,HH31N,YH101H,TH105S,LH72I,TH74K_1349"
6215,4P23_CD_AB,['NC63A'],1.5119646787643433,1.7592811584472656,4P23_CD_AB,1,split_2,4P23_CD_AB_NC63A_2004
6216,4FTV_ABC_DE,['DD93A'],1.014264464378357,0.47979736328125,4FTV_ABC_DE,1,split_2,4FTV_ABC_DE_DD93A_1034
6217,1JTG_A_B,"['EA143A', 'WB150A']",4.109651565551758,2.4039459228515625,1JTG_A_B,2,split_2,"1JTG_A_B_EA143A,WB150A_468"
6218,1XGP_AB_C,['AB33L'],-2.199876308441162,-2.242298126220703,1XGP_AB_C,1,split_2,1XGP_AB_C_AB33L_1338
6219,1CHO_EFG_I,['RI18T'],2.669166088104248,0.0257110595703125,1CHO_EFG_I,1,split_2,1CHO_EFG_I_RI18T_808
6220,1OGA_ABC_DE,['QA72A'],-0.4595701992511749,0.1781768798828125,1OGA_ABC_DE,1,split_2,1OGA_ABC_DE_QA72A_1480
6221,1OGA_ABC_DE,['QE54A'],0.5006897449493408,0.3366508483886719,1OGA_ABC_DE,1,split_2,1OGA_ABC_DE_QE54A_1290
6222,1JTG_A_B,"['KB74A', 'FB142A', 'YB143A', 'EA79A', 'YA80A']",2.412727117538452,2.267101287841797,1JTG_A_B,5,split_2,"1JTG_A_B_KB74A,FB142A,YB143A,EA79A,YA80A_383"
6223,1CHO_EFG_I,['LI15E'],6.85371732711792,3.3704681396484375,1CHO_EFG_I,1,split_2,1CHO_EFG_I_LI15E_1106
6224,2VIS_AB_C,['IC89T'],-4.913825988769531,0.14421844482421875,2VIS_AB_C,1,split_2,2VIS_AB_C_IC89T_81
6225,1CSO_E_I,['II13L'],-4.481256008148193,-4.8239898681640625,1CSO_E_I,1,split_2,1CSO_E_I_II13L_1015
6226,1JTG_A_B,['SA209A'],1.23908269405365,0.579742431640625,1JTG_A_B,1,split_2,1JTG_A_B_SA209A_337
6227,4L3E_ABC_DE,['YD50A'],0.4679982364177704,0.2527122497558594,4L3E_ABC_DE,1,split_2,4L3E_ABC_DE_YD50A_1025
6228,1BP3_A_B,['EA65A'],0.5464380383491516,0.0066070556640625,1BP3_A_B,1,split_2,1BP3_A_B_EA65A_446
6229,1CHO_EFG_I,"['KI10R', 'AI12R', 'TI14K', 'LI15R']",8.027130126953125,7.766048431396484,1CHO_EFG_I,4,split_2,"1CHO_EFG_I_KI10R,AI12R,TI14K,LI15R_999"
6230,1CHO_EFG_I,['RI18A'],3.191767692565918,-0.24248123168945312,1CHO_EFG_I,1,split_2,1CHO_EFG_I_RI18A_804
6231,1CHO_EFG_I,['RI18H'],2.79435658454895,0.1731414794921875,1CHO_EFG_I,1,split_2,1CHO_EFG_I_RI18H_818
6232,1BRS_A_D,"['HA100A', 'DD39A']",8.991339683532715,7.240623474121094,1BRS_A_D,2,split_2,"1BRS_A_D_HA100A,DD39A_62"
6233,1YY9_CD_A,"['SC26D', 'TC31E', 'NC93A', 'ND56A', 'TD61E']",-0.6520853638648987,2.5832176208496094,1YY9_CD_A,5,split_2,"1YY9_CD_A_SC26D,TC31E,NC93A,ND56A,TD61E_1484"
6234,4WND_A_B,['NA263R'],-0.020789921283721924,0.49964141845703125,4WND_A_B,1,split_2,4WND_A_B_NA263R_1200
6235,1AK4_A_D,['AD88V'],0.7697627544403076,-0.945526123046875,1AK4_A_D,1,split_2,1AK4_A_D_AD88V_129
6236,2WPT_A_B,"['DA30L', 'NA31V', 'RA35T']",-6.336045742034912,-1.1069755554199219,2WPT_A_B,3,split_2,"2WPT_A_B_DA30L,NA31V,RA35T_88"
6237,1AHW_AB_C,['DC167A'],-0.4848095774650574,0.11500930786132812,1AHW_AB_C,1,split_2,1AHW_AB_C_DC167A_58
6238,1CHO_EFG_I,['LI15A'],4.932125091552734,1.021820068359375,1CHO_EFG_I,1,split_2,1CHO_EFG_I_LI15A_1105
6239,1CHO_EFG_I,['PI11S'],-0.44068965315818787,-0.3104591369628906,1CHO_EFG_I,1,split_2,1CHO_EFG_I_PI11S_843
6240,3EG5_A_B,"['TB73N', 'SB74N', 'HB75N', 'HA104F']",-1.3274180889129639,-0.7388229370117188,3EG5_A_B,4,split_2,"3EG5_A_B_TB73N,SB74N,HB75N,HA104F_2298"
6241,1Z7X_W_X,['IW459A'],0.33742108941078186,0.9026298522949219,1Z7X_W_X,1,split_2,1Z7X_W_X_IW459A_304
6242,3QDJ_ABC_DE,['GD28P'],1.2250399589538574,1.0845108032226562,3QDJ_ABC_DE,1,split_2,3QDJ_ABC_DE_GD28P_1012
6243,1BRS_A_D,"['RA81Q', 'WD38F']",6.758434295654297,1.9961738586425781,1BRS_A_D,2,split_2,"1BRS_A_D_RA81Q,WD38F_48"
6244,1BRS_A_D,"['HA100A', 'YD29F']",5.549701690673828,5.608882904052734,1BRS_A_D,2,split_2,"1BRS_A_D_HA100A,YD29F_60"
6245,1CHO_EFG_I,['PI11D'],-0.8513460755348206,-1.9558792114257812,1CHO_EFG_I,1,split_2,1CHO_EFG_I_PI11D_851
6246,1BP3_A_B,['SA55A'],0.2461729496717453,0.21381759643554688,1BP3_A_B,1,split_2,1BP3_A_B_SA55A_438
6247,1JTG_A_B,['WB150A'],3.5002553462982178,1.5344200134277344,1JTG_A_B,1,split_2,1JTG_A_B_WB150A_1539
6248,1JTG_A_B,['EB73A'],0.9857154488563538,-0.4664192199707031,1JTG_A_B,1,split_2,1JTG_A_B_EB73A_1782
6249,4G0N_A_B,['DA33A'],1.0649688243865967,0.9899101257324219,4G0N_A_B,1,split_2,4G0N_A_B_DA33A_2272
6250,1K8R_A_B,['YA40C'],3.437662124633789,2.8709373474121094,1K8R_A_B,1,split_2,1K8R_A_B_YA40C_2333
6251,4P23_CD_AB,['RD89A'],0.09132687747478485,0.0934600830078125,4P23_CD_AB,1,split_2,4P23_CD_AB_RD89A_2031
6252,1BP3_A_B,['EA182A'],0.0,0.08878707885742188,1BP3_A_B,1,split_2,1BP3_A_B_EA182A_470
6253,1JTG_A_B,['NB89K'],-0.4549265205860138,0.111480712890625,1JTG_A_B,1,split_2,1JTG_A_B_NB89K_480
6254,1CHO_EFG_I,['EI16I'],2.6424343585968018,0.5793304443359375,1CHO_EFG_I,1,split_2,1CHO_EFG_I_EI16I_735
6255,1BRS_A_D,['EA58A'],0.5148631930351257,1.1323089599609375,1BRS_A_D,1,split_2,1BRS_A_D_EA58A_114
6256,1JTG_A_B,"['KB74A', 'EA79A', 'YA80A']",1.3861162662506104,1.2861976623535156,1JTG_A_B,3,split_2,"1JTG_A_B_KB74A,EA79A,YA80A_377"
6257,2O3B_A_B,['EB24A'],5.474915027618408,0.9522819519042969,2O3B_A_B,1,split_2,2O3B_A_B_EB24A_216
6258,1OGA_ABC_DE,['IE49V'],0.20096902549266815,-0.019237518310546875,1OGA_ABC_DE,1,split_2,1OGA_ABC_DE_IE49V_1271
6259,1JTG_A_B,['FB36A'],3.2014195919036865,1.8954048156738281,1JTG_A_B,1,split_2,1JTG_A_B_FB36A_420
6260,3QHY_A_B,['FB190A'],3.075479507446289,3.345745086669922,3QHY_A_B,1,split_2,3QHY_A_B_FB190A_1853
6261,1CHO_EFG_I,"['LI15M', 'SI48N']",0.3806231915950775,0.07428359985351562,1CHO_EFG_I,2,split_2,"1CHO_EFG_I_LI15M,SI48N_1072"
6262,1BRS_A_D,"['EA71W', 'DD35A']",5.712494850158691,5.181713104248047,1BRS_A_D,2,split_2,"1BRS_A_D_EA71W,DD35A_72"
6263,4O27_A_B,['EB42A'],0.3714717626571655,0.7398185729980469,4O27_A_B,1,split_2,4O27_A_B_EB42A_2123
6264,1FCC_A_C,['DC40A'],0.27225083112716675,0.36196136474609375,1FCC_A_C,1,split_2,1FCC_A_C_DC40A_575
6265,4G0N_A_B,['RB36L'],5.3586249351501465,1.2402153015136719,4G0N_A_B,1,split_2,4G0N_A_B_RB36L_2373
6266,1CHO_EFG_I,['RI18V'],2.0660953521728516,-0.321868896484375,1CHO_EFG_I,1,split_2,1CHO_EFG_I_RI18V_807
6267,3QHY_A_B,['WB229A'],5.432499408721924,4.095035552978516,3QHY_A_B,1,split_2,3QHY_A_B_WB229A_1856
6268,1YY9_CD_A,['SD53P'],0.8179112076759338,0.12685012817382812,1YY9_CD_A,1,split_2,1YY9_CD_A_SD53P_1149
6269,1Z7X_W_X,['WW263A'],2.2124183177948,1.0732154846191406,1Z7X_W_X,1,split_2,1Z7X_W_X_WW263A_307
6270,1CHO_EFG_I,['RI18Q'],2.478471517562866,0.047763824462890625,1CHO_EFG_I,1,split_2,1CHO_EFG_I_RI18Q_816
6271,2NZ9_DC_A,['RA1033A'],0.292977511882782,1.2914085388183594,2NZ9_DC_A,1,split_2,2NZ9_DC_A_RA1033A_1980
6272,1BRS_A_D,"['RA85A', 'YD29A']",8.052824974060059,4.049644470214844,1BRS_A_D,2,split_2,"1BRS_A_D_RA85A,YD29A_53"
6273,3C60_CD_AB,['QC58A'],0.9633074998855591,0.09899139404296875,3C60_CD_AB,1,split_2,3C60_CD_AB_QC58A_1622
6274,1BRS_A_D,['EA71S'],3.0104880332946777,1.4640617370605469,1BRS_A_D,1,split_2,1BRS_A_D_EA71S_79
6275,1N8O_ABC_E,['ME80L'],-0.0624210461974144,-0.8412322998046875,1N8O_ABC_E,1,split_2,1N8O_ABC_E_ME80L_230
6276,3PWP_ABC_DE,['GC2L'],-0.6341851353645325,0.5874595642089844,3PWP_ABC_DE,1,split_2,3PWP_ABC_DE_GC2L_1078
6277,1CHO_EFG_I,['TI14N'],4.317520618438721,0.9974899291992188,1CHO_EFG_I,1,split_2,1CHO_EFG_I_TI14N_698
6278,4B0M_A_BM,['YM9G'],0.6292684674263,0.7497024536132812,4B0M_A_BM,1,split_2,4B0M_A_BM_YM9G_1829
6279,1BRS_A_D,"['HA100A', 'ED78A']",6.745120525360107,5.718669891357422,1BRS_A_D,2,split_2,"1BRS_A_D_HA100A,ED78A_65"
6280,2WPT_A_B,['YA52A'],5.216465950012207,4.425182342529297,2WPT_A_B,1,split_2,2WPT_A_B_YA52A_101
6281,2WPT_A_B,['NA31A'],-0.37987276911735535,0.3826713562011719,2WPT_A_B,1,split_2,2WPT_A_B_NA31A_93
6282,1JTG_A_B,"['EA79A', 'EB73M', 'KB74A']",2.0956978797912598,-0.6287765502929688,1JTG_A_B,3,split_2,"1JTG_A_B_EA79A,EB73M,KB74A_572"
6283,3M63_A_B,['DA46A'],2.234205961227417,3.422893524169922,3M63_A_B,1,split_2,3M63_A_B_DA46A_1307
6284,1BRS_A_D,"['HA100A', 'ED74A']",7.5630574226379395,5.999233245849609,1BRS_A_D,2,split_2,"1BRS_A_D_HA100A,ED74A_64"
6285,1CHO_EFG_I,['PI11T'],-0.5496550798416138,-0.08017349243164062,1CHO_EFG_I,1,split_2,1CHO_EFG_I_PI11T_846
6286,5C6T_HL_A,"['NA195A', 'DA197A']",0.5867636799812317,0.892791748046875,5C6T_HL_A,2,split_2,"5C6T_HL_A_NA195A,DA197A_2091"
6287,1BP3_A_B,['IA58A'],1.7291240692138672,1.5377388000488281,1BP3_A_B,1,split_2,1BP3_A_B_IA58A_441
6288,1DVF_AB_CD,['YC49A'],1.8614336252212524,1.0512886047363281,1DVF_AB_CD,1,split_2,1DVF_AB_CD_YC49A_169
6289,3BN9_B_CD,['DB214A'],0.5664650201797485,2.1534080505371094,3BN9_B_CD,1,split_2,3BN9_B_CD_DB214A_318
6290,4G0N_A_B,['TA35S'],2.2143898010253906,1.2060127258300781,4G0N_A_B,1,split_2,4G0N_A_B_TA35S_2383
6291,4G0N_A_B,['QB13A'],1.6457569599151611,1.1487808227539062,4G0N_A_B,1,split_2,4G0N_A_B_QB13A_2263
6292,3C60_CD_AB,['LC61A'],0.9435572624206543,0.7656173706054688,3C60_CD_AB,1,split_2,3C60_CD_AB_LC61A_1623
6293,1JTG_A_B,['WB162A'],2.185483932495117,1.1670417785644531,1JTG_A_B,1,split_2,1JTG_A_B_WB162A_1541
6294,1MLC_AB_E,"['NA92A', 'TB28D', 'SB57V', 'TB58D']",-2.740586280822754,0.8276176452636719,1MLC_AB_E,4,split_2,"1MLC_AB_E_NA92A,TB28D,SB57V,TB58D_1463"
6295,1U7F_B_AC,['RB65A'],1.7379519939422607,0.7566490173339844,1U7F_B_AC,1,split_2,1U7F_B_AC_RB65A_1739
6296,1YCS_A_B,"['MA37L', 'VA107A', 'NA143Y', 'NA172D', 'RA186W']",0.051550064235925674,-0.0689544677734375,1YCS_A_B,5,split_2,"1YCS_A_B_MA37L,VA107A,NA143Y,NA172D,RA186W_2295"
6297,1DVF_AB_CD,['DB100A'],2.7907631397247314,2.9726791381835938,1DVF_AB_CD,1,split_2,1DVF_AB_CD_DB100A_158
6298,3D5S_A_C,['AC31R'],-1.5196093320846558,-0.06329727172851562,3D5S_A_C,1,split_2,3D5S_A_C_AC31R_77
6299,4L3E_ABC_DE,"['RA65A', 'YD26A']",4.440748691558838,4.345245361328125,4L3E_ABC_DE,2,split_2,"4L3E_ABC_DE_RA65A,YD26A_1022"
6300,4G0N_A_B,['SA39A'],0.29070067405700684,-0.22195053100585938,4G0N_A_B,1,split_2,4G0N_A_B_SA39A_2276
6301,3QHY_A_B,['LB51A'],0.8163550496101379,0.9526252746582031,3QHY_A_B,1,split_2,3QHY_A_B_LB51A_1840
6302,1OGA_ABC_DE,['QE54A'],0.49543678760528564,0.336639404296875,1OGA_ABC_DE,1,split_2,1OGA_ABC_DE_QE54A_1276
6303,1CHO_EFG_I,['NI33C'],-0.11253932118415833,0.530303955078125,1CHO_EFG_I,1,split_2,1CHO_EFG_I_NI33C_958
6304,1YY9_CD_A,['NC93A'],-0.7422019243240356,0.5463333129882812,1YY9_CD_A,1,split_2,1YY9_CD_A_NC93A_1479
6305,3C60_CD_AB,['ED76A'],0.0,-0.014026641845703125,3C60_CD_AB,1,split_2,3C60_CD_AB_ED76A_1645
6306,1CHO_EFG_I,['LI15P'],8.801905632019043,8.045753479003906,1CHO_EFG_I,1,split_2,1CHO_EFG_I_LI15P_619
6307,1FCC_A_C,['WC43A'],3.773183822631836,0.6420440673828125,1FCC_A_C,1,split_2,1FCC_A_C_WC43A_577
6308,1DVF_AB_CD,['DB58A'],1.6007212400436401,-0.162567138671875,1DVF_AB_CD,1,split_2,1DVF_AB_CD_DB58A_162
6309,2PYE_ABC_DE,"['YD32D', 'QD52T', 'SD53P', 'SD54W', 'GE50A', 'AE51I', 'GE52Q']",3.1977736949920654,-1.0465545654296875,2PYE_ABC_DE,7,split_2,"2PYE_ABC_DE_YD32D,QD52T,SD53P,SD54W,GE50A,AE51I,GE52Q_1211"
6310,1CHO_EFG_I,['LI15W'],-1.6909488439559937,3.0263748168945312,1CHO_EFG_I,1,split_2,1CHO_EFG_I_LI15W_631
6311,1BRS_A_D,"['KA25A', 'WD38F']",5.1131696701049805,6.022350311279297,1BRS_A_D,2,split_2,"1BRS_A_D_KA25A,WD38F_35"
6312,3R9A_AC_B,['VA331D'],0.0,0.5112686157226562,3R9A_AC_B,1,split_2,3R9A_AC_B_VA331D_1335
6313,4JEU_A_B,['RB3A'],1.128169298171997,0.4904975891113281,4JEU_A_B,1,split_2,4JEU_A_B_RB3A_1607
6314,1GRN_A_B,['DA38E'],0.38986650109291077,1.02606201171875,1GRN_A_B,1,split_2,1GRN_A_B_DA38E_237
6315,1BRS_A_D,['RA57K'],2.488123655319214,-0.14622879028320312,1BRS_A_D,1,split_2,1BRS_A_D_RA57K_83
6316,2OI9_AQ_BC,['FQ5R'],3.1007626056671143,2.392009735107422,2OI9_AQ_BC,1,split_2,2OI9_AQ_BC_FQ5R_1238
6317,1BP3_A_B,['IA175M'],-0.1644834727048874,0.09591293334960938,1BP3_A_B,1,split_2,1BP3_A_B_IA175M_464
6318,1CHO_EFG_I,['AI12E'],0.22500719130039215,3.2968406677246094,1CHO_EFG_I,1,split_2,1CHO_EFG_I_AI12E_664
6319,1JTG_A_B,"['KB74A', 'FB142A', 'EA79A']",3.130239963531494,1.1424140930175781,1JTG_A_B,3,split_2,"1JTG_A_B_KB74A,FB142A,EA79A_364"
6320,4L3E_ABC_DE,"['YD26D', 'WE95L']",3.5434513092041016,4.182258605957031,4L3E_ABC_DE,2,split_2,"4L3E_ABC_DE_YD26D,WE95L_1018"
6321,5C6T_HL_A,['YL47A'],0.551903486251831,1.3699150085449219,5C6T_HL_A,1,split_2,5C6T_HL_A_YL47A_2102
6322,1WQJ_I_B,['RI20A'],0.6795530319213867,3.92626953125,1WQJ_I_B,1,split_2,1WQJ_I_B_RI20A_1582
6323,4G0N_A_B,"['NB18R', 'AB32K']",-1.2793906927108765,0.13993453979492188,4G0N_A_B,2,split_2,"4G0N_A_B_NB18R,AB32K_2348"
6324,2NZ9_DC_A,['DA1034A'],2.356466054916382,2.8133506774902344,2NZ9_DC_A,1,split_2,2NZ9_DC_A_DA1034A_1981
6325,1CHO_EFG_I,"['EI7D', 'AI12V', 'YI17E', 'RI18M', 'EI40D']",7.824039936065674,3.985107421875,1CHO_EFG_I,5,split_2,"1CHO_EFG_I_EI7D,AI12V,YI17E,RI18M,EI40D_1083"
6326,1CHO_EFG_I,['AI12G'],0.06601439416408539,1.0516586303710938,1CHO_EFG_I,1,split_2,1CHO_EFG_I_AI12G_651
6327,2P5E_ABC_DE,"['TD52P', 'PD53F', 'AE49S', 'IE50V', 'QE51G', 'TE52M', 'LD96T', 'LD97S', 'DD98G', 'TD100S', 'LE94V']",1.962705135345459,-0.15113067626953125,2P5E_ABC_DE,11,split_2,"2P5E_ABC_DE_TD52P,PD53F,AE49S,IE50V,QE51G,TE52M,LD96T,LD97S,DD98G,TD100S,LE94V_1202"
6328,1BRS_A_D,['EA71Y'],2.41373348236084,0.1208648681640625,1BRS_A_D,1,split_2,1BRS_A_D_EA71Y_74
6329,2GOX_A_B,['RB31A'],2.2467401027679443,0.180145263671875,2GOX_A_B,1,split_2,2GOX_A_B_RB31A_72
6330,1CHO_EFG_I,"['LI15M', 'TI27S', 'GI29D']",3.5814502239227295,1.8730201721191406,1CHO_EFG_I,3,split_2,"1CHO_EFG_I_LI15M,TI27S,GI29D_1067"
6331,3EQY_A_C,['NC8A'],-0.7492132782936096,1.08282470703125,3EQY_A_C,1,split_2,3EQY_A_C_NC8A_2392
6332,1BP3_A_B,['EA170A'],3.4931883811950684,-0.33722686767578125,1BP3_A_B,1,split_2,1BP3_A_B_EA170A_459
6333,3QHY_A_B,['NB10A'],2.2552647590637207,1.1766357421875,3QHY_A_B,1,split_2,3QHY_A_B_NB10A_1834
6334,1JTG_A_B,['EB31A'],0.8213128447532654,0.13143157958984375,1JTG_A_B,1,split_2,1JTG_A_B_EB31A_1519
6335,1MLC_AB_E,"['NA92A', 'TB28D', 'SB57V', 'TB58D', 'SA91N', 'SA93A']",-1.6111606359481812,0.6717185974121094,1MLC_AB_E,6,split_2,"1MLC_AB_E_NA92A,TB28D,SB57V,TB58D,SA91N,SA93A_1470"
6336,1YQV_HL_Y,"['RY68K', 'TY40S', 'IY55V', 'SY91T', 'QY121H']",0.10615579783916473,2.4317970275878906,1YQV_HL_Y,5,split_2,"1YQV_HL_Y_RY68K,TY40S,IY55V,SY91T,QY121H_2347"
6337,2WPT_A_B,['YA51A'],5.216465950012207,4.980155944824219,2WPT_A_B,1,split_2,2WPT_A_B_YA51A_100
6338,2P5E_ABC_DE,"['TD52Q', 'PD53S', 'WD54S', 'AE49G', 'IE50A', 'QE51G']",4.409873008728027,1.1980934143066406,2P5E_ABC_DE,6,split_2,"2P5E_ABC_DE_TD52Q,PD53S,WD54S,AE49G,IE50A,QE51G_1203"
6339,2DSQ_I_G,['RI35A'],0.6104087829589844,0.051990509033203125,2DSQ_I_G,1,split_2,2DSQ_I_G_RI35A_1956
6340,1JTG_A_B,"['FB142A', 'YB143A']",2.843151092529297,0.8503684997558594,1JTG_A_B,2,split_2,"1JTG_A_B_FB142A,YB143A_358"
6341,1FCC_A_C,['TC25A'],0.2402186095714569,0.22504425048828125,1FCC_A_C,1,split_2,1FCC_A_C_TC25A_570
6342,2WPT_A_B,"['EA23D', 'GA24T', 'AA25S', 'TA26S', 'DA29E', 'DA30L', 'NA31V', 'RA35T', 'EA36H', 'RA39E', 'LA40M']",-6.635493755340576,-4.116374969482422,2WPT_A_B,11,split_2,"2WPT_A_B_EA23D,GA24T,AA25S,TA26S,DA29E,DA30L,NA31V,RA35T,EA36H,RA39E,LA40M_140"
6343,1CHO_EFG_I,['PI11V'],-0.5496550798416138,0.03458404541015625,1CHO_EFG_I,1,split_2,1CHO_EFG_I_PI11V_845
6344,4JEU_A_B,['IB215A'],3.24170184135437,0.3400726318359375,4JEU_A_B,1,split_2,4JEU_A_B_IB215A_1606
6345,1JTG_A_B,"['TB140K', 'QB157K']",-0.396605521440506,0.0400238037109375,1JTG_A_B,2,split_2,"1JTG_A_B_TB140K,QB157K_483"
6346,1MLC_AB_E,['KB65D'],0.01855706050992012,0.2469940185546875,1MLC_AB_E,1,split_2,1MLC_AB_E_KB65D_1456
6347,1JTG_A_B,"['YB143A', 'EA79A']",1.8645553588867188,-0.2713127136230469,1JTG_A_B,2,split_2,"1JTG_A_B_YB143A,EA79A_363"
6348,1JTG_A_B,['MA104A'],0.7388210296630859,2.72686767578125,1JTG_A_B,1,split_2,1JTG_A_B_MA104A_417
6349,1QAB_ABCD_E,"['VA30M', 'VB21M', 'VC21M', 'VD21M']",-0.27507877349853516,-1.0286598205566406,1QAB_ABCD_E,4,split_2,"1QAB_ABCD_E_VA30M,VB21M,VC21M,VD21M_1158"
6350,1JTG_A_B,"['SB71A', 'SB113A']",0.45606809854507446,-0.6901130676269531,1JTG_A_B,2,split_2,"1JTG_A_B_SB71A,SB113A_452"
6351,1JTG_A_B,"['QA74A', 'WB112A']",3.537736654281616,1.18328857421875,1JTG_A_B,2,split_2,"1JTG_A_B_QA74A,WB112A_454"
6352,3M63_A_B,['FA113A'],1.7915173768997192,1.1595878601074219,3M63_A_B,1,split_2,3M63_A_B_FA113A_1316
6353,2WPT_A_B,"['EA14Q', 'FA15L', 'KA17T', 'KA18T', 'RA21N', 'EA23D', 'GA24T', 'AA25S', 'TA26S']",-0.06827136129140854,-0.6765022277832031,2WPT_A_B,9,split_2,"2WPT_A_B_EA14Q,FA15L,KA17T,KA18T,RA21N,EA23D,GA24T,AA25S,TA26S_134"
6354,1CHO_EFG_I,['TI14C'],3.32909893989563,0.8076629638671875,1CHO_EFG_I,1,split_2,1CHO_EFG_I_TI14C_692
6355,5C6T_HL_A,"['YA182A', 'NA195A', 'DA197A']",2.943742513656616,2.194286346435547,5C6T_HL_A,3,split_2,"5C6T_HL_A_YA182A,NA195A,DA197A_2092"
6356,1CHO_EFG_I,['KI10A'],0.18104250729084015,-0.12944412231445312,1CHO_EFG_I,1,split_2,1CHO_EFG_I_KI10A_880
6357,3G6D_LH_A,"['EL3V', 'GL76R', 'TL77V', 'QL78E', 'EL80G', 'TL89S', 'ML92I', 'VL93D', 'TL94K']",0.2715725898742676,-0.2984504699707031,3G6D_LH_A,9,split_2,"3G6D_LH_A_EL3V,GL76R,TL77V,QL78E,EL80G,TL89S,ML92I,VL93D,TL94K_1221"
6358,5C6T_HL_A,['RH31S'],0.31168490648269653,0.10834884643554688,5C6T_HL_A,1,split_2,5C6T_HL_A_RH31S_2096
6359,1YQV_HL_Y,"['RY68K', 'TY40S', 'IY55V', 'SY91T']",5.373005390167236,2.292011260986328,1YQV_HL_Y,4,split_2,"1YQV_HL_Y_RY68K,TY40S,IY55V,SY91T_2350"
6360,3BN9_B_CD,['IB45A'],0.8355894684791565,-0.2994041442871094,3BN9_B_CD,1,split_2,3BN9_B_CD_IB45A_297
6361,1JTG_A_B,"['RA217A', 'KA208A']",2.730074644088745,2.0724220275878906,1JTG_A_B,2,split_2,"1JTG_A_B_RA217A,KA208A_348"
6362,3EQS_A_B,['YB6A'],3.110555410385132,1.4408721923828125,3EQS_A_B,1,split_2,3EQS_A_B_YB6A_2196
6363,3M63_A_B,['YA103A'],3.650576591491699,5.1927337646484375,3M63_A_B,1,split_2,3M63_A_B_YA103A_1313
6364,1DVF_AB_CD,"['DB100A', 'HD33A']",4.14997673034668,3.817291259765625,1DVF_AB_CD,2,split_2,"1DVF_AB_CD_DB100A,HD33A_184"
6365,1CHO_EFG_I,"['EI7D', 'AI12V', 'TI14S', 'RI18M', 'NI25S', 'GI29S', 'NI33D', 'EI40D']",4.4166107177734375,0.4345207214355469,1CHO_EFG_I,8,split_2,"1CHO_EFG_I_EI7D,AI12V,TI14S,RI18M,NI25S,GI29S,NI33D,EI40D_1046"
6366,1JTG_A_B,['HB41A'],4.162887096405029,1.7348785400390625,1JTG_A_B,1,split_2,1JTG_A_B_HB41A_1748
6367,4B0M_A_BM,"['YM9G', 'YM37A']",2.2047524452209473,2.5808563232421875,4B0M_A_BM,2,split_2,"4B0M_A_BM_YM9G,YM37A_1831"
6368,1JTG_A_B,['QA74A'],0.5894072651863098,-0.086151123046875,1JTG_A_B,1,split_2,1JTG_A_B_QA74A_1555
6369,1CHO_EFG_I,['YI17L'],0.6844465732574463,1.2346611022949219,1CHO_EFG_I,1,split_2,1CHO_EFG_I_YI17L_772
6370,1MLC_AB_E,"['NA92A', 'TB28D', 'SB57V', 'TB58D', 'GB99D']",-0.20366813242435455,0.024791717529296875,1MLC_AB_E,5,split_2,"1MLC_AB_E_NA92A,TB28D,SB57V,TB58D,GB99D_1476"
6371,2C5D_A_C,"['DC61G', 'VC66A', 'GC101R']",-0.8699324131011963,1.0970726013183594,2C5D_A_C,3,split_2,"2C5D_A_C_DC61G,VC66A,GC101R_1665"
6372,1JTG_A_B,"['QA74A', 'KB74A']",4.109651565551758,0.18596649169921875,1JTG_A_B,2,split_2,"1JTG_A_B_QA74A,KB74A_456"
6373,3C60_CD_AB,['DD13A'],0.04742145910859108,-0.10900115966796875,3C60_CD_AB,1,split_2,3C60_CD_AB_DD13A_1639
6374,1QAB_ABCD_E,"['SA100E', 'SB91E', 'SC91E', 'SD91E']",1.6644362211227417,-0.06070709228515625,1QAB_ABCD_E,4,split_2,"1QAB_ABCD_E_SA100E,SB91E,SC91E,SD91E_1164"
6375,2VN5_A_B,"['SB42Q', 'TB43Q']",0.9391224384307861,0.8878860473632812,2VN5_A_B,2,split_2,"2VN5_A_B_SB42Q,TB43Q_1919"
6376,1CHO_EFG_I,['RI18G'],3.4861066341400146,1.2716484069824219,1CHO_EFG_I,1,split_2,1CHO_EFG_I_RI18G_803
6377,4CVW_A_C,['LC34W'],0.3355621099472046,-0.274658203125,4CVW_A_C,1,split_2,4CVW_A_C_LC34W_1285
6378,1CHO_EFG_I,"['AI12R', 'TI14K', 'LI15R', 'EI16S']",8.392894744873047,8.015216827392578,1CHO_EFG_I,4,split_2,"1CHO_EFG_I_AI12R,TI14K,LI15R,EI16S_1002"
6379,1BRS_A_D,['KA25A'],5.4092631340026855,4.6356658935546875,1BRS_A_D,1,split_2,1BRS_A_D_KA25A_100
6380,1CHO_EFG_I,['AI12S'],0.06601439416408539,1.3456802368164062,1CHO_EFG_I,1,split_2,1CHO_EFG_I_AI12S_652
6381,1CHO_EFG_I,['LI15I'],4.479031562805176,2.9934539794921875,1CHO_EFG_I,1,split_2,1CHO_EFG_I_LI15I_620
6382,4WND_A_B,"['RA201E', 'NA263R']",3.8573801517486572,3.1218490600585938,4WND_A_B,2,split_2,"4WND_A_B_RA201E,NA263R_1201"
6383,1CHO_EFG_I,['GI29R'],1.744794249534607,2.8545455932617188,1CHO_EFG_I,1,split_2,1CHO_EFG_I_GI29R_933
6384,1CHO_EFG_I,['LI15M'],0.3806231915950775,0.11985397338867188,1CHO_EFG_I,1,split_2,1CHO_EFG_I_LI15M_621
6385,4G0N_A_B,"['TA35A', 'NB18R']",2.0998265743255615,1.6483154296875,4G0N_A_B,2,split_2,"4G0N_A_B_TA35A,NB18R_2350"
6386,1CHO_EFG_I,['YI17R'],2.9093847274780273,3.3542518615722656,1CHO_EFG_I,1,split_2,1CHO_EFG_I_YI17R_782
6387,1AHW_AB_C,"['IC141Q', 'TC143I', 'YC145T']",3.977485179901123,0.7274208068847656,1AHW_AB_C,3,split_2,"1AHW_AB_C_IC141Q,TC143I,YC145T_50"
6388,1CHO_EFG_I,['RI18I'],2.109262228012085,-0.22528839111328125,1CHO_EFG_I,1,split_2,1CHO_EFG_I_RI18I_811
6389,1CHO_EFG_I,['GI29I'],2.3673555850982666,1.8844451904296875,1CHO_EFG_I,1,split_2,1CHO_EFG_I_GI29I_924
6390,1YY9_CD_A,['SC26P'],-0.00911482609808445,1.0591926574707031,1YY9_CD_A,1,split_2,1YY9_CD_A_SC26P_1154
6391,1JTG_A_B,"['KA208A', 'SA105A', 'RA217A', 'DB49A']",1.4909703731536865,4.0800323486328125,1JTG_A_B,4,split_2,"1JTG_A_B_KA208A,SA105A,RA217A,DB49A_335"
6392,1JTG_A_B,['SB113A'],-0.8970479965209961,-0.3740425109863281,1JTG_A_B,1,split_2,1JTG_A_B_SB113A_1533
6393,2WPT_A_B,"['FB79A', 'NA31A']",1.3522019386291504,1.8838424682617188,2WPT_A_B,2,split_2,"2WPT_A_B_FB79A,NA31A_104"
6394,2WPT_A_B,['DA30A'],-1.420204520225525,-0.3694801330566406,2WPT_A_B,1,split_2,2WPT_A_B_DA30A_2406
6395,4P23_CD_AB,['SD72A'],0.0,-0.18546676635742188,4P23_CD_AB,1,split_2,4P23_CD_AB_SD72A_2021
6396,1BRS_A_D,['ED78A'],0.5428582429885864,0.53179931640625,1BRS_A_D,1,split_2,1BRS_A_D_ED78A_32
6397,4B0M_A_BM,"['TA7G', 'MA8A']",0.4416569471359253,0.7684097290039062,4B0M_A_BM,2,split_2,"4B0M_A_BM_TA7G,MA8A_1834"
6398,1SGE_E_I,['EI13L'],-5.982758045196533,-5.732616424560547,1SGE_E_I,1,split_2,1SGE_E_I_EI13L_1017
6399,4G0N_A_B,"['RB6A', 'EA37A']",2.323566198348999,1.3549423217773438,4G0N_A_B,2,split_2,"4G0N_A_B_RB6A,EA37A_2302"
6400,1CHO_EFG_I,['PI11R'],0.39813536405563354,-0.042667388916015625,1CHO_EFG_I,1,split_2,1CHO_EFG_I_PI11R_857
6401,1JTG_A_B,"['RA217A', 'SA105A', 'DB49A']",1.2549387216567993,3.0247116088867188,1JTG_A_B,3,split_2,"1JTG_A_B_RA217A,SA105A,DB49A_328"
6402,2DSQ_I_G,['RI41A'],0.08886856585741043,1.2377090454101562,2DSQ_I_G,1,split_2,2DSQ_I_G_RI41A_1958
6403,2C5D_A_C,"['GC6S', 'DC61G', 'VC66R']",-1.2355707883834839,0.7168540954589844,2C5D_A_C,3,split_2,"2C5D_A_C_GC6S,DC61G,VC66R_1668"
6404,3BN9_B_CD,['KB221A'],0.7853204011917114,0.09848403930664062,3BN9_B_CD,1,split_2,3BN9_B_CD_KB221A_321
6405,1JTG_A_B,"['RA217A', 'DB49A']",1.1116822957992554,1.0080604553222656,1JTG_A_B,2,split_2,"1JTG_A_B_RA217A,DB49A_325"
6406,1Z7X_W_X,['EW206A'],1.018684983253479,0.5136566162109375,1Z7X_W_X,1,split_2,1Z7X_W_X_EW206A_305
6407,1Z7X_W_X,"['YW434A', 'YW437A']",7.240991592407227,5.755710601806641,1Z7X_W_X,2,split_2,"1Z7X_W_X_YW434A,YW437A_318"
6408,1CHO_EFG_I,"['EI7D', 'LI15F', 'RI18M', 'EI40D']",1.03739333152771,1.029754638671875,1CHO_EFG_I,4,split_2,"1CHO_EFG_I_EI7D,LI15F,RI18M,EI40D_1098"
6409,1WQJ_I_B,['RI54A'],0.05944105610251427,0.8962821960449219,1WQJ_I_B,1,split_2,1WQJ_I_B_RI54A_1585
6410,1JTG_A_B,['DB49A'],3.239405393600464,0.4741630554199219,1JTG_A_B,1,split_2,1JTG_A_B_DB49A_1749
6411,1CHO_EFG_I,"['AI12D', 'GI29A']",-0.8657383322715759,4.6250762939453125,1CHO_EFG_I,2,split_2,"1CHO_EFG_I_AI12D,GI29A_1054"
6412,1JTG_A_B,"['SA209A', 'SA105A', 'KA208A', 'DB49A']",0.6092560887336731,3.5628662109375,1JTG_A_B,4,split_2,"1JTG_A_B_SA209A,SA105A,KA208A,DB49A_332"
6413,2VN5_A_B,"['SB42A', 'TB43F']",0.25581035017967224,-0.6408042907714844,2VN5_A_B,2,split_2,"2VN5_A_B_SB42A,TB43F_1897"
6414,1CHO_EFG_I,['RI18D'],3.783076763153076,0.24602508544921875,1CHO_EFG_I,1,split_2,1CHO_EFG_I_RI18D_814
6415,1ACB_E_I,['LI38G'],6.118068695068359,2.410449981689453,1ACB_E_I,1,split_2,1ACB_E_I_LI38G_6
6416,4G0N_A_B,"['TB15A', 'VA45A']",1.0649688243865967,1.13140869140625,4G0N_A_B,2,split_2,"4G0N_A_B_TB15A,VA45A_2316"
6417,1JTG_A_B,"['KB74A', 'YA80A']",3.322336435317993,1.2966842651367188,1JTG_A_B,2,split_2,"1JTG_A_B_KB74A,YA80A_369"
6418,2NZ9_DC_A,['QA887A'],0.09997596591711044,0.6899452209472656,2NZ9_DC_A,1,split_2,2NZ9_DC_A_QA887A_1968
6419,4G0N_A_B,['EA31A'],0.4855044186115265,0.7813224792480469,4G0N_A_B,1,split_2,4G0N_A_B_EA31A_2271
6420,4N8V_G_ABC,['KG38A'],0.5880584716796875,0.11552810668945312,4N8V_G_ABC,1,split_2,4N8V_G_ABC_KG38A_1276
6421,1JTG_A_B,"['FB142A', 'YB143A', 'RA217A']",4.542801380157471,1.9939308166503906,1JTG_A_B,3,split_2,"1JTG_A_B_FB142A,YB143A,RA217A_391"
6422,3QDJ_ABC_DE,['LE95W'],-0.8076926469802856,-1.1096687316894531,3QDJ_ABC_DE,1,split_2,3QDJ_ABC_DE_LE95W_1005
6423,1JTG_A_B,['EA79K'],4.2353901863098145,0.9265403747558594,1JTG_A_B,1,split_2,1JTG_A_B_EA79K_314
6424,1CHO_EFG_I,['EI16T'],2.9093847274780273,1.7975082397460938,1CHO_EFG_I,1,split_2,1CHO_EFG_I_EI16T_732
6425,1MLC_AB_E,"['NA32G', 'NA92A', 'SB57V', 'TB58D']",-1.7357505559921265,2.5340499877929688,1MLC_AB_E,4,split_2,"1MLC_AB_E_NA32G,NA92A,SB57V,TB58D_1461"
6426,1QAB_ABCD_E,"['LA58H', 'LB49H', 'LC49H', 'LD49H']",-0.07190047949552536,1.3925819396972656,1QAB_ABCD_E,4,split_2,"1QAB_ABCD_E_LA58H,LB49H,LC49H,LD49H_1160"
6427,2VN5_A_B,"['SB42A', 'TB43F', 'KA127G']",0.5062000751495361,-0.8488273620605469,2VN5_A_B,3,split_2,"2VN5_A_B_SB42A,TB43F,KA127G_1908"
6428,1JTG_A_B,['RB160A'],3.590885639190674,0.5752220153808594,1JTG_A_B,1,split_2,1JTG_A_B_RB160A_1770
6429,4G0N_A_B,['RB6A'],1.6457569599151611,1.2316513061523438,4G0N_A_B,1,split_2,4G0N_A_B_RB6A_2261
6430,3C60_CD_AB,['ED2A'],0.04742145910859108,0.312042236328125,3C60_CD_AB,1,split_2,3C60_CD_AB_ED2A_1632
6431,1BP3_A_B,['RA64A'],0.3541897237300873,2.8593673706054688,1BP3_A_B,1,split_2,1BP3_A_B_RA64A_445
6432,4L3E_ABC_DE,"['YD26A', 'RA65A']",4.370967864990234,4.3138427734375,4L3E_ABC_DE,2,split_2,"4L3E_ABC_DE_YD26A,RA65A_1024"
6433,1JTG_A_B,"['KB74A', 'KA208A']",6.548087120056152,0.9797019958496094,1JTG_A_B,2,split_2,"1JTG_A_B_KB74A,KA208A_395"
6434,2VN5_A_B,"['SB42A', 'TB43F', 'MA125G', 'KA127A']",2.3420603275299072,0.5680999755859375,2VN5_A_B,4,split_2,"2VN5_A_B_SB42A,TB43F,MA125G,KA127A_1915"
6435,1JTG_A_B,"['EA85G', 'EA143G']",-0.6100000739097595,1.3519058227539062,1JTG_A_B,2,split_2,"1JTG_A_B_EA85G,EA143G_494"
6436,2C5D_A_C,['VC66A'],-0.5993249416351318,0.615875244140625,2C5D_A_C,1,split_2,2C5D_A_C_VC66A_1657
6437,1JTG_A_B,['RB160A'],3.305419921875,0.5752182006835938,1JTG_A_B,1,split_2,1JTG_A_B_RB160A_1772
6438,1JTG_A_B,['HB148A'],2.2143898010253906,0.8118438720703125,1JTG_A_B,1,split_2,1JTG_A_B_HB148A_1538
6439,1JTG_A_B,['DB49A'],2.9027695655822754,0.4741477966308594,1JTG_A_B,1,split_2,1JTG_A_B_DB49A_1751
6440,4G0N_A_B,"['FB8W', 'NB18R']",-0.2876400649547577,0.62579345703125,4G0N_A_B,2,split_2,"4G0N_A_B_FB8W,NB18R_2342"
6441,4P23_CD_AB,['PD74A'],0.09132687747478485,-0.15738677978515625,4P23_CD_AB,1,split_2,4P23_CD_AB_PD74A_2023
6442,1BP3_A_B,['QA177A'],0.0,0.3661041259765625,1BP3_A_B,1,split_2,1BP3_A_B_QA177A_466
6443,4G0N_A_B,"['VB16A', 'IA21A']",1.5513603687286377,2.6250953674316406,4G0N_A_B,2,split_2,"4G0N_A_B_VB16A,IA21A_2291"
6444,1CHO_EFG_I,"['TI14K', 'LI15R']",7.333680629730225,5.916412353515625,1CHO_EFG_I,2,split_2,"1CHO_EFG_I_TI14K,LI15R_1108"
6445,3C60_CD_AB,['TD87A'],1.1667990684509277,0.6658782958984375,3C60_CD_AB,1,split_2,3C60_CD_AB_TD87A_1651
6446,2PCB_A_B,['DA34N'],0.8213128447532654,-0.0045318603515625,2PCB_A_B,1,split_2,2PCB_A_B_DA34N_200
6447,1YY9_CD_A,['ND56A'],-0.05707155540585518,0.2636566162109375,1YY9_CD_A,1,split_2,1YY9_CD_A_ND56A_1480
6448,1CHO_EFG_I,"['EI7D', 'AI12V', 'TI14S', 'RI18M', 'NI25S', 'GI29S', 'VI39A', 'EI40D']",4.986851692199707,0.9433403015136719,1CHO_EFG_I,8,split_2,"1CHO_EFG_I_EI7D,AI12V,TI14S,RI18M,NI25S,GI29S,VI39A,EI40D_1032"
6449,4G0N_A_B,"['VB35A', 'HA27A']",0.19255085289478302,0.9983787536621094,4G0N_A_B,2,split_2,"4G0N_A_B_VB35A,HA27A_2293"
6450,5TAR_A_B,['WB88A'],0.3843208849430084,0.9151153564453125,5TAR_A_B,1,split_2,5TAR_A_B_WB88A_2340
6451,1CHO_EFG_I,['YI17S'],2.8690428733825684,3.0046463012695312,1CHO_EFG_I,1,split_2,1CHO_EFG_I_YI17S_767
6452,4JFD_ABC_DE,"['AC4G', 'GC6A']",0.07705023139715195,0.12330245971679688,4JFD_ABC_DE,2,split_2,"4JFD_ABC_DE_AC4G,GC6A_1067"
6453,4HFK_A_BD,['EB56A'],0.9423989653587341,0.2579498291015625,4HFK_A_BD,1,split_2,4HFK_A_BD_EB56A_1376
6454,3C60_CD_AB,['DC56A'],0.6982964873313904,0.7683258056640625,3C60_CD_AB,1,split_2,3C60_CD_AB_DC56A_1621
6455,1JTG_A_B,['EA79K'],2.238574743270874,0.9265327453613281,1JTG_A_B,1,split_2,1JTG_A_B_EA79K_566
6456,4UYQ_A_B,"['DB23Q', 'DB59Q', 'SB51I', 'IB52N']",4.684093475341797,3.2973403930664062,4UYQ_A_B,4,split_2,"4UYQ_A_B_DB23Q,DB59Q,SB51I,IB52N_1417"
6457,3KUD_A_B,['KB30A'],1.9539144039154053,0.18217849731445312,3KUD_A_B,1,split_2,3KUD_A_B_KB30A_2172
6458,3BN9_B_CD,['DB46A'],0.4225773811340332,-0.18441009521484375,3BN9_B_CD,1,split_2,3BN9_B_CD_DB46A_298
6459,4L3E_ABC_DE,"['YD50A', 'QA155A']",1.0905137062072754,0.45664215087890625,4L3E_ABC_DE,2,split_2,"4L3E_ABC_DE_YD50A,QA155A_1027"
6460,1MLC_AB_E,['TB31A'],0.44720688462257385,0.14187240600585938,1MLC_AB_E,1,split_2,1MLC_AB_E_TB31A_1451
6461,1JTG_A_B,"['KB74A', 'FB142A', 'SA105A']",5.161859035491943,2.4548797607421875,1JTG_A_B,3,split_2,"1JTG_A_B_KB74A,FB142A,SA105A_407"
6462,1CHO_EFG_I,['KI10H'],0.14070072770118713,-0.20673751831054688,1CHO_EFG_I,1,split_2,1CHO_EFG_I_KI10H_893
6463,1DVF_AB_CD,['HD33A'],1.8614336252212524,0.8422470092773438,1DVF_AB_CD,1,split_2,1DVF_AB_CD_HD33A_174
6464,1JTG_A_B,"['RA217A', 'SA209A']",0.7395939230918884,1.136688232421875,1JTG_A_B,2,split_2,"1JTG_A_B_RA217A,SA209A_342"
6465,5TAR_A_B,['FB13A'],0.23156951367855072,1.3541412353515625,5TAR_A_B,1,split_2,5TAR_A_B_FB13A_2336
6466,1DVF_AB_CD,['ID101A'],2.682746410369873,1.3906784057617188,1DVF_AB_CD,1,split_2,1DVF_AB_CD_ID101A_176
6467,1CHO_EFG_I,['PI11Q'],-0.727737545967102,-1.1704750061035156,1CHO_EFG_I,1,split_2,1CHO_EFG_I_PI11Q_853
6468,1MLC_AB_E,"['NA92A', 'TB28D', 'SB57V', 'TB58D', 'YB59E']",-1.466826319694519,1.5286827087402344,1MLC_AB_E,5,split_2,"1MLC_AB_E_NA92A,TB28D,SB57V,TB58D,YB59E_1468"
6469,3C60_CD_AB,['KD5A'],1.1528583765029907,1.5227470397949219,3C60_CD_AB,1,split_2,3C60_CD_AB_KD5A_1634
6470,2WPT_A_B,['QB85A'],0.9001388549804688,0.5734405517578125,2WPT_A_B,1,split_2,2WPT_A_B_QB85A_115
6471,1CHO_EFG_I,"['EI7D', 'LI15M', 'RI18M', 'GI29D', 'EI40D']",5.637726783752441,1.6388206481933594,1CHO_EFG_I,5,split_2,"1CHO_EFG_I_EI7D,LI15M,RI18M,GI29D,EI40D_1094"
6472,2SGP_E_I,['PI13L'],-8.445844650268555,-8.765968322753906,2SGP_E_I,1,split_2,2SGP_E_I_PI13L_1014
6473,3QDJ_ABC_DE,['GD28N'],0.4106564223766327,0.7842788696289062,3QDJ_ABC_DE,1,split_2,3QDJ_ABC_DE_GD28N_1014
6474,1OGA_ABC_DE,['EA154A'],0.6123905777931213,0.06151580810546875,1OGA_ABC_DE,1,split_2,1OGA_ABC_DE_EA154A_1491
6475,4G0N_A_B,['KB12M'],1.3225784301757812,0.6602210998535156,4G0N_A_B,1,split_2,4G0N_A_B_KB12M_2359
6476,1Z7X_W_X,['EW344A'],1.5615432262420654,0.08980941772460938,1Z7X_W_X,1,split_2,1Z7X_W_X_EW344A_312
6477,1YQV_HL_Y,['RY45K'],2.001080274581909,0.18138885498046875,1YQV_HL_Y,1,split_2,1YQV_HL_Y_RY45K_2344
6478,1DVF_AB_CD,"['YA49A', 'HD33A']",2.626220464706421,1.6068496704101562,1DVF_AB_CD,2,split_2,"1DVF_AB_CD_YA49A,HD33A_186"
6479,1JTG_A_B,"['KB74A', 'FB142A', 'YB143A', 'YA80A']",4.229416370391846,2.194427490234375,1JTG_A_B,4,split_2,"1JTG_A_B_KB74A,FB142A,YB143A,YA80A_375"
6480,4G0N_A_B,"['FB8W', 'NB18R', 'VB35I']",0.3632349669933319,0.11083984375,4G0N_A_B,3,split_2,"4G0N_A_B_FB8W,NB18R,VB35I_2343"
6481,1JTG_A_B,['SB71A'],-0.5428582429885864,-0.3017005920410156,1JTG_A_B,1,split_2,1JTG_A_B_SB71A_1529
6482,1CHO_EFG_I,['YI17H'],1.4301855564117432,2.2125244140625,1CHO_EFG_I,1,split_2,1CHO_EFG_I_YI17H_1074
6483,1CHO_EFG_I,['YI17D'],6.296296119689941,4.486598968505859,1CHO_EFG_I,1,split_2,1CHO_EFG_I_YI17D_776
6484,1CHO_EFG_I,['EI16N'],2.3332483768463135,1.1496810913085938,1CHO_EFG_I,1,split_2,1CHO_EFG_I_EI16N_737
6485,2NU0_E_I,['WI13L'],-1.8652080297470093,-2.486804962158203,2NU0_E_I,1,split_2,2NU0_E_I_WI13L_997
6486,1JTG_A_B,['WB112A'],2.92996883392334,0.8864173889160156,1JTG_A_B,1,split_2,1JTG_A_B_WB112A_1760
6487,1OGA_ABC_DE,['TA80A'],0.19533786177635193,0.4826087951660156,1OGA_ABC_DE,1,split_2,1OGA_ABC_DE_TA80A_1485
6488,1CZ8_HL_VW,"['LL4M', 'DH28T', 'HH31N', 'TH105K', 'YH103I', 'GH104A']",1.3641711473464966,2.1334991455078125,1CZ8_HL_VW,6,split_2,"1CZ8_HL_VW_LL4M,DH28T,HH31N,TH105K,YH103I,GH104A_1343"
6489,1ACB_E_I,['LI38P'],6.94906759262085,7.268192291259766,1ACB_E_I,1,split_2,1ACB_E_I_LI38P_8
6490,1BP3_A_B,['RA179A'],0.5674740672111511,0.6736679077148438,1BP3_A_B,1,split_2,1BP3_A_B_RA179A_467
6491,1BRS_A_D,['DA52A'],-0.8888193368911743,0.8284149169921875,1BRS_A_D,1,split_2,1BRS_A_D_DA52A_102
6492,1JTG_A_B,['YB53A'],3.400191068649292,2.3480873107910156,1JTG_A_B,1,split_2,1JTG_A_B_YB53A_1754
6493,2WPT_A_B,['DA30A'],-0.13220183551311493,-0.3694877624511719,2WPT_A_B,1,split_2,2WPT_A_B_DA30A_92
6494,4RA0_A_C,"['SC6G', 'AC66V']",0.9219698905944824,-0.7673301696777344,4RA0_A_C,2,split_2,"4RA0_A_C_SC6G,AC66V_2067"
6495,1BP3_A_B,['RA163A'],3.928029775619507,0.3614654541015625,1BP3_A_B,1,split_2,1BP3_A_B_RA163A_455
6496,1JTG_A_B,"['EA79A', 'SB113A']",1.8645553588867188,-0.6222076416015625,1JTG_A_B,2,split_2,"1JTG_A_B_EA79A,SB113A_453"
6497,2WPT_A_B,['NA31V'],-0.8970479965209961,-0.0536956787109375,2WPT_A_B,1,split_2,2WPT_A_B_NA31V_83
6498,1JTG_A_B,"['EB73M', 'KB74A']",4.294496059417725,-0.3095359802246094,1JTG_A_B,2,split_2,"1JTG_A_B_EB73M,KB74A_568"
6499,1JTG_A_B,"['EA143A', 'DB49A']",1.5050040483474731,1.7534828186035156,1JTG_A_B,2,split_2,"1JTG_A_B_EA143A,DB49A_472"
6500,3KUD_A_B,"['TA35A', 'NB16R']",1.4893616437911987,1.9255256652832031,3KUD_A_B,2,split_2,"3KUD_A_B_TA35A,NB16R_2185"
6501,1CHO_EFG_I,"['EI7D', 'AI12V', 'TI14S', 'RI18M', 'NI25S', 'GI29S', 'NI33D', 'VI38F', 'EI40D', 'TI46S']",4.233213901519775,-0.20605850219726562,1CHO_EFG_I,10,split_2,"1CHO_EFG_I_EI7D,AI12V,TI14S,RI18M,NI25S,GI29S,NI33D,VI38F,EI40D,TI46S_1047"
6502,2C0L_A_B,['QA239R'],1.4865076541900635,-0.2567176818847656,2C0L_A_B,1,split_2,2C0L_A_B_QA239R_125
6503,2WPT_A_B,"['DA29E', 'DA30L', 'NA31V', 'RA35T', 'EA36H', 'RA39E', 'LA40M']",-6.354465484619141,-3.6593055725097656,2WPT_A_B,7,split_2,"2WPT_A_B_DA29E,DA30L,NA31V,RA35T,EA36H,RA39E,LA40M_138"
6504,1AHW_AB_C,['YC145A'],3.8070473670959473,0.8207588195800781,1AHW_AB_C,1,split_2,1AHW_AB_C_YC145A_51
6505,1MLC_AB_E,"['NA92A', 'SB57V', 'TB58D']",-2.3952598571777344,0.431060791015625,1MLC_AB_E,3,split_2,"1MLC_AB_E_NA92A,SB57V,TB58D_1462"
6506,3BN9_B_CD,['TD102Q'],-0.021546082571148872,-0.42226409912109375,3BN9_B_CD,1,split_2,3BN9_B_CD_TD102Q_325
6507,1MLC_AB_E,['TB28D'],-0.1510114222764969,0.28324127197265625,1MLC_AB_E,1,split_2,1MLC_AB_E_TB28D_1450
6508,1DVF_AB_CD,['QD104A'],1.629451870918274,0.25954437255859375,1DVF_AB_CD,1,split_2,1DVF_AB_CD_QD104A_170
6509,2WPT_A_B,['SB71A'],-0.1495431363582611,-0.32622528076171875,2WPT_A_B,1,split_2,2WPT_A_B_SB71A_111
6510,1JTG_A_B,"['FB142A', 'YB143A', 'EA79A']",2.8912806510925293,1.3299484252929688,1JTG_A_B,3,split_2,"1JTG_A_B_FB142A,YB143A,EA79A_366"
6511,3BN9_B_CD,['YB141A'],1.085138201713562,0.7345085144042969,3BN9_B_CD,1,split_2,3BN9_B_CD_YB141A_312
6512,1JTG_A_B,"['KB74A', 'RA217A']",6.62026834487915,0.7934532165527344,1JTG_A_B,2,split_2,"1JTG_A_B_KB74A,RA217A_386"
6513,1DVF_AB_CD,['NB56A'],1.162959337234497,0.0514373779296875,1DVF_AB_CD,1,split_2,1DVF_AB_CD_NB56A_165
6514,3EG5_A_B,['HA104F'],-2.0854196548461914,-1.102294921875,3EG5_A_B,1,split_2,3EG5_A_B_HA104F_2296
6515,4WND_A_B,['RA201E'],2.7958486080169678,2.963550567626953,4WND_A_B,1,split_2,4WND_A_B_RA201E_1199
6516,1JTG_A_B,['EA213K'],-0.4106564223766327,0.023105621337890625,1JTG_A_B,1,split_2,1JTG_A_B_EA213K_496
6517,1BP3_A_B,['KA164A'],1.7281535863876343,0.01837921142578125,1BP3_A_B,1,split_2,1BP3_A_B_KA164A_456
6518,3QHY_A_B,['DB91A'],1.8893908262252808,1.7735252380371094,3QHY_A_B,1,split_2,3QHY_A_B_DB91A_1843
6519,3QHY_A_B,['RB246A'],0.5349057912826538,0.64990234375,3QHY_A_B,1,split_2,3QHY_A_B_RB246A_1857
6520,2VIR_AB_C,['SC115L'],3.681856870651245,-0.3487205505371094,2VIR_AB_C,1,split_2,2VIR_AB_C_SC115L_117
6521,2VN5_A_B,"['SB42A', 'TB43F', 'SA75A']",0.0,-1.0533027648925781,2VN5_A_B,3,split_2,"2VN5_A_B_SB42A,TB43F,SA75A_1902"
6522,1CHO_EFG_I,"['EI7D', 'RI18M', 'KI31R', 'EI40D']",2.4574975967407227,0.33399200439453125,1CHO_EFG_I,4,split_2,"1CHO_EFG_I_EI7D,RI18M,KI31R,EI40D_1037"
6523,2KSO_A_B,"['RA43E', 'HB20R']",-0.8213128447532654,0.7480926513671875,2KSO_A_B,2,split_2,"2KSO_A_B_RA43E,HB20R_1899"
6524,1AHW_AB_C,['TC156A'],-0.07415315508842468,0.05953216552734375,1AHW_AB_C,1,split_2,1AHW_AB_C_TC156A_54
6525,1CZ8_HL_VW,"['LL4M', 'DH28T', 'HH31N', 'YH101H', 'TH105S', 'LH72V', 'TH74V']",2.4665775299072266,2.0582542419433594,1CZ8_HL_VW,7,split_2,"1CZ8_HL_VW_LL4M,DH28T,HH31N,YH101H,TH105S,LH72V,TH74V_1348"
6526,2C5D_A_C,['GC6S'],0.09897152334451675,-0.08322906494140625,2C5D_A_C,1,split_2,2C5D_A_C_GC6S_1655
6527,1K8R_A_B,"['DA30K', 'EA31K']",0.4096648693084717,2.5573196411132812,1K8R_A_B,2,split_2,"1K8R_A_B_DA30K,EA31K_2326"
6528,1CHO_EFG_I,['GI29C'],2.5434629917144775,1.0765609741210938,1CHO_EFG_I,1,split_2,1CHO_EFG_I_GI29C_919
6529,4FTV_ABC_DE,"['ME98A', 'SE99G', 'AE100G', 'QE101R']",3.9603114128112793,1.7572097778320312,4FTV_ABC_DE,4,split_2,"4FTV_ABC_DE_ME98A,SE99G,AE100G,QE101R_1059"
6530,2C5D_A_C,['DC61G'],-0.5037813186645508,0.4566497802734375,2C5D_A_C,1,split_2,2C5D_A_C_DC61G_1656
6531,1Y3B_E_I,['SI41E'],-2.7477686405181885,-2.183330535888672,1Y3B_E_I,1,split_2,1Y3B_E_I_SI41E_14
6532,1CZ8_HL_VW,"['LL4M', 'YH54W']",0.5915803909301758,0.6380462646484375,1CZ8_HL_VW,2,split_2,"1CZ8_HL_VW_LL4M,YH54W_1350"
6533,1CHO_EFG_I,['NI33F'],2.3673555850982666,0.6740226745605469,1CHO_EFG_I,1,split_2,1CHO_EFG_I_NI33F_970
6534,1OGA_ABC_DE,['SD30A'],1.038295030593872,0.24235916137695312,1OGA_ABC_DE,1,split_2,1OGA_ABC_DE_SD30A_1284
6535,1CHO_EFG_I,['KI10W'],1.019529104232788,-0.4412384033203125,1CHO_EFG_I,1,split_2,1CHO_EFG_I_KI10W_897
6536,1CHO_EFG_I,['RI18W'],2.4394335746765137,0.060459136962890625,1CHO_EFG_I,1,split_2,1CHO_EFG_I_RI18W_821
6537,4JEU_A_B,['RA169A'],-0.4106564223766327,0.8646430969238281,4JEU_A_B,1,split_2,4JEU_A_B_RA169A_1602
6538,1YY9_CD_A,['SC54P'],-0.018372075632214546,0.3617897033691406,1YY9_CD_A,1,split_2,1YY9_CD_A_SC54P_1156
6539,1CHO_EFG_I,"['KI10T', 'PI11E', 'AI12Y', 'LI15G', 'RI18M', 'GI29P', 'NI33V']",5.884189128875732,2.9786605834960938,1CHO_EFG_I,7,split_2,"1CHO_EFG_I_KI10T,PI11E,AI12Y,LI15G,RI18M,GI29P,NI33V_1419"
6540,1BRS_A_D,['YD29A'],3.4705440998077393,1.860198974609375,1BRS_A_D,1,split_2,1BRS_A_D_YD29A_25
6541,1JTG_A_B,['MA244A'],-0.051081907004117966,0.5167922973632812,1JTG_A_B,1,split_2,1JTG_A_B_MA244A_1565
6542,1AK4_A_D,['ID91V'],0.0,0.2386627197265625,1AK4_A_D,1,split_2,1AK4_A_D_ID91V_136
6543,1CHO_EFG_I,"['EI7D', 'KI10R', 'AI12D', 'RI18M', 'EI40D']",2.4208016395568848,4.004310607910156,1CHO_EFG_I,5,split_2,"1CHO_EFG_I_EI7D,KI10R,AI12D,RI18M,EI40D_1036"
6544,2NZ9_DC_A,['HA1036A'],7.473180770874023,6.555870056152344,2NZ9_DC_A,1,split_2,2NZ9_DC_A_HA1036A_1983
6545,1JTG_A_B,['EA146K'],-0.6100000739097595,1.4583625793457031,1JTG_A_B,1,split_2,1JTG_A_B_EA146K_493
6546,3EQS_A_B,['LB10A'],3.3343615531921387,1.1343154907226562,3EQS_A_B,1,split_2,3EQS_A_B_LB10A_2200
6547,3KUD_A_B,"['KB30A', 'FB6W', 'NB16R']",1.205237627029419,0.5574684143066406,3KUD_A_B,3,split_2,"3KUD_A_B_KB30A,FB6W,NB16R_2176"
6548,1JTG_A_B,['EA143G'],-0.17043781280517578,1.5969276428222656,1JTG_A_B,1,split_2,1JTG_A_B_EA143G_490
6549,1MLC_AB_E,"['NA32G', 'NA92A']",-0.6869605183601379,2.489002227783203,1MLC_AB_E,2,split_2,"1MLC_AB_E_NA32G,NA92A_1459"
6550,1JTG_A_B,"['YB143A', 'YA80A']",1.0754432678222656,1.3672370910644531,1JTG_A_B,2,split_2,"1JTG_A_B_YB143A,YA80A_371"
6551,1BRS_A_D,['EA71A'],2.3477189540863037,1.3184814453125,1BRS_A_D,1,split_2,1BRS_A_D_EA71A_80
6552,1OGA_ABC_DE,['IE49G'],2.162247657775879,0.02545166015625,1OGA_ABC_DE,1,split_2,1OGA_ABC_DE_IE49G_1269
6553,3C60_CD_AB,['SD73A'],0.0,-0.21631240844726562,3C60_CD_AB,1,split_2,3C60_CD_AB_SD73A_1642
6554,4JEU_A_B,['LB7A'],1.1089528799057007,0.5337791442871094,4JEU_A_B,1,split_2,4JEU_A_B_LB7A_1609
6555,4P23_CD_AB,['KC76A'],0.17043781280517578,0.7601470947265625,4P23_CD_AB,1,split_2,4P23_CD_AB_KC76A_2009
6556,3C60_CD_AB,['QD4A'],1.1667990684509277,0.7378158569335938,3C60_CD_AB,1,split_2,3C60_CD_AB_QD4A_1633
6557,1JTG_A_B,"['EA79A', 'YA80A']",1.0270099639892578,1.8867645263671875,1JTG_A_B,2,split_2,"1JTG_A_B_EA79A,YA80A_376"
6558,1K8R_A_B,['DA38N'],1.896231770515442,2.330585479736328,1K8R_A_B,1,split_2,1K8R_A_B_DA38N_2331
6559,1MLC_AB_E,"['NA92A', 'TB28D', 'SB57V', 'TB58D', 'EB35S']",1.907029390335083,-0.803741455078125,1MLC_AB_E,5,split_2,"1MLC_AB_E_NA92A,TB28D,SB57V,TB58D,EB35S_1475"
6560,4P23_CD_AB,['ED78A'],0.17043781280517578,0.9300727844238281,4P23_CD_AB,1,split_2,4P23_CD_AB_ED78A_2026
6561,4JFD_ABC_DE,['AC4G'],-6.518215656280518,-7.3113555908203125,4JFD_ABC_DE,1,split_2,4JFD_ABC_DE_AC4G_1065
6562,3C60_CD_AB,['VD12A'],0.0,-0.0834197998046875,3C60_CD_AB,1,split_2,3C60_CD_AB_VD12A_1638
6563,4FTV_ABC_DE,"['EA63Q', 'DD93A', 'KA66A']",1.8550679683685303,1.4233856201171875,4FTV_ABC_DE,3,split_2,"4FTV_ABC_DE_EA63Q,DD93A,KA66A_1042"
6564,5C6T_HL_A,['FA199A'],2.7594141960144043,1.5501632690429688,5C6T_HL_A,1,split_2,5C6T_HL_A_FA199A_2093
6565,1OGA_ABC_DE,['DA61A'],0.11817597597837448,0.12441253662109375,1OGA_ABC_DE,1,split_2,1OGA_ABC_DE_DA61A_1471
6566,1CHO_EFG_I,['LI15N'],3.3570311069488525,2.7220993041992188,1CHO_EFG_I,1,split_2,1CHO_EFG_I_LI15N_622
6567,1AK4_A_D,['AD92G'],0.5810942649841309,-0.5619659423828125,1AK4_A_D,1,split_2,1AK4_A_D_AD92G_137
6568,1FCC_A_C,['NC35A'],2.365107297897339,0.2884941101074219,1FCC_A_C,1,split_2,1FCC_A_C_NC35A_574
6569,1JTG_A_B,"['KA208A', 'SA105A']",1.9795986413955688,2.218902587890625,1JTG_A_B,2,split_2,"1JTG_A_B_KA208A,SA105A_345"
6570,4FZA_A_B,['YA213A'],1.270783543586731,1.2373275756835938,4FZA_A_B,1,split_2,4FZA_A_B_YA213A_1336
6571,1CHO_EFG_I,['PI11K'],0.386518269777298,-0.12141036987304688,1CHO_EFG_I,1,split_2,1CHO_EFG_I_PI11K_852
6572,1ACB_E_I,['LI38D'],6.866745948791504,4.290370941162109,1ACB_E_I,1,split_2,1ACB_E_I_LI38D_10
6573,1GCQ_AB_C,['PC18A'],0.1208081841468811,0.5163002014160156,1GCQ_AB_C,1,split_2,1GCQ_AB_C_PC18A_38
6574,1OGA_ABC_DE,['KA66A'],-0.023952234536409378,1.3143043518066406,1OGA_ABC_DE,1,split_2,1OGA_ABC_DE_KA66A_1475
6575,4U6H_AB_E,['QE25A'],0.1188877522945404,0.49523162841796875,4U6H_AB_E,1,split_2,4U6H_AB_E_QE25A_2075
6576,1CHO_EFG_I,['KI10V'],1.2019360065460205,0.1732635498046875,1CHO_EFG_I,1,split_2,1CHO_EFG_I_KI10V_883
6577,4CVW_A_C,['RC31A'],2.077467203140259,0.5400581359863281,4CVW_A_C,1,split_2,4CVW_A_C_RC31A_1282
6578,3R9A_AC_B,['AA323W'],0.33875593543052673,-1.0935821533203125,3R9A_AC_B,1,split_2,3R9A_AC_B_AA323W_1332
6579,1BP3_A_B,"['PA48A', 'TA50A', 'SA51A', 'LA52F']",0.2461729496717453,0.59173583984375,1BP3_A_B,4,split_2,"1BP3_A_B_PA48A,TA50A,SA51A,LA52F_418"
6580,1JTG_A_B,['GA212S'],-0.26777946949005127,0.2635612487792969,1JTG_A_B,1,split_2,1JTG_A_B_GA212S_313
6581,4G0N_A_B,"['YA32C', 'CA116S']",0.7356554269790649,2.108173370361328,4G0N_A_B,2,split_2,"4G0N_A_B_YA32C,CA116S_2353"
6582,1CHO_EFG_I,['GI29M'],1.6365405321121216,1.6049079895019531,1CHO_EFG_I,1,split_2,1CHO_EFG_I_GI29M_925
6583,1JTG_A_B,"['KB74A', 'FB142A', 'KA208A']",5.830841064453125,2.173389434814453,1JTG_A_B,3,split_2,"1JTG_A_B_KB74A,FB142A,KA208A_398"
6584,1CHO_EFG_I,['NI33A'],-1.3641711473464966,-0.5125617980957031,1CHO_EFG_I,1,split_2,1CHO_EFG_I_NI33A_956
6585,1QAB_ABCD_E,"['SA85A', 'SB76A', 'SC76A', 'SD76A']",0.9150529503822327,0.23980712890625,1QAB_ABCD_E,4,split_2,"1QAB_ABCD_E_SA85A,SB76A,SC76A,SD76A_1162"
6586,1K8R_A_B,['RB13A'],2.800978183746338,-0.0148162841796875,1K8R_A_B,1,split_2,1K8R_A_B_RB13A_2320
6587,1YY9_CD_A,['SC26D'],-0.19934363663196564,0.0672760009765625,1YY9_CD_A,1,split_2,1YY9_CD_A_SC26D_1477
6588,1CHO_EFG_I,"['PI11S', 'AI12L', 'TI14K', 'LI15R']",7.297601222991943,5.196369171142578,1CHO_EFG_I,4,split_2,"1CHO_EFG_I_PI11S,AI12L,TI14K,LI15R_1001"
6589,2NZ9_DC_A,['TA1035A'],2.3874666690826416,1.1492767333984375,2NZ9_DC_A,1,split_2,2NZ9_DC_A_TA1035A_1982
6590,1JTG_A_B,['EB73A'],-0.13220183551311493,-0.4664154052734375,1JTG_A_B,1,split_2,1JTG_A_B_EB73A_1530
6591,1BP3_A_B,['QA69A'],-0.21388307213783264,0.097076416015625,1BP3_A_B,1,split_2,1BP3_A_B_QA69A_449
6592,1OGA_ABC_DE,['KA68A'],0.24835985898971558,-0.4128074645996094,1OGA_ABC_DE,1,split_2,1OGA_ABC_DE_KA68A_1477
6593,1AHW_AB_C,"['SC184A', 'RC185A']",4.018360137939453,0.5789031982421875,1AHW_AB_C,2,split_2,"1AHW_AB_C_SC184A,RC185A_59"
6594,1OGA_ABC_DE,['QA43A'],-0.023952234536409378,0.7162513732910156,1OGA_ABC_DE,1,split_2,1OGA_ABC_DE_QA43A_1469
6595,1OGA_ABC_DE,['QE54E'],0.0,-0.20379638671875,1OGA_ABC_DE,1,split_2,1OGA_ABC_DE_QE54E_1277
6596,1CHO_EFG_I,['LI15D'],7.201478481292725,5.851615905761719,1CHO_EFG_I,1,split_2,1CHO_EFG_I_LI15D_623
6597,3QDJ_ABC_DE,['DD26Y'],-1.3372368812561035,-1.8815193176269531,3QDJ_ABC_DE,1,split_2,3QDJ_ABC_DE_DD26Y_1003
6598,1JTG_A_B,['SA105A'],0.7919731140136719,1.6199150085449219,1JTG_A_B,1,split_2,1JTG_A_B_SA105A_338
6599,1JTG_A_B,"['KB74A', 'FB142A', 'RA217A']",5.496315956115723,1.8623809814453125,1JTG_A_B,3,split_2,"1JTG_A_B_KB74A,FB142A,RA217A_389"
6600,2WPT_A_B,['RB47A'],1.1343426704406738,0.9824714660644531,2WPT_A_B,1,split_2,2WPT_A_B_RB47A_106
6601,1CHO_EFG_I,['NI33T'],-1.29815673828125,0.08588027954101562,1CHO_EFG_I,1,split_2,1CHO_EFG_I_NI33T_960
6602,1CHO_EFG_I,"['EI7D', 'AI12V', 'EI16D', 'RI18M', 'GI29S', 'EI40D', 'LI45I', 'KI52R']",5.522698879241943,0.5691719055175781,1CHO_EFG_I,8,split_2,"1CHO_EFG_I_EI7D,AI12V,EI16D,RI18M,GI29S,EI40D,LI45I,KI52R_1090"
6603,2WPT_A_B,['DA30L'],-3.403402328491211,-0.8367958068847656,2WPT_A_B,1,split_2,2WPT_A_B_DA30L_82
6604,2P5E_ABC_DE,"['YD32D', 'TD52Q', 'PD53S', 'WD54S', 'AE49G', 'IE50A', 'QE51G', 'TE52I', 'LD96T', 'LD97S', 'DD98G', 'TD100S', 'LE94V']",7.778084754943848,0.6214103698730469,2P5E_ABC_DE,13,split_2,"2P5E_ABC_DE_YD32D,TD52Q,PD53S,WD54S,AE49G,IE50A,QE51G,TE52I,LD96T,LD97S,DD98G,TD100S,LE94V_1205"
6605,1CHO_EFG_I,"['YI8H', 'EI16D', 'LI20I', 'NI25S', 'GI29S', 'NI33D', 'VI39M', 'EI40D']",0.14070072770118713,1.0525779724121094,1CHO_EFG_I,8,split_2,"1CHO_EFG_I_YI8H,EI16D,LI20I,NI25S,GI29S,NI33D,VI39M,EI40D_1086"
6606,2C0L_A_B,['NA48A'],0.6877506375312805,0.5915718078613281,2C0L_A_B,1,split_2,2C0L_A_B_NA48A_124
6607,1OGA_ABC_DE,['DE28A'],1.5732008218765259,1.2287025451660156,1OGA_ABC_DE,1,split_2,1OGA_ABC_DE_DE28A_1264
6608,4G0N_A_B,['RA41A'],-0.10772061347961426,0.9748420715332031,4G0N_A_B,1,split_2,4G0N_A_B_RA41A_2376
6609,4G0N_A_B,['VB16A'],1.8089699745178223,1.3010101318359375,4G0N_A_B,1,split_2,4G0N_A_B_VB16A_2362
6610,1WQJ_I_B,['RI55A'],0.40239912271499634,1.7692527770996094,1WQJ_I_B,1,split_2,1WQJ_I_B_RI55A_1586
6611,1CHO_EFG_I,"['EI7D', 'RI18M', 'LI20F', 'NI25S', 'GI29S', 'EI40D']",2.669166088104248,0.5230522155761719,1CHO_EFG_I,6,split_2,"1CHO_EFG_I_EI7D,RI18M,LI20F,NI25S,GI29S,EI40D_1080"
6612,3QDJ_ABC_DE,['TE99F'],-0.27570536732673645,-0.16140365600585938,3QDJ_ABC_DE,1,split_2,3QDJ_ABC_DE_TE99F_1007
6613,2VN5_A_B,"['SB42A', 'TB43F', 'TA35A', 'NA37A']",1.6314117908477783,0.5765266418457031,2VN5_A_B,4,split_2,"2VN5_A_B_SB42A,TB43F,TA35A,NA37A_1909"
6614,3BN9_B_CD,['DB91A'],6.698209762573242,0.28253936767578125,3BN9_B_CD,1,split_2,3BN9_B_CD_DB91A_307
6615,4G0N_A_B,['NB11A'],1.5063303709030151,0.09862899780273438,4G0N_A_B,1,split_2,4G0N_A_B_NB11A_2360
6616,1JTG_A_B,"['QA74A', 'FB142A']",2.819136619567871,1.9573516845703125,1JTG_A_B,2,split_2,"1JTG_A_B_QA74A,FB142A_457"
6617,1BP3_A_B,['SA184A'],-0.2966853082180023,-0.2638397216796875,1BP3_A_B,1,split_2,1BP3_A_B_SA184A_472
6618,1AHW_AB_C,['TC186A'],1.346484661102295,0.15154266357421875,1AHW_AB_C,1,split_2,1AHW_AB_C_TC186A_60
6619,1YY9_CD_A,['TC31E'],-0.5191569924354553,1.9949073791503906,1YY9_CD_A,1,split_2,1YY9_CD_A_TC31E_1478
6620,1JTG_A_B,"['QA74A', 'WB150A']",3.8236682415008545,1.5753288269042969,1JTG_A_B,2,split_2,"1JTG_A_B_QA74A,WB150A_435"
6621,1JTG_A_B,['DB163K'],-1.982764482498169,-0.212860107421875,1JTG_A_B,1,split_2,1JTG_A_B_DB163K_482
6622,1SBN_E_I,['RI38K'],-0.30999940633773804,-0.4485969543457031,1SBN_E_I,1,split_2,1SBN_E_I_RI38K_0
6623,1OGA_ABC_DE,['TA73A'],0.8486196398735046,0.967742919921875,1OGA_ABC_DE,1,split_2,1OGA_ABC_DE_TA73A_1481
6624,1CHO_EFG_I,['TI14F'],4.233213901519775,0.41252899169921875,1CHO_EFG_I,1,split_2,1CHO_EFG_I_TI14F_704
6625,1JTG_A_B,['MA104A'],1.5096182823181152,2.7268753051757812,1JTG_A_B,1,split_2,1JTG_A_B_MA104A_1563
6626,1DVF_AB_CD,['DB58A'],1.6007212400436401,-0.1625518798828125,1DVF_AB_CD,1,split_2,1DVF_AB_CD_DB58A_155
6627,4L3E_ABC_DE,"['RA65A', 'YE48A']",3.809299945831299,2.0538711547851562,4L3E_ABC_DE,2,split_2,"4L3E_ABC_DE_RA65A,YE48A_1021"
6628,4P23_CD_AB,['YD69A'],0.2402186095714569,0.06843185424804688,4P23_CD_AB,1,split_2,4P23_CD_AB_YD69A_2020
6629,4G0N_A_B,['NB11A'],0.09720733761787415,0.09862899780273438,4G0N_A_B,1,split_2,4G0N_A_B_NB11A_2262
6630,1JTG_A_B,['YB50A'],-2.261219024658203,-1.2344436645507812,1JTG_A_B,1,split_2,1JTG_A_B_YB50A_1526
6631,5C6T_HL_A,['TA185A'],0.3380204439163208,0.8038673400878906,5C6T_HL_A,1,split_2,5C6T_HL_A_TA185A_2086
6632,2O3B_A_B,['WB76A'],4.073703765869141,1.7260017395019531,2O3B_A_B,1,split_2,2O3B_A_B_WB76A_222
6633,4G0N_A_B,['RB14A'],1.9372704029083252,1.5076370239257812,4G0N_A_B,1,split_2,4G0N_A_B_RB14A_2264
6634,1JTG_A_B,"['EA85V', 'EA143G']",-0.7422019243240356,1.6601371765136719,1JTG_A_B,2,split_2,"1JTG_A_B_EA85V,EA143G_495"
6635,4G0N_A_B,"['FB8W', 'VB16E', 'NB18R', 'VB35I']",1.8187329769134521,1.6477203369140625,4G0N_A_B,4,split_2,"4G0N_A_B_FB8W,VB16E,NB18R,VB35I_2345"
6636,1YQV_HL_Y,"['RY68K', 'TY40S', 'IY55V', 'SY91T', 'QY121H']",0.0,2.431781768798828,1YQV_HL_Y,5,split_2,"1YQV_HL_Y_RY68K,TY40S,IY55V,SY91T,QY121H_2348"
6637,1BP3_A_B,['RA174A'],1.1502879858016968,2.2743186950683594,1BP3_A_B,1,split_2,1BP3_A_B_RA174A_462
6638,1AHW_AB_C,"['KC158A', 'NC160A', 'NC162A']",4.074826717376709,0.9993782043457031,1AHW_AB_C,3,split_2,"1AHW_AB_C_KC158A,NC160A,NC162A_55"
6639,1CHO_EFG_I,"['AI12V', 'TI14S']",3.6101016998291016,0.5212593078613281,1CHO_EFG_I,2,split_2,"1CHO_EFG_I_AI12V,TI14S_1102"
6640,1JTG_A_B,"['EA79A', 'SB113A', 'SB71A']",2.581045150756836,-1.1468505859375,1JTG_A_B,3,split_2,"1JTG_A_B_EA79A,SB113A,SB71A_476"
6641,1BRS_A_D,"['RA57A', 'WD38F']",6.2779974937438965,1.1413497924804688,1BRS_A_D,2,split_2,"1BRS_A_D_RA57A,WD38F_42"
6642,3BN9_B_CD,['NB90A'],0.7736906409263611,-0.0976104736328125,3BN9_B_CD,1,split_2,3BN9_B_CD_NB90A_306
6643,1BRS_A_D,['DD39A'],5.935123443603516,2.0788726806640625,1BRS_A_D,1,split_2,1BRS_A_D_DD39A_96
6644,3C60_CD_AB,['DD86A'],0.04742145910859108,0.04763031005859375,3C60_CD_AB,1,split_2,3C60_CD_AB_DD86A_1650
6645,1CHO_EFG_I,['TI14R'],3.884089708328247,2.868976593017578,1CHO_EFG_I,1,split_2,1CHO_EFG_I_TI14R_705
6646,5C6T_HL_A,['NH97A'],1.5265793800354004,0.87139892578125,5C6T_HL_A,1,split_2,5C6T_HL_A_NH97A_2098
6647,2QJ9_AB_C,"['AC43T', 'MC47L', 'KC48G', 'YC49L', 'GC11H', 'DC15E', 'AC30T', 'IC31M']",0.4228723645210266,0.3052520751953125,2QJ9_AB_C,8,split_2,"2QJ9_AB_C_AC43T,MC47L,KC48G,YC49L,GC11H,DC15E,AC30T,IC31M_308"
6648,1JTG_A_B,"['SA105A', 'DB49A']",1.384631872177124,2.2887229919433594,1JTG_A_B,2,split_2,"1JTG_A_B_SA105A,DB49A_323"
6649,1JTG_A_B,['GB141A'],1.8707118034362793,-0.27099609375,1JTG_A_B,1,split_2,1JTG_A_B_GB141A_1784
6650,1CHO_EFG_I,['TI14Y'],4.4731364250183105,0.5394515991210938,1CHO_EFG_I,1,split_2,1CHO_EFG_I_TI14Y_706
6651,4UYQ_A_B,"['IB15S', 'NB16I', 'SB51I', 'IB52N']",0.21131277084350586,0.3904380798339844,4UYQ_A_B,4,split_2,"4UYQ_A_B_IB15S,NB16I,SB51I,IB52N_1411"
6652,1JTG_A_B,['EA85A'],4.0619282722473145,0.36243438720703125,1JTG_A_B,1,split_2,1JTG_A_B_EA85A_416
6653,1BP3_A_B,['HA18A'],2.9120941162109375,-0.0957794189453125,1BP3_A_B,1,split_2,1BP3_A_B_HA18A_432
6654,4G0N_A_B,"['RB6A', 'EA31A']",2.1297554969787598,2.0890045166015625,4G0N_A_B,2,split_2,"4G0N_A_B_RB6A,EA31A_2294"
6655,1OGA_ABC_DE,['KA146A'],1.9311250448226929,0.6991386413574219,1OGA_ABC_DE,1,split_2,1OGA_ABC_DE_KA146A_1486
6656,4P23_CD_AB,['DD85A'],0.09132687747478485,0.01920318603515625,4P23_CD_AB,1,split_2,4P23_CD_AB_DD85A_2029
6657,1BRS_A_D,['HA100A'],6.1457953453063965,5.9607391357421875,1BRS_A_D,1,split_2,1BRS_A_D_HA100A_23
6658,1CHO_EFG_I,['PI11M'],-0.8281096816062927,-0.3939476013183594,1CHO_EFG_I,1,split_2,1CHO_EFG_I_PI11M_849
6659,1BP3_A_B,['TA171S'],0.4942387044429779,1.6946144104003906,1BP3_A_B,1,split_2,1BP3_A_B_TA171S_460
6660,5C6T_HL_A,['SH32A'],-0.8687343001365662,0.22637557983398438,5C6T_HL_A,1,split_2,5C6T_HL_A_SH32A_2097
6661,1JTG_A_B,['KB74A'],3.8236682415008545,-0.14117431640625,1JTG_A_B,1,split_2,1JTG_A_B_KB74A_426
6662,1CHO_EFG_I,['PI11H'],-0.11253932118415833,-0.7193183898925781,1CHO_EFG_I,1,split_2,1CHO_EFG_I_PI11H_855
6663,4B0M_A_BM,['PM99A'],1.9157778024673462,0.3938140869140625,4B0M_A_BM,1,split_2,4B0M_A_BM_PM99A_1826
6664,2PCB_A_B,['AA193F'],0.7336772680282593,-0.8469696044921875,2PCB_A_B,1,split_2,2PCB_A_B_AA193F_199
6665,1JTG_A_B,"['SA209A', 'KA208A']",2.0937232971191406,1.672119140625,1JTG_A_B,2,split_2,"1JTG_A_B_SA209A,KA208A_344"
6666,4CVW_A_C,['LC34G'],2.728342294692993,0.07204818725585938,4CVW_A_C,1,split_2,4CVW_A_C_LC34G_1284
6667,4UYQ_A_B,"['NB16I', 'SB51I']",4.04860782623291,2.4771270751953125,4UYQ_A_B,2,split_2,"4UYQ_A_B_NB16I,SB51I_1414"
6668,2WPT_A_B,"['EA14Q', 'FA15L', 'KA17T', 'KA18T', 'RA21N', 'EA23D', 'GA24T', 'AA25S', 'TA26S', 'DA29E', 'DA30L', 'NA31V', 'RA35T', 'EA36H', 'RA39E', 'LA40M']",-8.57586669921875,-5.160270690917969,2WPT_A_B,16,split_2,"2WPT_A_B_EA14Q,FA15L,KA17T,KA18T,RA21N,EA23D,GA24T,AA25S,TA26S,DA29E,DA30L,NA31V,RA35T,EA36H,RA39E,LA40M_144"
6669,4N8V_G_ABC,['YG124A'],0.12034162133932114,0.42522430419921875,4N8V_G_ABC,1,split_2,4N8V_G_ABC_YG124A_1278
6670,1CHO_EFG_I,['EI16V'],2.4394335746765137,0.8960762023925781,1CHO_EFG_I,1,split_2,1CHO_EFG_I_EI16V_731
6671,1CZ8_HL_VW,"['LL4M', 'DH28T', 'YH101H', 'TH105S']",1.032625675201416,1.4607963562011719,1CZ8_HL_VW,4,split_2,"1CZ8_HL_VW_LL4M,DH28T,YH101H,TH105S_1353"
6672,1CHO_EFG_I,['YI17K'],3.1654322147369385,3.6842269897460938,1CHO_EFG_I,1,split_2,1CHO_EFG_I_YI17K_777
6673,1CHO_EFG_I,"['AI12T', 'LI15M']",0.9234814643859863,0.5542182922363281,1CHO_EFG_I,2,split_2,"1CHO_EFG_I_AI12T,LI15M_1066"
6674,2WPT_A_B,['EA27A'],1.733952522277832,0.6281776428222656,2WPT_A_B,1,split_2,2WPT_A_B_EA27A_91
6675,3N4I_A_B,['EA79D'],4.384282112121582,0.5060462951660156,3N4I_A_B,1,split_2,3N4I_A_B_EA79D_416
6676,1BRS_A_D,['DD35A'],4.503169536590576,4.434391021728516,1BRS_A_D,1,split_2,1BRS_A_D_DD35A_26
6677,1BRS_A_D,"['RA57A', 'YD29A']",8.122605323791504,2.2404136657714844,1BRS_A_D,2,split_2,"1BRS_A_D_RA57A,YD29A_40"
6678,1CHO_EFG_I,['AI12M'],0.14070072770118713,-0.6727218627929688,1CHO_EFG_I,1,split_2,1CHO_EFG_I_AI12M_659
6679,1MLC_AB_E,"['NA92A', 'TB28D', 'SB57V', 'TB58D', 'SB30G']",-2.359523296356201,0.9818229675292969,1MLC_AB_E,5,split_2,"1MLC_AB_E_NA92A,TB28D,SB57V,TB58D,SB30G_1467"
6680,1MLC_AB_E,['NA32G'],-0.8777795433998108,2.436695098876953,1MLC_AB_E,1,split_2,1MLC_AB_E_NA32G_1448
6681,5C6T_HL_A,['YH104A'],0.3632349669933319,1.5253334045410156,5C6T_HL_A,1,split_2,5C6T_HL_A_YH104A_2101
6682,4G0N_A_B,"['RB6A', 'IA36A']",4.257757186889648,1.9859848022460938,4G0N_A_B,2,split_2,"4G0N_A_B_RB6A,IA36A_2299"
6683,3M63_A_B,['EA55A'],0.34635159373283386,0.8065109252929688,3M63_A_B,1,split_2,3M63_A_B_EA55A_1310
6684,1JTG_A_B,['VA190A'],-0.5828139781951904,-0.3010101318359375,1JTG_A_B,1,split_2,1JTG_A_B_VA190A_1564
6685,1BP3_A_B,['RA19A'],0.0,0.18954086303710938,1BP3_A_B,1,split_2,1BP3_A_B_RA19A_433
6686,1BRS_A_D,"['RA81Q', 'TD42A']",6.107559680938721,1.6091842651367188,1BRS_A_D,2,split_2,"1BRS_A_D_RA81Q,TD42A_50"
6687,1CHO_EFG_I,"['LI15M', 'SI48N', 'HI49R', 'KI52Q']",0.272369384765625,-0.244781494140625,1CHO_EFG_I,4,split_2,"1CHO_EFG_I_LI15M,SI48N,HI49R,KI52Q_1069"
6688,1OGA_ABC_DE,['EA58A'],0.11265619844198227,-0.06974029541015625,1OGA_ABC_DE,1,split_2,1OGA_ABC_DE_EA58A_1470
6689,2WPT_A_B,['SB70A'],-0.6116429567337036,-0.21882247924804688,2WPT_A_B,1,split_2,2WPT_A_B_SB70A_110
6690,1CHO_EFG_I,['PI11W'],-0.20842353999614716,-1.1412925720214844,1CHO_EFG_I,1,split_2,1CHO_EFG_I_PI11W_859
6691,1CHO_EFG_I,['GI29D'],3.1089653968811035,1.7921485900878906,1CHO_EFG_I,1,split_2,1CHO_EFG_I_GI29D_927
6692,1CHO_EFG_I,['NI33Y'],2.5661070346832275,0.7805404663085938,1CHO_EFG_I,1,split_2,1CHO_EFG_I_NI33Y_972
6693,1JTG_A_B,['YB53A'],2.2143898010253906,2.34808349609375,1JTG_A_B,1,split_2,1JTG_A_B_YB53A_1528
